value_w,momentum_w,quality_w,growth_w,total_return,annualized_return,sharpe_ratio,max_drawdown,win_rate,profit_factor,total_trades,final_value
0.35,0.25,0.125,0.275,337.6825111610047,5.457255977402307,12.246396958003217,0.2887195172915936,0.47477477477477475,1.7497887922750874,2220,16934125558.050236
0.25,0.3,0.225,0.225,288.8666710817537,5.143332541691139,11.65374461299468,0.1893067150850157,0.5088757396449705,1.6818582687284105,1690,14493333554.087685
0.2,0.35,0.15,0.3,303.6906823869138,5.242232108180732,11.639846469140544,0.19713539817090317,0.46712662337662336,1.5787789931395066,2464,15234534119.345692
0.375,0.325,0.05,0.25,394.0352856941743,5.783461904616718,11.419484188893232,0.3880160821516018,0.4615067929188967,1.7022217969527402,2429,19751764284.708717
0.35,0.275,0.125,0.25,287.7446028754431,5.135707835910723,11.346317670509109,0.2986334530442726,0.4768331084120558,1.8022041989829443,2223,14437230143.772154
0.25,0.375,0.15,0.225,287.75489966499543,5.1357778964018515,11.213623041984354,0.2759804401867499,0.47307692307692306,1.6283540389657918,2340,14437744983.249773
0.175,0.4,0.125,0.3,294.82695666978873,5.183501204346442,11.210909065616494,0.22452317890165535,0.44641564083997104,1.46647793019675,2762,14791347833.489437
0.3,0.2,0.2,0.3,228.1011027623155,4.697554652020726,11.206013931548112,0.17583165229451686,0.49016100178890876,1.7150090497114905,1677,11455055138.115774
0.375,0.275,0.125,0.225,256.2194278339452,4.912718857823637,11.158770340326756,0.2686773151041061,0.47862453531598514,1.7169764692532348,2152,12860971391.69726
0.25,0.325,0.225,0.2,243.79787843965562,4.819746948648783,11.10507677160829,0.15179118322783133,0.5095619987661937,1.78822807273536,1621,12239893921.98278
0.225,0.4,0.075,0.3,307.5298365085568,5.267310009165138,11.069749220141645,0.23611701191582632,0.44741801733886166,1.552730274655589,2653,15426491825.42784
0.35,0.225,0.125,0.3,235.01324612171604,4.752042254799199,10.995223237994566,0.2688014757034978,0.47584320875113945,1.625011884271677,2194,11800662306.085802
0.325,0.3,0.125,0.25,282.6097251329022,5.100555820597043,10.988007953060759,0.34353974089629974,0.46174142480211083,1.6876302334011948,2274,14180486256.645111
0.375,0.225,0.1,0.3,258.69352112935417,4.9308702850465815,10.980471673014575,0.2925849057017536,0.47375565610859727,1.650854971384558,2210,12984676056.467709
0.4,0.25,0.125,0.225,249.1242587721552,4.859997282225849,10.914702213473024,0.28398541618056306,0.4819451131439576,1.6613603295591894,2077,12506212938.60776
0.3,0.325,0.2,0.175,217.36503934899307,4.610662680218061,10.903524539275123,0.193493861624089,0.4924192485168095,1.6483378256218562,1517,10918251967.449654
0.325,0.3,0.1,0.275,312.2543352361886,5.297881632511318,10.869730560698823,0.36835511188512027,0.4637742207245156,1.7346361503013636,2374,15662716761.80943
0.325,0.275,0.125,0.275,264.7593185068926,4.9748805586405656,10.805905852794075,0.3161021754030903,0.466171977302488,1.6381175924249944,2291,13287965925.344631
0.325,0.25,0.125,0.3,245.7671928339127,4.834697372466551,10.754760285655118,0.3203797890632487,0.46630968317715304,1.5908772187769762,2241,12338359641.695635
0.4,0.325,0.05,0.225,319.1462710911974,5.341921321835804,10.705782964228538,0.38795798529514236,0.4571547420965058,1.5918536783543842,2404,16007313554.55987
0.25,0.25,0.225,0.275,223.58283182791428,4.6613309120193405,10.66308828673513,0.18594508362719647,0.49419279907084784,1.7095541370523137,1722,11229141591.395714
0.25,0.4,0.05,0.3,282.9257475250037,5.102731663500031,10.651459853924582,0.24042610635483416,0.4470850352766432,1.4899890134786855,2693,14196287376.250185
0.3,0.25,0.2,0.25,202.35072973450005,4.48413213471548,10.632523934062105,0.21612953091109013,0.5111940298507462,1.5770085100126163,1608,10167536486.725002
0.25,0.35,0.15,0.25,260.07342277676156,4.940943045451645,10.630951884176392,0.38627986209087967,0.46658206429780036,1.514705602419292,2364,13053671138.83808
0.25,0.425,0.05,0.275,283.1074940124339,5.103982259003452,10.579939979459594,0.2376276290519731,0.44699777613046704,1.5381029698636375,2698,14205374700.621696
0.3,0.325,0.1,0.275,291.18245310709653,5.159005593287436,10.56296045994622,0.3344795097859169,0.4640768588137009,1.6176405932636955,2394,14609122655.354826
0.35,0.3,0.125,0.225,222.94421970074018,4.656171203404531,10.468829542056726,0.2597530831782023,0.4708803611738149,1.6615528730985338,2215,11197210985.037008
0.375,0.375,0.05,0.2,290.99476658655885,5.157738495287197,10.443830092734398,0.31092073076077725,0.4619520264681555,1.5381824043060432,2418,14599738329.327942
0.15,0.4,0.175,0.275,238.18622061495543,4.776691512625391,10.434835592578724,0.2479333206606995,0.46261682242990654,1.4213985015182704,2568,11959311030.747772
0.3,0.3,0.125,0.275,237.43222545998475,4.770854329865535,10.404158870585253,0.3455151822254602,0.46635030198446936,1.598221796691547,2318,11921611272.999237
0.225,0.325,0.175,0.275,239.29364835095657,4.78524221904824,10.375929906062733,0.36533815915138235,0.4769707705934455,1.6921288112388162,2258,12014682417.547829
0.2,0.5,0.025,0.275,267.46479911116114,4.994290049012553,10.353740059460334,0.23564874360064478,0.4400728597449909,1.5569031498497075,2745,13423239955.558056
0.3,0.325,0.125,0.25,233.49762568207433,4.740188599643475,10.341825674068316,0.3545686668672527,0.47005601034037053,1.6341437139165544,2321,11724881284.103716
0.2,0.475,0.025,0.3,260.17856848994734,4.941709084068342,10.333276267665664,0.2358254443453525,0.44086799276672695,1.504202292941561,2765,13058928424.497366
0.275,0.3,0.125,0.3,247.3249922718367,4.846466348469026,10.324728929483106,0.3363777113805049,0.46686365555086534,1.5188426773803883,2369,12416249613.591835
0.2,0.45,0.05,0.3,249.03503552873732,4.859327863157285,10.312737346295485,0.24352958954874018,0.4452231648838067,1.5138133370879352,2711,12501751776.436867
0.375,0.225,0.125,0.275,188.9011635857872,4.36527606807424,10.292023801726856,0.2449021754819358,0.4867924528301887,1.6756336109427827,2120,9495058179.28936
0.25,0.45,0.05,0.25,259.86523609709434,4.939425683385639,10.284108175078398,0.23617066750232,0.4408921933085502,1.4590207117083898,2690,13043261804.854717
0.225,0.45,0.025,0.3,264.59642531565976,4.973707661392929,10.279780718612068,0.24063523094570782,0.4429505813953488,1.5466446101430262,2752,13279821265.782988
0.4,0.25,0.15,0.2,152.22453746281957,4.008980573899552,10.270841077079973,0.16480456815874242,0.498546511627907,1.8373870363356,1376,7661226873.140979
0.15,0.375,0.175,0.3,225.38778547411286,4.675860428855083,10.245616971975283,0.24323190748210022,0.4604704974932511,1.453823737117443,2593,11319389273.705643
0.325,0.325,0.1,0.25,253.87349214991593,4.895397716826397,10.2354967626283,0.3638746839460778,0.4584203928123694,1.6826311133029688,2393,12743674607.495796
0.225,0.45,0.1,0.225,246.21935611554355,4.838118598157632,10.232678044741506,0.24093475395664668,0.44862627022958224,1.550555612643639,2657,12360967805.777178
0.25,0.275,0.225,0.25,188.0510498851784,4.3575736116977755,10.197951494400623,0.1942532857540036,0.4988235294117647,1.7022715451562422,1700,9452552494.25892
0.225,0.425,0.075,0.275,250.47185803022725,4.870088289612346,10.197735993553037,0.24031494106585213,0.44819819819819817,1.5152053856368284,2664,12573592901.511362
0.3,0.3,0.2,0.2,166.67576327522212,4.1556418036618625,10.104411385701983,0.1599089386231874,0.50293542074364,1.6651127128419272,1533,8383788163.7611065
0.25,0.4,0.075,0.275,243.86537414024858,4.820260705555452,10.102496536764242,0.21581114534241275,0.4481060606060606,1.5537856781629131,2640,12243268707.012428
0.25,0.3,0.15,0.3,236.37364479427688,4.762637932363423,10.084899376783143,0.34748742901923346,0.47478632478632476,1.5029389837740128,2340,11868682239.713844
0.175,0.375,0.15,0.3,216.4659215992443,4.603255000144984,10.070060391180201,0.291819080209291,0.4565052950075643,1.4419037150572898,2644,10873296079.962215
0.2,0.425,0.075,0.3,236.9184765858637,4.766869863307666,10.025567070304602,0.2206824031270305,0.440852314474651,1.4438113097504475,2722,11895923829.293184
0.4,0.35,0.05,0.2,260.58941402011436,4.944700288927387,10.015005853976804,0.3846547397963888,0.4638704318936877,1.6198087226633542,2408,13079470701.005718
0.275,0.3,0.15,0.275,216.66992775432718,4.6049375960513625,10.011418944383559,0.4204085979602809,0.46904969485614645,1.5646826385194854,2294,10883496387.716358
0.15,0.4,0.15,0.3,210.70856006096923,4.55532057085409,9.999132115639378,0.20964127151145537,0.451915852742299,1.4115889759035716,2662,10585428003.048462
0.25,0.375,0.075,0.3,238.74933667976865,4.7810428176821445,9.985348557488042,0.218438963230341,0.44646924829157175,1.4887685219556126,2634,11987466833.988432
0.3,0.225,0.2,0.275,169.73866142275818,4.185612259491504,9.97692213768094,0.19946787305550404,0.49609140108238126,1.6888997435600364,1663,8536933071.137909
0.2,0.5,0.05,0.25,224.18703023093747,4.6662033985936455,9.906002628761437,0.23484148657928836,0.44575211474806914,1.5455024635444747,2719,11259351511.546873
0.225,0.425,0.05,0.3,229.88327553079898,4.711709072679031,9.89630699387955,0.24273513569225827,0.44728079911209767,1.458666354623039,2703,11544163776.53995
0.3,0.275,0.2,0.225,160.89527528153732,4.098049891316481,9.892157586439328,0.17146370989508983,0.5044929396662388,1.5768028619276173,1558,8094763764.076866
0.275,0.475,0.1,0.15,248.69429721250305,4.856769895868039,9.886456941688827,0.2523597620543391,0.4592741935483871,1.5494919044273752,2480,12484714860.625153
0.275,0.3,0.175,0.25,172.7641882238022,4.214860321083209,9.822384867009525,0.2580787652098499,0.484819734345351,1.627295038176035,2108,8688209411.19011
0.35,0.325,0.075,0.25,247.4709215068927,4.8475662515302025,9.811985880719746,0.3953391461425917,0.4609310058187864,1.7414033130804798,2406,12423546075.344635
0.275,0.375,0.05,0.3,244.3359050177189,4.823839572505128,9.790498505211135,0.23907616099730342,0.45382882882882886,1.4909514626725282,2664,12266795250.885944
0.375,0.275,0.05,0.3,262.62047996013916,4.959440949531417,9.789319449682251,0.3975337315672543,0.4572719802793755,1.5322666277523933,2434,13181023998.006958
0.325,0.25,0.15,0.275,172.09843818697746,4.208454337425628,9.781195879567749,0.2559147891774118,0.4759036144578313,1.6151349942956004,2158,8654921909.348873
0.375,0.25,0.125,0.25,173.77687138423963,4.224572651672809,9.776959997905537,0.24793884547546438,0.47717842323651455,1.5934865644086047,2169,8738843569.21198
0.4,0.2,0.1,0.3,172.0581518760238,4.208066157225706,9.761977047124,0.28243527043160915,0.47477064220183485,1.5937408760780902,2180,8652907593.80119
0.175,0.35,0.175,0.3,215.61552852708192,4.596229571468476,9.750184816218155,0.2613391432900422,0.46609825416159156,1.4583194196851004,2463,10830776426.354095
0.225,0.45,0.05,0.275,221.9113110511263,4.647804536174203,9.739942682386982,0.24269898897119443,0.444362292051756,1.4981762261425593,2705,11145565552.556314
0.4,0.2,0.15,0.25,148.20368558865962,3.966510909008698,9.731869049436098,0.16958177305713296,0.5054869684499315,1.6946983911406137,1458,7460184279.432981
0.2,0.475,0.05,0.275,216.3256531551255,4.602097475612819,9.720187645259214,0.2567858016473914,0.44204753199268737,1.4999021415491762,2735,10866282657.756275
0.25,0.425,0.125,0.2,226.64918390346514,4.685967750774584,9.697842991164984,0.2328952714727068,0.463265306122449,1.6448860621048174,2450,11382459195.173258
0.35,0.275,0.15,0.225,182.0324003402548,4.302356603745464,9.693999917464646,0.2517695748762111,0.47619047619047616,1.6721022259294895,2058,9151620017.012741
0.275,0.45,0.05,0.225,250.28867638541516,4.868718762718513,9.679100125977856,0.227907378941808,0.4485910129474486,1.5063938085842261,2626,12564433819.270758
0.325,0.325,0.05,0.3,247.7125065937561,4.8493861704486845,9.672481296500786,0.3666072261215632,0.45417515274949083,1.5274606635630739,2455,12435625329.687805
0.225,0.275,0.25,0.25,146.01557658988776,3.943071648051081,9.665242353711387,0.24972806711001386,0.49744572158365263,1.6710588826490564,1566,7350778829.494389
0.325,0.375,0.075,0.225,242.74156298521302,4.811694018371819,9.662537757844634,0.3075978649371697,0.45811197384552516,1.579203763972951,2447,12187078149.26065
0.25,0.425,0.075,0.25,223.36550110652408,4.659576095071237,9.652474780720167,0.23582180639077385,0.44992354740061163,1.5777751544280514,2616,11218275055.326204
0.275,0.325,0.2,0.2,184.6964163899942,4.326947092644437,9.651829328121385,0.35615058577907566,0.5002721829069134,1.7446849027560507,1837,9284820819.49971
0.225,0.325,0.25,0.2,154.70529036120624,4.034806466894568,9.627870106907162,0.14344014840384883,0.49573770491803276,1.6797885237749355,1525,7785264518.060311
0.3,0.425,0.1,0.175,207.98803113962,4.532361391750332,9.613384807667742,0.2187403315113779,0.46163417669017004,1.5920349800150382,2411,10449401556.981
0.35,0.25,0.15,0.25,163.96209537801204,4.128776040037895,9.606205123801859,0.2400564418723645,0.4840137727496311,1.659794873522682,2033,8248104768.900602
0.325,0.325,0.125,0.225,189.80187227981645,4.3734114089314735,9.604214341046173,0.37372561912991936,0.45930488341399034,1.6171838505182152,2273,9540093613.990822
0.35,0.225,0.175,0.25,150.47078708953953,3.990551149914584,9.603652653144296,0.17912267110972224,0.5115979381443299,1.7262136711339617,1552,7573539354.476976
0.25,0.35,0.225,0.175,144.48745600208204,3.926561247581801,9.600101785013633,0.14543646554614167,0.49844623990055936,1.641971731339563,1609,7274372800.104102
0.375,0.2,0.125,0.3,158.20401026163682,4.070758722465244,9.592501879859347,0.2843916392351908,0.4804575786463298,1.6667092208517553,2098,7960200513.081841
0.175,0.425,0.125,0.275,189.2944586091166,4.368831588953416,9.590348807627338,0.20101292201163917,0.4430379746835443,1.4234009749275987,2765,9514722930.45583
0.225,0.375,0.15,0.25,202.3803658873192,4.4843880453282345,9.585723840498003,0.3854685028240972,0.46364769422517654,1.5561459622515923,2407,10169018294.36596
0.225,0.5,0.075,0.2,210.31622423015992,4.552021981553209,9.578962751874318,0.22528518082540247,0.4430003713330858,1.4664573905591707,2693,10565811211.507996
0.2,0.4,0.125,0.275,198.30766600647374,4.448979609968346,9.566918175636257,0.29525527455129713,0.4525304765422977,1.468070110165248,2707,9965383300.323687
0.35,0.2,0.175,0.275,140.03787586583206,3.877804731333721,9.559851080290775,0.22866521413893964,0.5037359900373599,1.6304738493445,1606,7051893793.291603
0.35,0.3,0.1,0.25,196.93438124306596,4.436929321371586,9.553605057146719,0.35363321638126327,0.4609141392567279,1.6819514694320206,2341,9896719062.153297
0.25,0.325,0.175,0.25,168.97175503482504,4.178142604509238,9.544979198359451,0.40223150106187766,0.4801477377654663,1.691298267253562,2166,8498587751.741252
0.325,0.275,0.1,0.3,211.04825230184647,4.558173200795707,9.508509002158288,0.3519913981235591,0.4631444397102684,1.687160240836988,2347,10602412615.092323
0.2,0.375,0.15,0.275,193.6623711617621,4.407987291962115,9.507782663067218,0.2394054181908002,0.4547291835084883,1.4766336208045223,2474,9733118558.088106
0.175,0.45,0.075,0.3,196.1781451268633,4.430269225172704,9.49869825606212,0.23209242364664667,0.4408327246165084,1.3991675616016763,2738,9858907256.343166
0.35,0.275,0.1,0.275,179.01534649631319,4.274211757707001,9.490028988830167,0.40682133048019753,0.4638996973627324,1.6928408422653178,2313,9000767324.815659
0.275,0.4,0.05,0.275,222.50708344793958,4.65263356298911,9.485262633176298,0.2799584956673688,0.45338345864661656,1.4816107217724797,2660,11175354172.396978
0.275,0.275,0.175,0.275,154.85037915489846,4.036308230550644,9.484383244336408,0.2520417658836709,0.4849928537398761,1.657652686157182,2099,7792518957.744923
0.275,0.325,0.125,0.275,212.4347675373008,4.569784613777062,9.478753679384011,0.36073451660721423,0.46619067618647625,1.5456720196738611,2381,10671738376.86504
0.225,0.475,0.075,0.225,204.8720237378003,4.505813668856792,9.474011396666443,0.238737469415569,0.4426656738644825,1.5257065879048053,2686,10293601186.890015
0.4,0.225,0.1,0.275,156.6090850209051,4.054436859449062,9.461708776783794,0.2736486548515793,0.47179253867151955,1.6270146778099475,2198,7880454251.045255
0.175,0.5,0.075,0.25,205.40446978337906,4.510369254295791,9.436677806272474,0.21991978048181854,0.44327272727272726,1.4257897450384174,2750,10320223489.168953
0.4,0.375,0.05,0.175,212.08998114671013,4.566901991284421,9.42623024980069,0.31476710954526826,0.45691797845898924,1.5516796587246804,2414,10654499057.335506
0.275,0.275,0.15,0.3,172.623917669229,4.213511998132173,9.422508966582622,0.39331380899068946,0.47293700088731144,1.524875706747538,2254,8681195883.46145
0.175,0.475,0.05,0.3,200.18058182165055,4.465323413677406,9.408676687878348,0.25692238700476394,0.44055433989788473,1.451568902294109,2742,10059029091.082527
0.25,0.5,0.05,0.2,204.4496541790344,4.502194192970005,9.398699616690577,0.2255884925264367,0.4403462551750094,1.488146628077457,2657,10272482708.951721
0.225,0.375,0.125,0.275,197.43257241720696,4.441307395486349,9.384201606072793,0.2634588864533328,0.4561824729891957,1.5666689657556847,2499,9921628620.860348
0.3,0.25,0.15,0.3,158.5874610266303,4.0746662239637725,9.375839772956589,0.38688126385469596,0.47442281575373474,1.5655732991204587,2209,7979373051.331515
0.325,0.2,0.2,0.275,129.07982329890015,3.7531006069601567,9.348521478193787,0.2516744602665912,0.4964838255977497,1.6684740626368342,1422,6503991164.945007
0.35,0.325,0.1,0.225,180.374681080905,4.286931807026403,9.344116874917782,0.35495333111697935,0.45746045318512185,1.6685937909868114,2339,9068734054.04525
0.375,0.25,0.1,0.275,156.59619940936653,4.054304536722887,9.342119228166677,0.30297449873935345,0.46812304948729383,1.629134132502027,2243,7879809970.468327
0.325,0.3,0.15,0.225,161.8811668474177,4.1079702656218355,9.341263762753414,0.26976997423357746,0.47296661965209214,1.6007161764322566,2127,8144058342.370885
0.225,0.35,0.125,0.3,182.28833733990425,4.304729580799568,9.326418944681649,0.2845511101084537,0.4565826330532213,1.5558728868873481,2499,9164416866.995213
0.225,0.35,0.15,0.275,191.36476481562656,4.387465963368789,9.326263643718967,0.46654683373405015,0.46872393661384487,1.5956444319963967,2398,9618238240.781328
0.3,0.4,0.075,0.225,220.22895847468507,4.634120703471542,9.302544648825304,0.3173259430992123,0.45675020210185935,1.5356631528081275,2474,11061447923.734253
0.225,0.3,0.175,0.3,187.31628200703312,4.350897253624736,9.298108221209299,0.3670452827143367,0.47416812609457093,1.579733290570255,2284,9415814100.351656
0.25,0.225,0.225,0.3,142.12928801498754,3.90084978279205,9.295757363954355,0.18992137686833763,0.4890552995391705,1.5916910821040147,1736,7156464400.749377
0.35,0.325,0.125,0.2,154.21636345255905,4.029738739380533,9.285860946872873,0.2823448947702917,0.47151898734177217,1.6033567977392642,2212,7760818172.627953
0.225,0.35,0.175,0.25,177.3700057838382,4.258727737506413,9.282456465185081,0.33597069670009655,0.4739858906525573,1.581651299900396,2268,8918500289.19191
0.375,0.325,0.1,0.2,167.6589923255065,4.165302964812914,9.262505911872394,0.320128862599713,0.46593886462882095,1.7349902885614787,2290,8432949616.275324
0.2,0.475,0.1,0.225,176.91091708504302,4.2543900167914614,9.258422601199477,0.2630495984559756,0.4450569643513414,1.4241870828138934,2721,8895545854.252151
0.225,0.425,0.125,0.225,201.48633372310508,4.4766568237943005,9.257715283886457,0.36240275619203954,0.4587628865979381,1.5378441051598435,2522,10124316686.155254
0.3,0.3,0.175,0.225,156.95641927748088,4.058000877725153,9.228256205507252,0.2541390789755499,0.48315163528245786,1.503747558666822,2018,7897820963.874044
0.225,0.3,0.25,0.225,144.20516592768053,3.923498392913423,9.22746073047105,0.21246951129833427,0.48951048951048953,1.6340610725089153,1573,7260258296.384026
0.275,0.2,0.225,0.3,133.75043320281983,3.807093791394367,9.220359667589749,0.1891657034390847,0.4981012658227848,1.6255897225293194,1580,6737521660.140991
0.375,0.35,0.05,0.225,210.0888170358821,4.5501081343306415,9.20287553367844,0.3598594278631926,0.45394465097067327,1.5192256255532788,2421,10554440851.794106
0.375,0.3,0.125,0.2,146.42710367898778,3.9474979907308763,9.187564194105857,0.33998106807394923,0.4776536312849162,1.5806601155611462,2148,7371355183.9493885
0.4,0.3,0.05,0.25,216.20745722609672,4.601121703740487,9.179852880934495,0.45273927833904787,0.4569397993311037,1.5316652321265118,2392,10860372861.304836
0.275,0.425,0.05,0.25,209.95864447981884,4.549011977959839,9.173561313917226,0.33620895470115314,0.45396467493423526,1.4621870654933646,2661,10547932223.990942
0.35,0.325,0.05,0.275,214.93817869398333,4.590620293962597,9.168209937408822,0.42781705794702024,0.45374094931617054,1.5149540351801307,2486,10796908934.699167
0.4,0.225,0.15,0.225,127.66031828226724,3.7364301472285915,9.15914085730473,0.18168333797304742,0.5021097046413502,1.771050162814636,1422,6433015914.113362
0.175,0.4,0.15,0.275,171.43575901992708,4.202061247591652,9.15162063108198,0.29639898207953724,0.4503787878787879,1.4039634405975399,2640,8621787950.996353
0.35,0.25,0.1,0.3,173.58819073769993,4.222765979305443,9.150415067159804,0.379508427700432,0.462478184991274,1.588684629056366,2292,8729409536.884996
0.325,0.35,0.1,0.225,191.18256879318483,4.385831543707773,9.13679376993218,0.4077923324058728,0.45587620242576327,1.6768109470323844,2391,9609128439.65924
0.3,0.275,0.125,0.3,181.92425251634376,4.301353209069507,9.130039849173002,0.39056610418690885,0.4649462365591398,1.5190463545827761,2325,9146212625.817188
0.2,0.4,0.1,0.3,169.05828753293844,4.178986574805141,9.103667074412938,0.2331947753039159,0.4482758620689655,1.5027198844626801,2697,8502914376.646922
0.3,0.375,0.1,0.225,197.11062532069408,4.438478999116179,9.102987803604261,0.2614291240694217,0.4547707558859975,1.6102652578465324,2421,9905531266.034704
0.275,0.325,0.15,0.25,166.3468177042982,4.152401004556391,9.076226662660147,0.4273357988359023,0.4725032996040475,1.5235875279336957,2273,8367340885.21491
0.25,0.25,0.2,0.3,139.43222136366077,3.8710877463522344,9.071021959024616,0.25409892845844645,0.4706462752836704,1.6883828561259222,2027,7021611068.183039
0.375,0.3,0.05,0.275,209.70193327549737,4.546848917369807,9.069246507163747,0.3922235026454808,0.45522080066033843,1.5096441330836314,2423,10535096663.774868
0.3,0.35,0.125,0.225,167.2041213709987,4.160838197288777,9.063356646158711,0.3926186004303828,0.461305663640294,1.6146746527376505,2313,8410206068.549935
0.225,0.475,0.025,0.275,182.02088450971752,4.302249779134799,9.061926920842543,0.2443673029886285,0.44027676620538964,1.5270333108068705,2746,9151044225.485876
0.2,0.5,0.075,0.225,181.4116114821668,4.296591435178809,9.053896098739852,0.2190462470256184,0.4427677585572322,1.4365982904112355,2717,9120580574.10834
0.4,0.225,0.125,0.25,140.35143316706177,3.8812745236478143,9.034186488397237,0.28906768819416095,0.4796905222437137,1.625515071082338,2068,7067571658.353088
0.4,0.35,0.075,0.175,159.33710161314175,4.082286934718637,9.027178949401815,0.3644909789002034,0.4664082687338501,1.6227399170543049,2322,8016855080.657087
0.2,0.3,0.2,0.3,160.69842807179572,4.096064232864949,9.014438175541681,0.3500672373989223,0.47790802524797116,1.5575878683764213,2218,8084921403.589786
0.3,0.275,0.175,0.25,144.20058212569523,3.9234486251584855,9.012919537076456,0.25248107984839596,0.4801390268123138,1.5367079698897377,2014,7260029106.284762
0.15,0.5,0.075,0.275,179.2428362264459,4.276345044190949,9.009089746146397,0.24245861569062951,0.4454479768786127,1.362881103330133,2768,9012141811.322294
0.2,0.4,0.15,0.25,172.4771068624412,4.212100014962501,8.989227107032601,0.24935809012482874,0.4594594594594595,1.4819040300962012,2479,8673855343.122059
0.2,0.375,0.125,0.3,165.5313858560493,4.144348586090828,8.981572881779268,0.29023348943015803,0.4532293986636971,1.4331217986260076,2694,8326569292.802465
0.325,0.425,0.1,0.15,174.2308032672692,4.228913756830129,8.969762792094471,0.30240155837610494,0.4638655462184874,1.558133652102797,2380,8761540163.36346
0.35,0.3,0.175,0.175,128.82115608937087,3.7500721038691722,8.963477751714162,0.19889934940464904,0.48728246318607765,1.5714844578099398,1494,6491057804.468543
0.25,0.45,0.075,0.225,189.0289509215244,4.366431857626995,8.961576554448639,0.21985456510219503,0.4486735870818916,1.5415807845493905,2601,9501447546.07622
0.4,0.2,0.125,0.275,134.41545532980336,3.8146775973375036,8.95385802113516,0.25220456630082555,0.4805636540330418,1.6739337598771216,2058,6770772766.490169
0.4,0.275,0.125,0.2,148.3147414072488,3.96769430236436,8.952446311739925,0.28295424349330045,0.48316251830161056,1.6194677005694988,2049,7465737070.362439
0.25,0.425,0.025,0.3,183.66532045546808,4.317458076729467,8.950671366390347,0.24066490508410154,0.44111192392099485,1.5239859111004157,2734,9233266022.773403
0.25,0.3,0.175,0.275,146.34215431311722,3.9465849727722624,8.947136781649748,0.38848501935078994,0.48737953189536487,1.6447788671544772,2179,7367107715.655861
0.275,0.45,0.1,0.175,190.67275490502496,4.3812525690773745,8.943522744646618,0.26936198370387743,0.4557877813504823,1.541355299003346,2488,9583637745.251247
0.35,0.35,0.075,0.225,189.23237659325963,4.368270678643411,8.93866568489749,0.38974274497106054,0.45394465097067327,1.5667776111792384,2421,9511618829.662981
0.375,0.275,0.1,0.25,144.53270454929535,3.927051819720978,8.937914157314431,0.29386479073612687,0.46364823683064865,1.6037580866744978,2297,7276635227.464767
0.4,0.275,0.05,0.275,199.9475008471299,4.463295107372334,8.927965827138841,0.44045805394050075,0.4581757040773434,1.4983499616797271,2379,10047375042.356495
0.175,0.5,0.05,0.275,177.83589493837283,4.263121960571168,8.922460872397359,0.2345928799017242,0.4412191582002903,1.4565808315581483,2756,8941794746.918642
0.225,0.4,0.1,0.275,173.41280769932658,4.2210854447524975,8.901206189954147,0.22668784604964134,0.4490409928544566,1.5085879379858091,2659,8720640384.96633
0.3,0.325,0.15,0.225,143.53856970971458,3.916249707255866,8.896627594247777,0.24820474107453222,0.472875226039783,1.5431880353597582,2212,7226928485.485729
0.3,0.35,0.1,0.25,167.88933960812423,4.16756080760481,8.89053459814647,0.3811059189411954,0.4573547589616811,1.6117518965763233,2427,8444466980.406212
0.25,0.325,0.15,0.275,166.9274960861909,4.158118978106318,8.883956643617102,0.34952817488644017,0.47015886646629457,1.488089967957715,2329,8396374804.3095455
0.175,0.375,0.175,0.275,158.09943289273895,4.069691931195327,8.877076354325766,0.23627166364806634,0.4667487684729064,1.4371033663907937,2436,7954971644.636948
0.15,0.425,0.175,0.25,154.54223467654938,4.033117598481954,8.876105734958845,0.25752585989419147,0.4608113430484443,1.4127726957644744,2539,7777111733.827469
0.2,0.475,0.075,0.25,170.69453070365702,4.1948905477578755,8.874768259465672,0.22123456509331801,0.4412513641324118,1.4499703686215917,2749,8584726535.182852
0.225,0.4,0.125,0.25,170.96153147296928,4.197475954306744,8.866505045338094,0.29545685301471114,0.45085555113410264,1.4844610407902852,2513,8598076573.648464
0.275,0.5,0.025,0.2,172.7990264791893,4.215195082207767,8.864432035694444,0.24321332241880533,0.43738387216648084,1.5279944785472073,2691,8689951323.959465
0.175,0.45,0.125,0.25,151.43350741890663,4.000685821441559,8.863092446558834,0.2229242361816298,0.44440393729493255,1.3877344256973474,2743,7621675370.945332
0.325,0.375,0.05,0.25,182.96946096283955,4.311033815923537,8.862749455845591,0.32954879578441026,0.45527476935419176,1.4793227060835963,2493,9198473048.141977
0.275,0.225,0.225,0.275,119.67874516490379,3.64028926822561,8.855847058049099,0.18746640906607848,0.4942233632862644,1.5852413010021693,1558,6033937258.24519
0.2,0.45,0.075,0.275,166.71659437128437,4.156043773390091,8.852023236788614,0.21914822909899895,0.44338585562477095,1.4253181598287505,2729,8385829718.5642185
0.325,0.4,0.1,0.175,171.93215636532966,4.206851726313429,8.845453397667454,0.2504195146089414,0.45819397993311034,1.6076162802920346,2392,8646607818.266483
0.3,0.275,0.15,0.275,141.7341693313293,3.896513633775853,8.833101900002301,0.3846397249697474,0.47244805781391147,1.5898115682059886,2214,7136708466.566465
0.275,0.4,0.175,0.15,122.06287415770365,3.6694484775399685,8.825162543916354,0.22138302302571197,0.47355883754168654,1.605929385494223,2099,6153143707.885182
0.3,0.3,0.15,0.25,140.0364070794396,3.877788465563305,8.820846133233124,0.31727945970620614,0.47192028985507245,1.5288268780698053,2208,7051820353.971981
0.275,0.25,0.175,0.3,129.7295824821446,3.7606900408431043,8.786069558122245,0.25925129015407417,0.47445600756859035,1.6176173500723658,2114,6536479124.107229
0.225,0.475,0.05,0.25,168.80422884771278,4.176507854650856,8.780182328665896,0.25272355247072853,0.4417065097462302,1.4706436469748378,2719,8490211442.385639
0.325,0.4,0.075,0.2,187.5688332991814,4.353194017133412,8.776069086066807,0.41096305368370817,0.4559967253376995,1.5635258055436456,2443,9428441664.95907
0.325,0.35,0.05,0.275,189.1254389801429,4.367304206666449,8.751964451515613,0.33267358748753467,0.4583673469387755,1.4517789739962839,2450,9506271949.007145
0.325,0.375,0.1,0.2,159.5052462223951,4.083992935273267,8.730886175182174,0.3016666996068375,0.46147332768839966,1.5923318537584703,2362,8025262311.119756
0.375,0.2,0.175,0.25,112.47317240668094,3.5497086889194875,8.72966771521121,0.24207482048978396,0.49398556535685645,1.6850868297841401,1247,5673658620.334047
0.275,0.425,0.125,0.175,162.05974618341003,4.109762821601408,8.726466827005655,0.20223639840897423,0.45981387478849406,1.5282216125723387,2364,8152987309.170502
0.25,0.45,0.125,0.175,163.05811193168162,4.119759778133997,8.726027627905268,0.26529901434265646,0.45507007419620776,1.5677722101604914,2426,8202905596.584082
0.175,0.425,0.1,0.3,145.43503953240796,3.9368131068260688,8.725323250427978,0.19991694297484827,0.44181751015884746,1.4033536754898046,2707,7321751976.620398
0.35,0.4,0.075,0.175,169.78290224431453,4.18604246791962,8.704187392071843,0.2481182598437958,0.4559130798161304,1.473588148851965,2393,8539145112.215727
0.4,0.225,0.075,0.3,152.04440073400244,4.007094221923165,8.698377490331007,0.33055711190592907,0.45798132503334815,1.6295517179461763,2249,7652220036.700122
0.2,0.5,0.1,0.2,151.470774785616,4.001077263563,8.695647452852606,0.2942409727259305,0.4417065097462302,1.4019953376443164,2719,7623538739.280799
0.35,0.25,0.175,0.225,109.36734639528206,3.509457614775669,8.692022123013171,0.20271489902018638,0.5054347826086957,1.6531632322655907,1472,5518367319.764103
0.25,0.475,0.1,0.175,176.25502880146408,4.248179605315173,8.680975836556609,0.28588793764182113,0.45594020456333595,1.5259134389811526,2542,8862751440.073204
0.2,0.45,0.1,0.25,149.821607659363,3.9836924167657806,8.677397630483219,0.22849027650743034,0.44035346097201766,1.4221985501849446,2716,7541080382.968149
0.325,0.35,0.075,0.25,178.58148295211956,4.270138113348923,8.668125783630828,0.3883729636870547,0.4545829892650702,1.5380796089227602,2422,8979074147.605978
0.275,0.275,0.225,0.225,119.76513402786665,3.641352657296996,8.66594013761629,0.18950881714145912,0.5024054982817869,1.6891832497241264,1455,6038256701.3933325
0.275,0.35,0.15,0.225,146.45127630592313,3.947757727688253,8.665387393808473,0.38203098032312816,0.46672582076308783,1.5173328711210605,2254,7372563815.296156
0.35,0.35,0.125,0.175,122.97471223662973,3.68049921978134,8.656894632845358,0.3067808043829656,0.47069513857337575,1.6250421964624309,2201,6198735611.831487
0.175,0.475,0.075,0.275,155.46440209756818,4.042653267513577,8.64926185172577,0.24128749186251827,0.43908629441624364,1.394083253673621,2758,7823220104.878409
0.225,0.45,0.075,0.25,155.4344390933607,4.042344036533729,8.645103397040305,0.2244432542715715,0.44498502994011974,1.4509135711117491,2672,7821721954.6680355
0.275,0.35,0.2,0.175,140.74436654663634,3.8856153043465094,8.631498651268693,0.32176535406465917,0.5016357688113413,1.7160171693998811,1834,7087218327.331818
0.4,0.275,0.1,0.225,129.8319992461505,3.761883966484781,8.595939705733544,0.3169293098550789,0.4675090252707581,1.6670455463073395,2216,6541599962.307526
0.15,0.425,0.125,0.3,143.55800700896168,3.9164613932185093,8.592919469692454,0.2249490214760322,0.4422936449963477,1.3970980549561405,2738,7227900350.448084
0.4,0.25,0.075,0.275,147.88295118964996,3.963089848311065,8.592572945292838,0.3308324015498958,0.46025472112428634,1.6128445102246465,2277,7444147559.482498
0.325,0.275,0.15,0.25,127.31952831786396,3.7324093652540036,8.588985188098334,0.2560300204713845,0.4677871148459384,1.5165398265606267,2142,6415976415.893198
0.35,0.3,0.075,0.275,173.53329426349632,4.222240080258303,8.576322320658376,0.4089285554328198,0.4556065027094623,1.650843813043484,2399,8726664713.174816
0.325,0.225,0.2,0.25,100.09327910313598,3.384486106411704,8.574979840319152,0.20917402000353535,0.5007204610951008,1.6499654873831566,1388,5054663955.156799
0.225,0.45,0.175,0.15,128.1874853736748,3.742635646717684,8.571187238631511,0.23099307102130734,0.46571044374719855,1.5321188084126598,2231,6459374268.683741
0.275,0.35,0.125,0.25,157.5647207169503,4.064229882231569,8.56110613257704,0.3551631902526537,0.45770519262981574,1.581512231728898,2388,7928236035.847515
0.325,0.35,0.125,0.2,136.51211933117781,3.838423120160539,8.554946950455633,0.3292802580773547,0.46116289391921883,1.5296701098115866,2253,6875605966.55889
0.175,0.325,0.2,0.3,146.4012860422691,3.947220546026772,8.549460587146438,0.40349982629085474,0.4790575916230366,1.4942889231818117,2292,7370064302.113455
0.4,0.25,0.05,0.3,158.1628189129793,4.070338587370881,8.545263089888568,0.40872388492059125,0.45710681244743484,1.528983918808338,2378,7958140945.648966
0.15,0.5,0.15,0.2,143.47686685500275,3.9155775911947392,8.533713752874887,0.2003598498040754,0.44822429906542055,1.3709549358481266,2675,7223843342.750138
0.2,0.325,0.2,0.275,136.5044038288865,3.838336191864866,8.516421353471351,0.3374308227547389,0.4728334081724293,1.48345608685402,2227,6875220191.444325
0.25,0.325,0.125,0.3,143.3279191018927,3.9139543305828717,8.51640712335026,0.39436710988363255,0.4621149042464613,1.5048652803116718,2402,7216395955.094635
0.375,0.3,0.1,0.225,126.13882729958033,3.7184225625402565,8.504602518714677,0.3171784124575658,0.4630843162953255,1.6186710605201093,2289,6356941364.979016
0.3,0.35,0.2,0.15,111.54866340752407,3.5378063073856136,8.501687865863662,0.2069973191033414,0.4893203883495146,1.5791173208801197,1545,5627433170.376204
0.375,0.325,0.125,0.175,112.4959456186878,3.5500010441499565,8.478360975112565,0.3543088289697672,0.47280334728033474,1.666963655817741,2151,5674797280.93439
0.225,0.225,0.25,0.3,96.9454369199334,3.340299721398959,8.471104869819023,0.21879961176829618,0.4932762836185819,1.5844477027996755,1636,4897271845.99667
0.25,0.5,0.025,0.225,150.05045961565074,3.986112577704729,8.446174526523654,0.2510768542069413,0.43619744058500914,1.5059774868844948,2735,7552522980.782537
0.35,0.275,0.075,0.3,161.42182559330095,4.103353312134923,8.445858241783956,0.39423648579003323,0.45942519019442096,1.55459348256934,2366,8121091279.665048
0.25,0.35,0.175,0.225,116.09767427394715,3.5957457019733603,8.444448241329336,0.3500122236286677,0.4740673339399454,1.591011550547089,2198,5854883713.697357
0.35,0.375,0.05,0.225,155.59008574855036,4.043949937981842,8.443500964141858,0.4368973354865263,0.455241935483871,1.4076676839056343,2480,7829504287.427518
0.225,0.5,0.025,0.25,156.1525642825779,4.049744341890285,8.43008960746984,0.23494626330355053,0.43973941368078173,1.4539428220375632,2763,7857628214.128896
0.225,0.25,0.25,0.275,103.84109622087807,3.435891128340285,8.428761722053896,0.23317332354391704,0.4890282131661442,1.5997656754310534,1595,5242054811.043903
0.225,0.4,0.15,0.225,139.96953804666566,3.8770478163293056,8.427158193231731,0.4535756491439964,0.46179540709812106,1.5237065725733052,2395,7048476902.333283
0.2,0.35,0.25,0.2,107.82092366588917,3.489128546694382,8.424864059428161,0.16298094480769387,0.4920728126834997,1.5204721928437384,1703,5441046183.294458
0.25,0.475,0.05,0.225,152.91430474808223,4.016189757291879,8.420176728835065,0.23810520425640352,0.43594504270330486,1.4265576449945023,2693,7695715237.404112
0.2,0.275,0.275,0.25,108.29250787358612,3.4953486280930113,8.392921717989026,0.22675777849369663,0.4939106901217862,1.57331202564767,1478,5464625393.679306
0.275,0.475,0.025,0.225,156.44092001001474,4.052709389328713,8.387316360884057,0.23344780007877344,0.43843283582089554,1.473075356925043,2680,7872046000.500737
0.25,0.375,0.225,0.15,102.26675270771393,3.4144521345701166,8.385369444396945,0.19907582275625077,0.4899205864386072,1.5584910679805224,1637,5163337635.385696
0.4,0.325,0.075,0.2,128.12381574208086,3.7418870804930062,8.364005629475313,0.3221787968596716,0.4581896551724138,1.657748578795817,2320,6456190787.104043
0.225,0.5,0.05,0.225,143.56528651437787,3.916540667210726,8.35372624643559,0.23486726892603485,0.4376156978896705,1.4563376772207994,2701,7228264325.718894
0.2,0.45,0.125,0.225,139.2378835177644,3.8689282783677097,8.348568032826906,0.22728112699900938,0.454477889260498,1.4150523206673358,2691,7011894175.888221
0.4,0.25,0.1,0.25,113.84862119672785,3.5672952012849493,8.344925665805114,0.32308505583583036,0.46860782529572337,1.574955735699984,2198,5742431059.836392
0.225,0.375,0.1,0.3,151.56717923264398,4.0020895572336865,8.327774132440013,0.2902480249362481,0.44799405646359586,1.4760434439999943,2692,7628358961.632199
0.25,0.475,0.025,0.25,145.95472807526582,3.9424164532384847,8.322593138635991,0.24077028586108346,0.43826022852930335,1.4584103525229026,2713,7347736403.763291
0.325,0.225,0.15,0.3,112.00113617367775,3.5436398361292794,8.321455027415006,0.2541715528607943,0.4709141274238227,1.5349759447711817,2166,5650056808.6838875
0.3,0.375,0.125,0.2,132.13671680327096,3.7885848513440585,8.310441165562535,0.2760985108176524,0.46013864818024264,1.596603469842842,2308,6656835840.163548
0.4,0.3,0.075,0.225,136.0648350999417,3.8333782147890014,8.30566807782483,0.337214606082205,0.45974483062032556,1.6471288036372773,2273,6853241754.997085
0.2,0.425,0.1,0.275,131.25806832338336,3.778442771214726,8.303153798347887,0.21004046425054845,0.44713328369322414,1.4572104725623498,2686,6612903416.169168
0.15,0.5,0.05,0.3,147.15933163150018,3.955353035331327,8.301188624382258,0.23650213616038748,0.4415490408975751,1.4691847189999243,2763,7407966581.575009
0.25,0.4,0.125,0.225,152.80304779011493,4.0150284298298065,8.292488819259537,0.34233284645543216,0.4594594594594595,1.5492869214611906,2442,7690152389.505746
0.175,0.3,0.275,0.25,94.685762196705,3.307981763369887,8.284731675331347,0.1895901311941782,0.49547374773687386,1.5580620821395164,1657,4784288109.83525
0.225,0.325,0.15,0.3,141.1800286523047,3.890418562056909,8.283226138537195,0.43399227758727404,0.46791666666666665,1.524345466513755,2400,7109001432.615236
0.3,0.25,0.175,0.275,112.37113233592287,3.548398241070063,8.282166442236166,0.2162721290539546,0.47444168734491315,1.5180304227771815,2015,5668556616.796144
0.275,0.375,0.075,0.275,147.97761505133008,3.9641000855165727,8.28005615737882,0.42497088996676036,0.4533813525410164,1.489041174463183,2499,7448880752.566504
0.3,0.325,0.175,0.2,119.86810299218611,3.6426194610232168,8.276324885632429,0.2748391669206055,0.4736318407960199,1.5081536925785533,2010,6043405149.609305
0.225,0.275,0.2,0.3,104.17245901244436,3.4403756165868256,8.272936997169232,0.35332030989283597,0.4722735674676525,1.5417051363012981,2164,5258622950.622218
0.25,0.35,0.125,0.275,128.74646614435198,3.7491968629273194,8.267690934817427,0.34925351882091077,0.4546563643757625,1.4800772087815717,2459,6487323307.2176
0.275,0.5,0.05,0.175,152.839539931607,4.015409406687432,8.266358228503801,0.24843163195279197,0.44237485448195574,1.4707147310807904,2577,7691976996.58035
0.275,0.375,0.175,0.175,108.25611372554566,3.494869248530673,8.264193296674291,0.273127066051648,0.46930033317467873,1.550722005630187,2101,5462805686.277283
0.225,0.375,0.175,0.225,132.80596688484852,3.7962793973712543,8.263456713426931,0.298802988795031,0.4720496894409938,1.5906906890447399,2254,6690298344.242426
0.35,0.225,0.15,0.275,109.06721626075183,3.505527357599818,8.262077621272718,0.2484590108948599,0.48299319727891155,1.675912267991915,2058,5503360813.037592
0.2,0.25,0.275,0.275,101.87658990506861,3.4091046873216033,8.23385071558915,0.20937077337945423,0.49427609427609426,1.6879489002886439,1485,5143829495.25343
0.4,0.35,0.1,0.15,109.72793206575369,3.5141699514600333,8.222727563617383,0.3439457851313732,0.46744499326448136,1.6574109864464681,2227,5536396603.287684
0.275,0.35,0.175,0.2,110.97550151273899,3.5303938540431243,8.208964914946163,0.25815091859557737,0.4703899855560905,1.5818626767799093,2077,5598775075.63695
0.275,0.3,0.225,0.2,92.4786447199744,3.2759106682655474,8.201280761147466,0.19948687353846928,0.5003533568904593,1.8275333870283679,1415,4673932235.99872
0.35,0.35,0.05,0.25,141.3612672782141,3.8924138056669983,8.20067928833546,0.4501228899964321,0.45454545454545453,1.4214356639261476,2453,7118063363.910704
0.325,0.35,0.175,0.15,119.93308595604971,3.6434185540827393,8.188277427813022,0.2961825061459733,0.4900332225913621,1.566354265006293,1806,6046654297.802485
0.4,0.275,0.15,0.175,84.11870006522003,3.149544014826966,8.187686435866961,0.20092844865489434,0.48879248011569054,1.7037691099370067,1383,4255935003.261001
0.35,0.4,0.05,0.2,143.9892275661457,3.921152722477199,8.18254110358029,0.30514523415203115,0.45454545454545453,1.417675635136764,2464,7249461378.307285
0.4,0.3,0.125,0.175,114.89487519383829,3.580576979639054,8.178873361557164,0.3161594287688955,0.47959183673469385,1.5930154262148666,2058,5794743759.691915
0.25,0.45,0.025,0.275,140.48109780658567,3.882707849782112,8.178727465726572,0.26381003392671604,0.43889091572418826,1.4588448144421198,2741,7074054890.329283
0.175,0.475,0.125,0.225,120.50689942697481,3.6504620800003016,8.172426758206532,0.21818840282759522,0.44403937294932555,1.3462420327357507,2743,6075344971.348741
0.2,0.275,0.25,0.275,108.24507951384315,3.4947238857091945,8.169753018727905,0.22139081586387296,0.4863325740318907,1.6075146154189246,1756,5462253975.692158
0.175,0.45,0.1,0.275,121.86052870236065,3.666988672599347,8.161431893648183,0.197527506930487,0.44172451589331385,1.3958505090125033,2737,6143026435.118032
0.2,0.3,0.275,0.225,103.40322489576872,3.42995040719358,8.152283601889552,0.18214588658228043,0.4914324880054832,1.5191232240220325,1459,5220161244.788436
0.375,0.225,0.175,0.225,102.1876595922805,3.413369220797927,8.151485808989104,0.2204226877507227,0.49163346613545816,1.6744463740743776,1255,5159382979.614025
0.25,0.4,0.175,0.175,109.81450247636805,3.515299749005335,8.150705901546097,0.274054176384584,0.4702901888530631,1.6500024073568047,2171,5540725123.818402
0.3,0.425,0.075,0.2,140.03259275903304,3.8777462241248584,8.147026801918402,0.40524990142750245,0.4562676340185409,1.4629767068488853,2481,7051629637.951653
0.15,0.45,0.15,0.25,124.45951072332443,3.698376137993658,8.14524438531464,0.21288423203692014,0.44871316672883255,1.3818205215466757,2681,6272975536.166222
0.225,0.5,0.1,0.175,134.35364897725205,3.813973836190474,8.137249315817604,0.24421128096774,0.44360902255639095,1.4178406343774588,2660,6767682448.862603
0.3,0.225,0.175,0.3,101.15885537833515,3.3992315272867346,8.128472299150326,0.2201487660423283,0.47239863214460187,1.6016410448506389,2047,5107942768.916758
0.35,0.3,0.05,0.3,156.4102870619399,4.052394578235176,8.122528010006217,0.37478884329632417,0.44940598115526426,1.4721208871176321,2441,7870514353.096994
0.275,0.35,0.1,0.275,144.0016483643016,3.9212877100456165,8.111909651298417,0.3132159578212934,0.45525132815692687,1.4865016950864371,2447,7250082418.215079
0.25,0.375,0.2,0.175,104.96157931309823,3.4510166143981245,8.095334278749567,0.20696002694145088,0.48037754595131643,1.60806026977645,2013,5298078965.654911
0.25,0.475,0.075,0.2,147.1060946820482,3.954782821680924,8.092921636998787,0.2477388321821209,0.44302819621475475,1.4491247588058311,2589,7405304734.102409
0.2,0.425,0.125,0.25,128.5431884246432,3.746813052918526,8.089206500515306,0.26163297653514783,0.4482758620689655,1.3939967637395119,2668,6477159421.23216
0.15,0.375,0.275,0.2,96.48122124028072,3.333702181058162,8.087263003761699,0.16844761541082828,0.49204545454545456,1.5118206673740286,1760,4874061062.014036
0.3,0.45,0.1,0.15,137.22333602819634,3.846421990975993,8.0601624874459,0.33757420236699465,0.4575645756457565,1.4990959552476704,2439,6911166801.409817
0.25,0.5,0.075,0.175,140.28313522601675,3.8805191918376885,8.05497347386957,0.22842293625317417,0.44423150632426217,1.4131943351909007,2609,7064156761.3008375
0.3,0.425,0.05,0.225,149.79361806510832,3.9833962492156667,8.050045489578965,0.4623044157059793,0.45241871530531325,1.4451377287678215,2522,7539680903.255416
0.275,0.5,0.075,0.15,140.64787987313707,3.8845501633211237,8.050010145103354,0.37305858100032635,0.456085072863332,1.4800470300361035,2539,7082393993.656854
0.3,0.375,0.075,0.25,136.7830805542064,3.841473860006726,8.045976312204134,0.3289717208155147,0.45494949494949494,1.4755620283769109,2475,6889154027.71032
0.25,0.4,0.15,0.2,122.83268939076542,3.678781658390877,8.04416159579093,0.37384831732734275,0.459656652360515,1.5697497152691984,2330,6191634469.538271
0.15,0.3,0.3,0.25,80.84190557922311,3.097709338696566,8.040418796557306,0.1732502709869506,0.4905778894472362,1.5453214217953404,1592,4092095278.9611554
0.275,0.475,0.05,0.2,147.2939422643008,3.9567942102492735,8.038498330242428,0.2698991937355414,0.4411538461538462,1.469711825726763,2600,7414697113.215039
0.35,0.3,0.15,0.2,108.50691566878565,3.498170582529374,8.02592021317006,0.2847544760316919,0.4792079207920792,1.5670197660554075,2020,5475345783.439282
0.275,0.325,0.175,0.225,102.61332988017612,3.419190704370517,8.00944996758465,0.21982086075243948,0.47240723120837297,1.531665273295333,2102,5180666494.008806
0.3,0.35,0.15,0.2,106.02472371394992,3.465267883606362,8.007792774408816,0.2763988477202008,0.46994033960532355,1.5435598849034935,2179,5351236185.697496
0.3,0.35,0.075,0.275,135.83906956329176,3.8308275611466023,8.004816534003618,0.35045352203629976,0.452572347266881,1.50328787153506,2488,6841953478.164588
0.25,0.275,0.175,0.3,108.70258094300688,3.5007425789746147,8.003124987968786,0.4282034419042083,0.47990762124711317,1.5977353507335885,2165,5485129047.150344
0.35,0.375,0.1,0.175,121.50742094178766,3.6626895268335264,8.002358149620484,0.38966588044326816,0.4639931004743424,1.5342960545107065,2319,6125371047.089383
0.4,0.275,0.075,0.25,125.74958279137026,3.7137921529359037,7.9962700750095665,0.34610210549438597,0.46089995631280034,1.560294961684714,2289,6337479139.568513
0.25,0.5,0.1,0.15,139.49077629155326,3.871738006151973,7.995704174138056,0.33006157683044707,0.4536779324055666,1.441751821291766,2515,7024538814.577663
0.225,0.475,0.1,0.2,129.65208355611497,3.7597861727529374,7.99147949922994,0.24883990599571237,0.44640842421963145,1.4436129293898623,2659,6532604177.805749
0.375,0.375,0.1,0.15,112.2902457068684,3.5473588861119802,7.982347788521785,0.3000034119769189,0.46309314586994726,1.6181334632085949,2276,5664512285.34342
0.175,0.325,0.275,0.225,83.9074837879615,3.146244156920387,7.965627145735082,0.15266751735270234,0.49122807017543857,1.4576002317177188,1653,4245374189.398075
0.25,0.2,0.25,0.3,96.50074958575493,3.3339801522503345,7.963515066341792,0.220473947642799,0.48108493932905066,1.6020433407113337,1401,4875037479.287746
0.275,0.35,0.075,0.3,140.3132402808258,3.8808521651910306,7.952106233026671,0.3558564516468841,0.45354969574036513,1.4939740827183474,2465,7065662014.04129
0.3,0.375,0.05,0.275,150.70480218183565,3.993018673896848,7.948410362413308,0.4091204058402485,0.454073482428115,1.4171875055565843,2504,7585240109.091783
0.275,0.25,0.225,0.25,85.94500780624043,3.1778471204703473,7.941550204941053,0.18820253294609793,0.4955264969029594,1.6155148156382158,1453,4347250390.312021
0.275,0.45,0.025,0.25,133.28142999760314,3.8017300414161976,7.932845182317121,0.24983763402247006,0.43805637982195844,1.417016727238233,2696,6714071499.8801565
0.175,0.25,0.3,0.275,97.01721129475403,3.3413178967940036,7.929107127031568,0.1814406340082901,0.4957805907172996,1.6638697467017598,1422,4900860564.737701
0.375,0.35,0.1,0.175,110.8869218981431,3.5292459929187174,7.923360657868367,0.27452894808861594,0.4610021786492375,1.5965383768604087,2295,5594346094.907155
0.3,0.35,0.175,0.175,102.2180907494587,3.413785939744586,7.9123821559885625,0.23381449900479348,0.4742063492063492,1.506748968918746,2016,5160904537.472935
0.15,0.475,0.075,0.3,124.99163114408961,3.7047478313345,7.907743575331053,0.25379833748153013,0.43995633187772926,1.3437548100516377,2748,6299581557.20448
0.3,0.4,0.025,0.275,142.48310818547537,3.904725809097865,7.907292269444547,0.26936293132589767,0.44419134396355353,1.5015895551135967,2634,7174155409.273768
0.25,0.4,0.1,0.25,139.70492175875123,3.8741145505627825,7.906197282989294,0.337840872478212,0.45256358498183286,1.5144015855181432,2477,7035246087.937562
0.35,0.375,0.075,0.2,135.25858535339603,3.8242562068740895,7.904681044350746,0.2597207344625645,0.4587843463780183,1.467028510776108,2402,6812929267.669801
0.375,0.275,0.075,0.275,130.00108131186795,3.763853654794495,7.901235551946269,0.42381194461661564,0.46183868169991327,1.5874207218078475,2306,6550054065.593397
0.225,0.3,0.2,0.275,96.3121501671176,3.3312939984427246,7.893133160163929,0.2839051233193204,0.470285446888161,1.5503329461266433,2137,4865607508.35588
0.3,0.35,0.05,0.3,147.87985888198654,3.963056840346857,7.8826819842647575,0.36173421935823524,0.456,1.4020168164457334,2500,7443992944.099327
0.225,0.35,0.25,0.175,92.13874106450348,3.2709260101291484,7.880420577845284,0.1335899741889981,0.4901315789473684,1.6616871087183396,1520,4656937053.225174
0.175,0.475,0.1,0.25,114.19568498176692,3.571710121349163,7.877857680634482,0.24708132579081185,0.43937748823742306,1.3185845691354472,2763,5759784249.088346
0.375,0.3,0.075,0.25,133.05040185439117,3.7990832079390096,7.864822248439203,0.4334841313217592,0.4571917808219178,1.5889314915897716,2336,6702520092.719558
0.225,0.425,0.1,0.25,122.91490452283237,3.6797760949013094,7.864582141894996,0.25845615219639306,0.4475366679202708,1.457751618730166,2659,6195745226.141619
0.175,0.5,0.025,0.3,126.6248449611788,3.724190665896508,7.863070389227505,0.23566504292408083,0.4366812227074236,1.455987588711551,2748,6381242248.05894
0.275,0.4,0.1,0.225,128.19417728553066,3.742714309207841,7.830791833889351,0.3771914122742794,0.45413779046066044,1.4871857438841651,2453,6459708864.276532
0.325,0.425,0.075,0.175,134.76574919086042,3.81866211578399,7.799650007244131,0.33867314458616904,0.45554649265905384,1.4531994263342651,2452,6788287459.543021
0.375,0.25,0.075,0.3,123.35172187256367,3.6850521286273237,7.781459830259827,0.4240839251700946,0.4552915766738661,1.5189660043622768,2315,6217586093.628183
0.15,0.275,0.275,0.3,88.78412915865589,3.2210544707852096,7.778270275436203,0.16866492611868467,0.4737704918032787,1.6246869183127712,1830,4489206457.932795
0.275,0.45,0.125,0.15,121.68392575860668,3.664839553816029,7.771652627458862,0.2429374229783301,0.45512277730736667,1.4916921864143524,2362,6134196287.930334
0.375,0.4,0.05,0.175,125.12968423967023,3.7063979110724183,7.771600121286014,0.35744001355603994,0.4583333333333333,1.4100306772618312,2424,6306484211.983511
0.225,0.425,0.175,0.175,107.71541602044304,3.4877344190174746,7.766729412306003,0.3869292614298652,0.46905393457117595,1.5588185812544026,2262,5435770801.022152
0.35,0.2,0.15,0.3,91.92497824716224,3.267784859558657,7.765362307483828,0.2562902932295231,0.47360774818401935,1.6753486194321496,2065,4646248912.358112
0.3,0.45,0.075,0.175,121.7817267639655,3.6660299746917806,7.751839578199525,0.3388991586009383,0.4491697043337384,1.4763790746850372,2469,6139086338.198275
0.4,0.275,0.025,0.3,132.25550717874947,3.789952532125568,7.747257472556279,0.39690587550543854,0.45358649789029537,1.4854974880206886,2370,6662775358.937473
0.3,0.4,0.1,0.2,121.54498324243966,3.6631472541576837,7.7456384439303845,0.28052486593800563,0.45300906842539157,1.4979031189043357,2426,6127249162.121983
0.2,0.3,0.25,0.25,91.47278198350317,3.2611238120418706,7.735743596030619,0.183863684384152,0.4923251847640705,1.5396853497715557,1759,4623639099.1751585
0.3,0.4,0.125,0.175,109.66473761155493,3.5133448454358644,7.724545055600057,0.3573849511601152,0.46385017421602787,1.4853296615763727,2296,5533236880.577746
0.275,0.3,0.2,0.225,105.95523250635857,3.4643393129793774,7.72284420840345,0.4076276259856828,0.4942654287274713,1.6917886717856865,1831,5347761625.317928
0.4,0.4,0.05,0.15,122.48031221322037,3.674514374105698,7.71432535770418,0.22693536767169759,0.45734498543487306,1.4722544142376164,2403,6174015610.661018
0.275,0.25,0.2,0.275,104.89246568535881,3.4500867992913813,7.711191905303184,0.3677080833277791,0.48187633262260127,1.602596666663666,1876,5294623284.2679405
0.25,0.375,0.175,0.2,94.44359691255374,3.3044876403608097,7.708229707282429,0.25677755982728584,0.4696691176470588,1.5673636173477588,2176,4772179845.627687
0.25,0.45,0.1,0.2,120.73978021103198,3.653314227105284,7.700433525332408,0.4070018541163337,0.4525518341307815,1.519912963542124,2508,6086989010.5515995
0.375,0.325,0.075,0.225,116.99763166386185,3.6070260982100653,7.69960520205586,0.4864251423966626,0.4589041095890411,1.5778491426549408,2336,5899881583.193092
0.275,0.4,0.025,0.3,122.92186574493101,3.6798602740509265,7.675909395966354,0.23871392661934623,0.4412523020257827,1.4457785676331962,2715,6196093287.246551
0.25,0.275,0.2,0.275,98.31667959074053,3.3596648417770485,7.6749370241104335,0.22911880501248624,0.4680746561886051,1.6531057995837892,2036,4965833979.537026
0.2,0.225,0.275,0.3,78.29875053722809,3.056498858205508,7.674681051047225,0.20936033026638345,0.481335952848723,1.5704148117530379,1527,3964937526.8614044
0.3,0.375,0.025,0.3,128.6724656280788,3.7483293630871755,7.664724871913884,0.24421451172715075,0.449063670411985,1.4327216605121786,2670,6483623281.403941
0.15,0.35,0.2,0.3,98.25025954968781,3.358731040192036,7.6560149675421725,0.21573654873392267,0.4657070279424217,1.3894243286459431,2362,4962512977.48439
0.15,0.475,0.15,0.225,106.10481757716735,3.466337623062371,7.649867196449032,0.23253771164422796,0.4486404833836858,1.3643401342960106,2648,5355240878.858368
0.2,0.475,0.125,0.2,113.38110939144029,3.56133372884556,7.649075522786394,0.301637426359861,0.45294338207724033,1.4040444345697913,2667,5719055469.572015
0.225,0.375,0.2,0.2,91.49078603812372,3.261389442347687,7.645832735821885,0.2517119186361407,0.4699763593380615,1.5082788624505852,2115,4624539301.906186
0.275,0.375,0.125,0.225,119.2737665474231,3.635297341567159,7.635939097762531,0.3366751591875614,0.4517081400253058,1.538378814923219,2371,6013688327.371155
0.2,0.325,0.25,0.225,88.36443638185554,3.214726419764001,7.633322418421054,0.2570263140585361,0.48876080691642654,1.4952872289619272,1735,4468221819.092777
0.25,0.35,0.1,0.3,118.13834085388989,3.6212404298791707,7.632322747004365,0.31894461622069914,0.4549459351221466,1.4439432379888717,2497,5956917042.694494
0.325,0.3,0.075,0.3,130.06982771392106,3.7646540083221343,7.628488637901734,0.40712319158847987,0.4552577319587629,1.5869229663266036,2425,6553491385.6960535
0.3,0.475,0.075,0.15,123.07460981375904,3.6817065356856844,7.627651477161832,0.31782944105491273,0.4552683896620278,1.4784340323361251,2515,6203730490.687952
0.15,0.4,0.275,0.175,85.2934924535669,3.1677970813942924,7.619888183491249,0.15807294626367033,0.4901630129286116,1.4795405201242868,1779,4314674622.678345
0.325,0.425,0.05,0.2,123.3372886214373,3.684878000177009,7.617014676411363,0.4679957634544011,0.4533011272141707,1.4387144489257315,2484,6216864431.071865
0.25,0.375,0.125,0.25,119.10157821557968,3.6331714179137675,7.599330805007561,0.2920463504203503,0.4528763769889841,1.507009582203502,2451,6005078910.778984
0.175,0.4,0.175,0.25,112.49320315395865,3.5499658393748046,7.595363617597193,0.2975820598475996,0.46274834437086093,1.4284405990381457,2416,5674660157.697932
0.35,0.35,0.15,0.15,100.34953635689628,3.388041802010303,7.593434896951769,0.3377685309071603,0.47592778335005015,1.5891969859628303,1994,5067476817.844814
0.175,0.25,0.275,0.3,75.35426489981471,3.0076468327016936,7.591917779900734,0.2521133917172291,0.485813549507817,1.6071810376952234,1727,3817713244.9907355
0.2,0.45,0.2,0.15,98.26822080257736,3.358983599945014,7.590817007490627,0.26126856767568235,0.4665725047080979,1.4923285287791788,2124,4963411040.128868
0.375,0.35,0.075,0.2,106.92143345749577,3.4772134932149266,7.586179152538542,0.48353805771331076,0.4583333333333333,1.547194977921382,2352,5396071672.874788
0.15,0.425,0.15,0.275,102.12444524221065,3.4125033074414004,7.580944243336119,0.23013882065844954,0.4473190851143607,1.3494867016628282,2667,5156222262.110533
0.2,0.375,0.175,0.25,110.41680402665638,3.523143596557504,7.580640596489784,0.37145656119698645,0.4678938356164384,1.485670822405768,2336,5570840201.332819
0.325,0.25,0.175,0.25,99.62523004340555,3.3779758472023387,7.576302629982268,0.3396492203164424,0.4859714134462679,1.5075072004694974,1889,5031261502.170278
0.3,0.425,0.025,0.25,128.84701028034146,3.7503749918881626,7.573447088517304,0.3088010522577063,0.44351781652767247,1.4720631523775178,2638,6492350514.017073
0.15,0.375,0.2,0.275,100.5358498869833,3.3906231587099516,7.565587609029377,0.18344121769791324,0.45962199312714774,1.4073946974565248,2328,5076792494.349165
0.2,0.325,0.175,0.3,105.66483595388952,3.4604544684350627,7.556962394495759,0.445354042587358,0.4635705155517682,1.4658213862369558,2347,5333241797.694476
0.225,0.425,0.2,0.15,84.05303079594347,3.14851865262096,7.537056668123842,0.2743155795782631,0.472007722007722,1.524975011981774,2072,4252651539.7971735
0.275,0.425,0.1,0.2,114.72543656974436,3.578431570547492,7.535944723228634,0.34741155497470416,0.4573170731707317,1.4590587308005913,2460,5786271828.487218
0.325,0.375,0.125,0.175,95.38397984173099,3.3180225806657786,7.530052342864714,0.32258978351062423,0.46058458813108943,1.5396790841749521,2258,4819198992.08655
0.175,0.475,0.15,0.2,107.90097897243828,3.490185746325489,7.524580308054255,0.2899064805432767,0.4489092996555683,1.3897237595599865,2613,5445048948.621914
0.375,0.375,0.075,0.175,107.6806268670604,3.4872745301175136,7.508914604659252,0.38372442378850774,0.4565767284991568,1.4934998927036778,2372,5434031343.35302
0.25,0.425,0.1,0.225,113.92971406370098,3.56832757647586,7.508677425631529,0.41616951994723744,0.458,1.4958465721899343,2500,5746485703.185049
0.2,0.35,0.175,0.275,107.44197810231798,3.484117055059846,7.492414151625253,0.47165358719310446,0.4662655779974216,1.4406031927912337,2327,5422098905.115899
0.325,0.35,0.15,0.175,88.53854254666594,3.21735400763634,7.4901554316836,0.2853320921666625,0.472,1.488231931532679,2125,4476927127.333297
0.375,0.35,0.125,0.15,83.79642248646499,3.1445067935818374,7.482658319827838,0.3407691627000924,0.4683247301736274,1.539011381581054,2131,4239821124.32325
0.25,0.4,0.2,0.15,87.51135712146838,3.2018013085522874,7.474085154451459,0.22078845595691135,0.48091603053435117,1.6448492423847272,1965,4425567856.073419
0.375,0.4,0.075,0.15,107.45523485013172,3.484292574113378,7.472211698454944,0.3128252852390182,0.45397489539748953,1.4433744083068745,2390,5422761742.506586
0.2,0.425,0.15,0.225,107.05399500571377,3.478973694131035,7.47151312550011,0.35682104956228733,0.46228317870108915,1.4562699642693027,2479,5402699750.285688
0.35,0.35,0.1,0.2,95.6233111667858,3.321452936850882,7.471152267799173,0.39356368036856587,0.4568593615185505,1.5387854523716935,2318,4831165558.33929
0.225,0.4,0.225,0.15,84.62071690443942,3.1573648091784365,7.4505688145950915,0.22240088759398158,0.48518725544997204,1.559663465769095,1789,4281035845.221971
0.4,0.325,0.125,0.15,91.21847304201329,3.257367998160757,7.449666201797388,0.33207548735459885,0.47173489278752434,1.5862822445644633,2052,4610923652.100664
0.15,0.275,0.3,0.275,63.24222613484928,2.79201566498665,7.449457701945348,0.16426334026867848,0.4835505896958411,1.5687976133147061,1611,3212111306.742464
0.325,0.325,0.15,0.2,89.44051744271029,3.2309111788354805,7.446535624268824,0.2379630302872654,0.4727358937885254,1.5317271634803291,2109,4522025872.135514
0.15,0.475,0.125,0.25,99.05747670750041,3.3700510765210803,7.435586923096249,0.2691919317982092,0.4427255985267035,1.33515111259859,2715,5002873835.375021
0.25,0.425,0.175,0.15,84.39293104960083,3.1538200644760375,7.4340874759987905,0.37428246636597756,0.4675563736769443,1.5857207525095014,2173,4269646552.4800415
0.25,0.425,0.15,0.175,99.33537233968674,3.373933786540279,7.403914596808062,0.4053285679940212,0.45764909248055313,1.4872924360988147,2314,5016768616.984337
0.25,0.325,0.2,0.225,85.82769347630924,3.176041260596932,7.400242683585296,0.2524401866189292,0.4692682926829268,1.4986279345307236,2050,4341384673.815462
0.325,0.4,0.125,0.15,92.25257303079586,3.272596721404968,7.386090346861348,0.3114558392547935,0.45601436265709155,1.5846012700390717,2228,4662628651.539793
0.35,0.325,0.175,0.15,68.10333014584214,2.881625654333897,7.36783579250718,0.25259772521695817,0.4835164835164835,1.5978917987382413,1456,3455166507.292107
0.175,0.225,0.3,0.3,78.21805810273155,3.055176668077001,7.367270612357761,0.15596201822700295,0.4851004851004851,1.65411274987806,1443,3960902905.1365776
0.275,0.325,0.225,0.175,73.6059890165328,2.978032466067332,7.366109722070925,0.17345599369465053,0.4902370990237099,1.6285151831436517,1434,3730299450.82664
0.325,0.45,0.075,0.15,114.45242232032072,3.5749702039948463,7.358599987022368,0.33994444413313923,0.4489713594191206,1.4576244775564107,2479,5772621116.016036
0.275,0.375,0.2,0.15,87.54943881102707,3.202380090568626,7.356051726140794,0.39067977727981285,0.5008498583569405,1.6577326517037265,1765,4427471940.551353
0.275,0.425,0.025,0.275,107.32323368529934,3.4825442306984513,7.354083222913727,0.24061936047696328,0.43796433878157504,1.432592560821628,2692,5416161684.264967
0.275,0.375,0.1,0.25,110.58998014631183,3.5253935534098577,7.345579258486369,0.31475457259332806,0.45592455924559244,1.4878502100639328,2439,5579499007.315592
0.4,0.3,0.025,0.275,117.14605738139869,3.6088808967982047,7.343231626430337,0.3956539401775284,0.4534497090606816,1.480487723103311,2406,5907302869.069935
0.175,0.5,0.125,0.2,99.73453990947867,3.379498116041052,7.338017293472169,0.2257384627300044,0.4428518926865123,1.317485874445577,2721,5036726995.473933
0.175,0.5,0.1,0.225,97.2885936302613,3.3451630917472723,7.335981720751744,0.26783485492317033,0.43878299120234604,1.3204588577136955,2728,4914429681.513065
0.2,0.375,0.25,0.175,85.22641866725043,3.1667595005993787,7.334871028218306,0.21411366190922618,0.4911242603550296,1.5779435111470927,1690,4311320933.362521
0.275,0.325,0.1,0.3,102.53243830455743,3.4180856809182805,7.330713580929319,0.4268480496524955,0.4538021259198692,1.440192308772382,2446,5176621915.227872
0.35,0.275,0.175,0.2,71.92781531706122,2.949158442540072,7.32859133254102,0.20920882683684217,0.4904632152588556,1.5649341988473606,1468,3646390765.853061
0.225,0.35,0.225,0.2,91.67004270041062,3.2640322648162714,7.325290485936636,0.3951888659699042,0.49378042184964843,1.56601969428036,1849,4633502135.020531
0.25,0.3,0.2,0.25,92.21745920163225,3.272081503826917,7.323897370094532,0.2558931237484558,0.4673489278752437,1.6166753575936705,2052,4660872960.081613
0.2,0.45,0.15,0.2,103.73238394220796,3.434417775172765,7.318467910617628,0.3452928472027518,0.45713141025641024,1.4493942352870024,2496,5236619197.110398
0.15,0.5,0.125,0.225,93.3373880830252,3.288449416261618,7.314412116131688,0.21963648870752608,0.44145155256266366,1.3476211916015048,2673,4716869404.15126
0.15,0.5,0.1,0.25,100.89179187319851,3.3955457639528968,7.311629704443024,0.2259846711021911,0.43524261218533383,1.3151785426831981,2741,5094589593.659925
0.175,0.35,0.225,0.25,87.85813823763583,3.2070656044674086,7.296056908876017,0.3436575359756624,0.46541176470588236,1.5430743284198885,2125,4442906911.881791
0.275,0.275,0.2,0.25,93.56139529551575,3.291707438612942,7.289345977828318,0.3307293183528613,0.4809447128287708,1.6013726534038697,1863,4728069764.775787
0.15,0.3,0.275,0.275,78.81308084546035,3.0649050233392243,7.288588124531511,0.20956779738206063,0.4778082191780822,1.493384552948071,1825,3990654042.2730174
0.225,0.4,0.2,0.175,78.81246402626041,3.064894964192093,7.284593698048193,0.24394980701575616,0.47141472868217055,1.4898055542282878,2064,3990623201.3130207
0.2,0.375,0.2,0.225,89.44497690454014,3.230977978126112,7.274813006589088,0.2708627181727562,0.46678798908098273,1.4359688419699275,2198,4522248845.227007
0.375,0.375,0.025,0.225,104.9330978866341,3.4506334915789587,7.258723653062679,0.472610905022721,0.45105177993527507,1.472320362414077,2472,5296654894.331705
0.175,0.425,0.15,0.25,94.88205249900803,3.3108095628451473,7.2585075216800234,0.2401160644301711,0.4486792452830189,1.3862891948589975,2650,4794102624.950401
0.4,0.375,0.075,0.15,91.1010182222159,3.2556309653514637,7.256926004330289,0.3684048213688652,0.46334056399132323,1.50996414399946,2305,4605050911.110795
0.15,0.475,0.225,0.15,86.96857050773302,3.1935333391409033,7.246848055072322,0.4241415911705446,0.46966824644549765,1.4848400613963861,2110,4398428525.386651
0.175,0.325,0.225,0.275,81.8852006679969,3.1143636206515177,7.2448517266606824,0.3672128392252356,0.467194043741275,1.5351040207491282,2149,4144260033.399845
0.15,0.35,0.225,0.275,90.18740825998697,3.242067952922132,7.241369033187197,0.2548397839311591,0.4663048394391678,1.4731085807371047,2211,4559370412.999349
0.35,0.325,0.15,0.175,83.59849824801667,3.1414067701040054,7.234754148717854,0.29351225417119786,0.4791459781529295,1.572261001472052,2014,4229924912.400833
0.275,0.475,0.075,0.175,107.01155764034382,3.4784103550388874,7.23361974809721,0.4217237594519099,0.44752475247524753,1.4465294507241058,2525,5400577882.017191
0.175,0.45,0.15,0.225,94.23740889805532,3.3015078682029433,7.213020180057871,0.20465139388171658,0.45096554335478983,1.355953620527716,2641,4761870444.902766
0.225,0.375,0.25,0.15,76.94042084561583,3.0341187785158183,7.20155800627618,0.1397235539656882,0.4882943143812709,1.5844783863991085,1495,3897021042.2807918
0.4,0.325,0.1,0.175,87.1061425276531,3.1956321716146947,7.196596720433158,0.2855464546608001,0.46178057553956836,1.5708245911608494,2224,4405307126.382655
0.2,0.35,0.2,0.25,80.81314131744325,3.097248131212406,7.194855006776404,0.2996665584585655,0.4732304900181488,1.4299737817073124,2204,4090657065.8721623
0.15,0.25,0.3,0.3,60.35286875028946,2.7365485816635458,7.191844459689314,0.21588065519866304,0.47671568627450983,1.5687173753920833,1632,3067643437.514473
0.225,0.4,0.175,0.2,90.52181707251239,3.2470430973860234,7.178877581888939,0.3534449400339117,0.468187801667398,1.5120651711165196,2279,4576090853.62562
0.15,0.325,0.275,0.25,73.67734600908175,2.979250377879406,7.173503164223056,0.19243445942969248,0.4908485856905158,1.4908555327580026,1803,3733867300.4540873
0.275,0.45,0.075,0.2,103.5300022189861,3.431672169401354,7.173423857182179,0.4280047681821039,0.44515869827239857,1.420797906208493,2489,5226500110.949305
0.15,0.45,0.125,0.275,93.29949238122795,3.287897730832249,7.172765176799952,0.24373151355781078,0.4375,1.337673483647006,2736,4714974619.061398
0.3,0.375,0.15,0.175,79.63994222435026,3.0783423132744065,7.16363516772533,0.2612582968447808,0.4613646633529146,1.453950469717314,2213,4031997111.217513
0.175,0.275,0.275,0.275,63.351904560164584,2.7940874500808754,7.1619674221022995,0.22569752787636133,0.48456610366919045,1.5390076038325549,1717,3217595228.0082293
0.15,0.475,0.1,0.275,93.57622557297114,3.2919229489827684,7.1582021703782885,0.24471911060610863,0.4363702096890817,1.316290381340226,2766,4728811278.648557
0.15,0.45,0.1,0.3,90.25350373964778,3.2430522662133585,7.156100088098985,0.2533324562148873,0.4371804236669102,1.343498635300763,2738,4562675186.982389
0.2,0.375,0.225,0.2,78.56010404770933,3.0607750115427885,7.148660343216315,0.2838557252324655,0.48190381755081807,1.5241860194747476,2017,3978005202.3854666
0.325,0.375,0.15,0.15,72.48872069295595,2.9588589578608784,7.145711277151137,0.24812413624450627,0.4696317551410808,1.5057856273342112,2091,3674436034.6477976
0.25,0.325,0.25,0.175,72.25374279168294,2.9548013062264715,7.122957475082497,0.1889226848079687,0.49147286821705427,1.7870461875643346,1290,3662687139.584147
0.15,0.325,0.225,0.3,97.16583865553413,3.343424681306783,7.118680962229494,0.2652741724644943,0.45827755466309683,1.446755119419356,2241,4908291932.776707
0.3,0.375,0.175,0.15,78.84080056326492,3.0653570246345376,7.097728698880874,0.23773497495101473,0.4730964467005076,1.5091197230746074,1970,3992040028.163246
0.2,0.25,0.25,0.3,70.16429690044602,2.9183250789479884,7.09343177206423,0.2582030457298376,0.4787052810902896,1.496914851184663,1761,3558214845.022301
0.225,0.35,0.2,0.225,74.44161394294446,2.9922454618827503,7.086295137175459,0.27006555853908637,0.4722617354196302,1.4605372330057846,2109,3772080697.147223
0.2,0.35,0.225,0.225,72.70843674594862,2.9626450930058037,7.07317269426518,0.297235134283298,0.4742014742014742,1.4952516564276197,2035,3685421837.2974305
0.35,0.425,0.075,0.15,96.49438109084,3.333889505712661,7.072972566022961,0.2756921425405027,0.45194274028629855,1.3956953472984397,2445,4874719054.542
0.375,0.325,0.025,0.275,102.9857187067638,3.4242701903861272,7.063461504586443,0.3800012044929934,0.4480897009966777,1.497594169620852,2408,5199285935.33819
0.25,0.375,0.1,0.275,94.55052261209924,3.306031178175373,7.062809606713173,0.41426178760787113,0.45608380338436744,1.4433196729374849,2482,4777526130.604962
0.4,0.3,0.1,0.2,77.68051507566234,3.0463452803098123,7.057789739487836,0.3356601323862073,0.4583889630618603,1.5088170358898865,2247,3934025753.783117
0.175,0.35,0.2,0.275,101.1074079216259,3.398522006907564,7.043561848038507,0.4604296740404027,0.4735915492957746,1.398316216647092,2272,5105370396.081295
0.225,0.5,0.125,0.15,93.13127405728486,3.285446988315643,7.04157243982592,0.2568235636921149,0.44815112540192925,1.4032414650432734,2488,4706563702.864243
0.3,0.4,0.15,0.15,76.14853753797836,3.0209489929513706,7.038538268516303,0.23402784483328035,0.4652233993551359,1.5460396974872068,2171,3857426876.8989177
0.15,0.325,0.3,0.225,63.13425237068545,2.7899737302533762,7.035463708372663,0.1802700050524971,0.48096446700507617,1.455685584359365,1576,3206712618.5342727
0.4,0.325,0.025,0.25,105.54733670721214,3.4588805529389584,7.033854925636094,0.41346998482311015,0.4522633744855967,1.4933119489850717,2430,5327366835.360607
0.225,0.375,0.225,0.175,79.27883298087966,3.0724855176502466,7.033452213011376,0.3565552848809521,0.4899072558647027,1.6206185817122087,1833,4013941649.0439825
0.275,0.4,0.125,0.2,97.3683651488358,3.3462919953551626,7.031150212635777,0.3646306829527099,0.45390070921985815,1.4842228879563935,2397,4918418257.441791
0.225,0.325,0.2,0.25,77.73808894431724,3.047293128924535,7.022812093868931,0.2767087835780646,0.4688081936685289,1.5396424143619862,2148,3936904447.2158623
0.175,0.275,0.3,0.25,69.59355703988942,2.9082351079303956,7.004487159261613,0.22226269707006582,0.48497854077253216,1.6592104796761158,1398,3529677851.9944706
0.175,0.3,0.225,0.3,75.02042705117462,3.0020277679430327,6.996037108005926,0.363050639877923,0.4646324549237171,1.5158452760532488,2163,3801021352.558731
0.4,0.375,0.025,0.2,94.59621191179535,3.306690373078757,6.973208113154012,0.46095691426541424,0.4480492813141684,1.3822053454395817,2435,4779810595.589767
0.3,0.4,0.05,0.25,109.12312160867887,3.5062599996628716,6.966796050905397,0.46054053380408716,0.4509336511720302,1.3644259392743898,2517,5506156080.433944
0.275,0.4,0.15,0.175,77.64356693802029,3.0457367482848383,6.963057745637591,0.3474721240263513,0.45866666666666667,1.433349871083871,2250,3932178346.9010143
0.25,0.475,0.125,0.15,88.68515093436123,3.2195639101394997,6.943519913726277,0.29318656309966107,0.4503311258278146,1.4664412189687017,2416,4484257546.718061
0.325,0.3,0.175,0.2,87.36043975025974,3.199505934783038,6.914366543565551,0.365058093478071,0.4941427050053248,1.4972269343555087,1878,4418021987.512987
0.3,0.475,0.05,0.175,91.84691497640893,3.2666365297183537,6.894205419710549,0.4534233243785143,0.4471057884231537,1.442928747874847,2505,4642345748.820446
0.15,0.45,0.175,0.225,79.70163484535038,3.0793411157247066,6.883006358065241,0.2420982726766331,0.4515876127009016,1.3501724894181992,2551,4035081742.267519
0.325,0.45,0.05,0.175,95.13461541141645,3.3144422538988474,6.882473531518399,0.44511007567389815,0.4482897384305835,1.375812357662907,2485,4806730770.570823
0.175,0.375,0.275,0.175,65.84982145153585,2.84063583815237,6.8811574208533575,0.14748117746124714,0.48451053283767037,1.4663435302859487,1614,3342491072.5767922
0.225,0.45,0.15,0.175,83.68378536648466,3.1427431985966576,6.861789164721435,0.32287121199434715,0.4532494758909853,1.460489765398902,2385,4234189268.324233
0.2,0.35,0.275,0.175,58.4992404385607,2.7000229650435847,6.85554309588064,0.16126623582088143,0.48719824433065106,1.5900879213132595,1367,2974962021.928035
0.375,0.2,0.15,0.275,71.27892956018772,2.9378728745961618,6.84602820277677,0.2999591447464953,0.4821973550356053,1.674158082083083,1966,3613946478.009386
0.325,0.4,0.05,0.225,95.04284610946962,3.3131230586774585,6.84533055280856,0.46439752079918245,0.4541800643086817,1.3284327395770987,2488,4802142305.473481
0.375,0.35,0.025,0.25,97.20732288258928,3.3440123307830696,6.844890640330066,0.4093579791622736,0.44690446904469044,1.4655610075808503,2439,4910366144.129464
0.25,0.3,0.25,0.2,59.35325072890895,2.7169458693068824,6.839027067220382,0.1978021778823489,0.49053747161241484,1.738997984126555,1321,3017662536.4454474
0.15,0.425,0.25,0.175,71.74960660592953,2.9460658183005037,6.833278165395166,0.3137526042567141,0.47484909456740443,1.5137291474316896,1988,3637480330.2964764
0.15,0.425,0.275,0.15,64.67087976916159,2.8188164582219337,6.825127761002901,0.17678532277388775,0.4827981651376147,1.5194176472493943,1744,3283543988.4580793
0.35,0.375,0.125,0.15,68.00861310236903,2.8799212561854723,6.8152935423494965,0.31465521555156806,0.45775941230486683,1.5194148219500896,2178,3450430655.1184516
0.15,0.5,0.175,0.175,80.5406597624671,3.0928736717632157,6.811789339520356,0.27887808802648567,0.44941080861438437,1.4329344985445507,2461,4077032988.1233554
0.2,0.325,0.225,0.25,67.10923748170522,2.8636575232833157,6.793943731951557,0.2859804018461947,0.46,1.4337306325161252,2050,3405461874.085261
0.3,0.475,0.025,0.2,92.14457124303341,3.2710116133502103,6.786797445859753,0.29121735747279015,0.4410276372129233,1.4242753385342637,2569,4657228562.15167
0.175,0.475,0.2,0.15,76.05187373634368,3.019335096774631,6.781124677748403,0.4463197491155564,0.4591280653950954,1.452712369940744,2202,3852593686.817184
0.2,0.4,0.225,0.175,69.98349306818922,2.9151346641282028,6.774446889571157,0.2849976671701675,0.4803229061553986,1.504708167891185,1982,3549174653.409461
0.325,0.475,0.05,0.15,85.11035907411741,3.16496284956614,6.769059652916498,0.4334121619360628,0.4498806682577566,1.4293638945622387,2514,4305517953.705871
0.375,0.3,0.025,0.3,92.93599322424257,3.2825982398529288,6.767220112542711,0.38419875534931275,0.4481757877280265,1.4146992407563892,2412,4696799661.212129
0.3,0.45,0.05,0.2,92.3465377437157,3.273974796848681,6.764010690550994,0.5141943037578117,0.4498407643312102,1.3967368684163803,2512,4667326887.185785
0.375,0.25,0.175,0.2,62.05022761714908,2.7693426082373334,6.758264397524363,0.3113222551000651,0.48026315789473684,1.625995617627236,1216,3152511380.8574543
0.175,0.5,0.15,0.175,81.60536391036577,3.1099105940997864,6.756894701669343,0.2135383492386165,0.4415036440352896,1.3754669254089895,2607,4130268195.518288
0.2,0.5,0.125,0.175,79.6942308947761,3.0792212733095212,6.7462407131800335,0.223490419789802,0.4437666793747617,1.348272854806106,2623,4034711544.738805
0.325,0.25,0.2,0.225,56.4969177878135,2.659687501149976,6.743712611544789,0.2083980762735885,0.4902694610778443,1.5895695733946655,1336,2874845889.390675
0.2,0.425,0.2,0.175,70.31002319012168,2.9208925170272386,6.709668073473075,0.37506966018741816,0.46853468075333027,1.4555485914475665,2177,3565501159.5060844
0.175,0.425,0.175,0.225,83.55621607197745,3.1407438790372124,6.7081204692108765,0.2992726328357725,0.46112266112266115,1.381000448770714,2405,4227810803.598872
0.325,0.325,0.075,0.275,81.38632981617451,3.10641795690288,6.7012274086860755,0.45134012581254446,0.4553681612505142,1.4531411750894254,2431,4119316490.8087254
0.225,0.3,0.225,0.25,74.884662209211,2.9997378140896913,6.693938446976662,0.3466051570630892,0.4761652542372881,1.5686572534628906,1888,3794233110.4605503
0.275,0.4,0.075,0.25,81.8311085437273,3.1135036534567853,6.690092066061874,0.5028060779195911,0.4530809504631494,1.4051906075528837,2483,4141555427.1863647
0.175,0.375,0.225,0.225,68.59851247409496,2.8905105180855584,6.680511617929184,0.3067854691774513,0.468075117370892,1.4186441557929075,2130,3479925623.7047477
0.325,0.225,0.175,0.275,68.07216855976783,2.881065088513982,6.679412274630646,0.33318030991385,0.4754521963824289,1.6421383658866346,1935,3453608427.9883914
0.15,0.5,0.2,0.15,79.11864186200832,3.0698816582582023,6.670694810843244,0.3018500518576005,0.45430579964850615,1.4302344023633786,2276,4005932093.100416
0.3,0.5,0.05,0.15,82.65239521016174,3.1265197565748757,6.658359675555903,0.3844717418185117,0.4467147435897436,1.418029267941877,2496,4182619760.508087
0.275,0.35,0.225,0.15,57.57960610002336,2.6816139967917563,6.655311028295204,0.1937677889259473,0.4868701206529453,1.624284484650432,1409,2928980305.0011683
0.325,0.375,0.025,0.275,91.99157489090712,3.2687639942515263,6.648337584393628,0.3475373983173277,0.45120967741935486,1.4857802163529037,2480,4649578744.545356
0.15,0.425,0.2,0.225,79.85975402484642,3.081898694660068,6.638520559164298,0.2554071374019894,0.4602224123182207,1.4075585643756414,2338,4042987701.2423215
0.25,0.35,0.2,0.2,64.07008020643339,2.807594550391298,6.625975230132184,0.28310783944076207,0.47084762371386574,1.4696243412569825,2041,3253504010.321669
0.35,0.425,0.05,0.175,84.28746784195404,3.152176696035581,6.624603874667636,0.459909143097227,0.45024469820554647,1.3158767661125377,2452,4264373392.097702
0.375,0.425,0.05,0.15,89.57478037540419,3.232921353484498,6.622779300294309,0.3793391868690867,0.45157335512872904,1.3534505816756577,2447,4528739018.770209
0.275,0.425,0.075,0.225,82.02100673451086,3.116521012060338,6.61902212206246,0.47057456306243073,0.45294353223868644,1.3848975619090094,2497,4151050336.725543
0.275,0.375,0.15,0.2,70.04982679142557,2.9163058117053144,6.618138045002125,0.36472147522233983,0.463620230700976,1.4267049034955919,2254,3552491339.5712786
0.15,0.45,0.2,0.2,77.69746037119164,3.0466243026079027,6.607311893605394,0.25132666123705366,0.4561175961954172,1.4411565011183416,2313,3934873018.5595818
0.15,0.375,0.225,0.25,71.67700154167741,2.9448043574458653,6.5914322455731,0.31589859339603665,0.46588341617713513,1.4568637944453542,2213,3633850077.0838704
0.35,0.325,0.025,0.3,89.45969880459398,3.231198484912447,6.5872897985361245,0.33513094430168844,0.4470877768662838,1.4318244120240229,2438,4522984940.229699
0.35,0.225,0.2,0.225,56.16007477230394,2.6528085919428808,6.579628855375131,0.21587880917753452,0.4768153980752406,1.6936020135662102,1143,2858003738.615197
0.3,0.5,0.025,0.175,81.6717818439077,3.110968425956192,6.567732771923197,0.26131373238940236,0.43701996927803377,1.4108496096499676,2604,4133589092.195385
0.4,0.425,0.025,0.15,79.7551751617492,3.0802075118939634,6.566506759816976,0.4609961048320314,0.44561688311688313,1.3780947070307012,2464,4037758758.0874596
0.225,0.45,0.125,0.2,87.39410801664543,3.2000182422143615,6.565247071635372,0.34257462506160385,0.4543642885611798,1.4172547808722995,2509,4419705400.832272
0.25,0.275,0.25,0.225,57.39483381460906,2.6778916174469964,6.564324643820692,0.1776975261386125,0.4871987951807229,1.6427044534398099,1328,2919741690.730453
0.2,0.25,0.3,0.25,54.70518235514359,2.622776476375809,6.560004068007381,0.1915148598931724,0.48348856900931414,1.755872988637741,1181,2785259117.7571797
0.35,0.35,0.025,0.275,87.29507385955117,3.1985109268228227,6.549112257531129,0.3021216339681008,0.4470252648736756,1.4305590352844142,2454,4414753692.977558
0.325,0.2,0.175,0.3,64.38208576696036,2.8134310305129513,6.526857352484718,0.27979043421236727,0.47191011235955055,1.5732475853465864,1958,3269104288.348018
0.175,0.45,0.2,0.175,67.80979782721478,2.8763384696561034,6.505063804913875,0.38203539663257086,0.4632616487455197,1.3968766129971928,2232,3440489891.360739
0.2,0.4,0.2,0.2,67.04637186482188,2.8625152555857256,6.489890565046096,0.33467105616023374,0.46766848816029144,1.440178501559357,2196,3402318593.2410936
0.375,0.25,0.15,0.225,63.07760596251991,2.788901532790055,6.486540499163316,0.38859218759124836,0.49249093733816673,1.5878749226778193,1931,3203880298.1259956
0.325,0.35,0.025,0.3,86.13262184262,3.1807316883520924,6.481403413864662,0.30124247739952925,0.450664518727346,1.405185588060913,2483,4356631092.131
0.325,0.225,0.225,0.225,56.883261429212205,2.667543650248776,6.473822232385869,0.2383115284145195,0.4728155339805825,1.685697099111575,1030,2894163071.4606104
0.15,0.4,0.2,0.25,69.97144405975159,2.9149218543823583,6.47307700901917,0.19201468358638388,0.4586369481354479,1.355371084594041,2333,3548572202.98758
0.15,0.35,0.275,0.225,57.93163090887256,2.688683776510428,6.470732861711811,0.20757688186778966,0.4926719278466742,1.420703889192128,1774,2946581545.4436283
0.2,0.325,0.275,0.2,58.39314048736016,2.6979090019307894,6.467073801543928,0.22309952151393495,0.4906474820143885,1.591406810090414,1390,2969657024.3680077
0.325,0.275,0.175,0.225,74.3685968779473,2.991007807536291,6.459323175479033,0.4219725304045633,0.48677248677248675,1.4998398559594237,1890,3768429843.8973646
0.275,0.225,0.2,0.3,63.68381017046173,2.8003424384552362,6.458318329167043,0.32110697220916323,0.4737389495579823,1.5667496674413293,1923,3234190508.5230865
0.2,0.4,0.25,0.15,60.05871658462948,2.730802885199765,6.455755477606642,0.21150496888626952,0.4888888888888889,1.5282540482474614,1665,3052935829.231474
0.175,0.35,0.275,0.2,57.08790695811029,2.671690603988588,6.45392082062386,0.14931189709725595,0.49031855090568394,1.4501648538336342,1601,2904395347.9055142
0.35,0.4,0.1,0.15,67.42411763586549,2.8693681329657257,6.451313063846963,0.36608382363623015,0.45901639344262296,1.465193242605859,2318,3421205881.793274
0.175,0.475,0.175,0.175,70.4203142658469,2.922833279424741,6.40800677293753,0.22953650008375356,0.45090602612726505,1.4232292791256347,2373,3571015713.2923446
0.2,0.425,0.225,0.15,66.58900654816985,2.8541832593879524,6.407489985120309,0.21494110352684204,0.4737384140061792,1.5046706236916654,1942,3379450327.4084926
0.3,0.3,0.1,0.3,75.70876267949505,3.0135953859886317,6.380867980646019,0.4793680821858093,0.4538169548713623,1.422628406312437,2371,3835438133.974753
0.175,0.325,0.25,0.25,59.34129433393865,2.716710070894263,6.359162953560706,0.3215588821672842,0.47674418604651164,1.5261913103372986,1892,3017064716.6969323
0.25,0.45,0.15,0.15,70.9314565736987,2.9318012093847274,6.359064329583934,0.3129381851558867,0.45066781559672553,1.5404541885185745,2321,3596572828.6849346
0.175,0.45,0.225,0.15,57.7910461387353,2.6858638387473883,6.356208511696511,0.2934482822851138,0.47081902893575284,1.358755861940805,2039,2939552306.9367647
0.15,0.475,0.175,0.2,65.10947715798308,2.8269647106315383,6.349701073113665,0.29873740556269285,0.44805455274769357,1.3639772392948109,2493,3305473857.8991537
0.225,0.325,0.225,0.225,68.68857465524668,2.8921218461932283,6.341024557820613,0.45174526664941145,0.4813256180957391,1.4973980610880033,1901,3484428732.7623343
0.325,0.45,0.025,0.2,74.02275454368008,2.9851346089282167,6.337062770891944,0.4548186150976665,0.44466640031961646,1.440208813891081,2503,3751137727.1840043
0.35,0.375,0.025,0.25,79.24698938358515,3.071968190832629,6.329570267485298,0.32212355984461394,0.44394981788749494,1.4460782702775044,2471,4012349469.179257
0.3,0.25,0.225,0.225,54.32157853242466,2.6147694004704225,6.318673548921658,0.2201417410580993,0.4776604386677498,1.5705517316206548,1231,2766078926.621233
0.4,0.4,0.025,0.175,72.55618510792172,2.9600223187059953,6.316393200565575,0.4165177783542376,0.44715447154471544,1.346293413456681,2460,3677809255.396086
0.375,0.275,0.15,0.2,60.600264528124846,2.7413665012428017,6.312869062640341,0.34634167633121654,0.48647242455775236,1.5333699763222843,1922,3080013226.4062424
0.35,0.475,0.025,0.15,73.39506422902645,2.974427793194937,6.312166215764122,0.3876978140904133,0.4472,1.3711174803999653,2500,3719753211.4513226
0.325,0.3,0.2,0.175,49.933667136867754,2.520372526527859,6.294638912717856,0.24734594583282535,0.4934261407579273,1.659943555530429,1293,2546683356.8433876
0.325,0.325,0.175,0.175,67.71521077519246,2.8746314759017113,6.293385313964273,0.3531925332818679,0.4888647474198805,1.6110170005446236,1841,3435760538.759623
0.15,0.475,0.2,0.175,68.32580976371955,2.885622855945812,6.2905962211519295,0.28760994827562114,0.45265888456549935,1.4010503105616032,2313,3466290488.1859775
0.4,0.35,0.025,0.225,73.87514475867681,2.9826222504433204,6.287476446041996,0.42435141687359607,0.449021207177814,1.3802663218812279,2452,3743757237.9338408
0.175,0.35,0.25,0.225,57.20737063151431,2.674106836252702,6.272674771745809,0.29032352941769063,0.47921108742004265,1.4544416602119192,1876,2910368531.5757155
0.175,0.425,0.225,0.175,59.961701953835814,2.728903765386004,6.250836265108089,0.38704058965028176,0.4652943992340833,1.4056541297533192,2089,3048085097.6917906
0.15,0.375,0.25,0.225,56.1868125551283,2.653355628423659,6.236244710994046,0.3593580438071939,0.4823821339950372,1.4599558453145012,2015,2859340627.756415
0.2,0.275,0.225,0.3,52.50811882900239,2.576396758710699,6.235479062815761,0.28068364770795856,0.4632850241545894,1.4479853529807007,2070,2675405941.4501195
0.325,0.275,0.2,0.2,49.3435145820916,2.5072598321867696,6.230247136385903,0.23690866986318565,0.4875659382064808,1.5713788148198091,1327,2517175729.10458
0.3,0.325,0.075,0.3,74.005495166225,2.9848410232352203,6.227248206947735,0.4591734603269142,0.44932844932844934,1.4355729226464695,2457,3750274758.31125
0.2,0.4,0.175,0.225,66.1565498985853,2.846269705823275,6.2142960228549535,0.4636170207788939,0.468709538195943,1.4365854163590333,2317,3357827494.929265
0.2,0.425,0.175,0.2,66.08978539120199,2.8450448932773633,6.20524704186566,0.41897832723454875,0.461439588688946,1.4071545710142142,2334,3354489269.5600996
0.275,0.2,0.25,0.275,51.409555729180774,2.552719465602277,6.204471367407478,0.2231664368488942,0.4780033840947547,1.631201070300313,1182,2620477786.4590387
0.325,0.25,0.225,0.2,46.60276604982059,2.4449535404614426,6.199132767579415,0.23392454679969824,0.464,1.5499919182596933,1000,2380138302.4910293
0.3,0.45,0.025,0.225,75.52802141781837,3.0105648470947477,6.194528084731973,0.24840110839227322,0.44197625430869397,1.350043658595817,2611,3826401070.8909183
0.175,0.3,0.3,0.225,55.020148429741795,2.6293228790429093,6.193853293434305,0.23732643665629044,0.4843636363636364,1.5432429220084782,1375,2801007421.4870896
0.225,0.25,0.225,0.3,54.600556714516514,2.620596321565117,6.191386343321102,0.32757210666805925,0.46987951807228917,1.5303139703133495,1909,2780027835.725826
0.4,0.25,0.175,0.175,38.03122934458413,2.2327748118360855,6.189751069547801,0.2679933155599437,0.48819742489270385,1.786144437242564,932,1951561467.2292066
0.35,0.2,0.2,0.25,46.069899309449596,2.432558290748637,6.178019521590372,0.22055073063783412,0.4866785079928952,1.6986111366976933,1126,2353494965.47248
0.375,0.4,0.025,0.2,68.97415326258891,2.897221871965642,6.172691470803127,0.45187298067408094,0.4461163074420496,1.4017037930761036,2459,3498707663.129446
0.3,0.425,0.125,0.15,62.76791840258953,2.7830283788048042,6.170480248569927,0.36352341004123545,0.44880546075085326,1.38756446874815,2344,3188395920.1294765
0.375,0.3,0.15,0.175,63.85679415038253,2.8035937940674347,6.168731215878778,0.43637152418795466,0.480595427963849,1.6168913655174249,1881,3242839707.5191264
0.2,0.225,0.3,0.275,47.43208106971366,2.4640583238309075,6.127653318899807,0.26584417832221025,0.47914963205233035,1.7435249858812898,1223,2421604053.485683
0.15,0.35,0.3,0.2,43.669655209382995,2.3755106747136727,6.120764287327236,0.1872630219349728,0.48488830486202367,1.4745685708107006,1522,2233482760.4691496
0.175,0.4,0.225,0.2,55.7008935438308,2.6433867973924414,6.111044326778762,0.3635051401988434,0.46883988494726747,1.428664581916006,2086,2835044677.1915402
0.225,0.475,0.125,0.175,64.67718046534571,2.8189337739218634,6.107790734565622,0.33088598477408887,0.45056270096463025,1.3828496099100978,2488,3283859023.2672853
0.325,0.425,0.025,0.225,72.40728859733017,2.957453769950927,6.102239062594053,0.4204882737352188,0.4411529223378703,1.3927085205337948,2498,3670364429.8665085
0.325,0.475,0.025,0.175,67.90759657369206,2.878101747770358,6.100456107953464,0.38607521837815095,0.44131641554321965,1.3870881862840763,2522,3445379828.684603
0.225,0.475,0.15,0.15,61.9914725634534,2.7682175173662964,6.100343349106827,0.2798454461625136,0.45255474452554745,1.4265415585825303,2329,3149573628.17267
0.2,0.475,0.175,0.15,58.98915254458376,2.7097510063032635,6.085831292269812,0.3673247018104979,0.46089630931458697,1.4578553045963307,2276,2999457627.229188
0.4,0.3,0.15,0.15,44.262944862801504,2.389801883157632,6.075075557954268,0.2383556490092389,0.4787154592979836,1.5636846010492358,1339,2263147243.140075
0.175,0.45,0.175,0.2,63.568512328107964,2.7981720501917424,6.0710984304685365,0.30055958214036427,0.4530730897009967,1.3580522228377885,2408,3228425616.4053984
0.15,0.45,0.25,0.15,52.816275200865775,2.5829790143376883,6.061127523380174,0.2245495823953374,0.47797131147540983,1.468265118860901,1952,2690813760.0432887
0.225,0.425,0.15,0.2,60.728949764492256,2.743867388334595,6.0453814134803885,0.4002737172039855,0.4559068219633943,1.42834242206413,2404,3086447488.2246127
0.4,0.225,0.175,0.2,40.91910284485413,2.307513882440349,6.042805080050838,0.21454658951408528,0.47291666666666665,1.746343741793149,960,2095955142.2427065
0.15,0.3,0.25,0.3,54.10116818124781,2.610151624377516,6.0281672227139955,0.3753301631117813,0.46128423040604344,1.504018032784028,2118,2755058409.0623903
0.175,0.5,0.175,0.15,59.56011696109369,2.7210205697843435,6.018618699827077,0.2402538309649832,0.44993608862377504,1.401090931079445,2347,3028005848.0546846
0.25,0.225,0.25,0.275,42.33879920201185,2.3429769552167388,6.017251714585268,0.2197017498184408,0.48771407297096053,1.5629113859428545,1343,2166939960.1005926
0.325,0.325,0.2,0.15,41.59913442501769,2.324600846293819,6.004560521182682,0.19121015637622707,0.4869230769230769,1.556440800702988,1300,2129956721.2508845
0.375,0.325,0.15,0.15,58.73188860611626,2.7046493538349714,5.9961723375507825,0.3538154955093596,0.48355263157894735,1.570948013443939,1824,2986594430.305813
0.15,0.45,0.225,0.175,52.57434671004286,2.577813563641382,5.9851243668024185,0.42450908581476426,0.4592833876221498,1.3589406247210127,2149,2678717335.502143
0.375,0.45,0.025,0.15,63.42173128210796,2.795405200878624,5.958733479113412,0.4080699074808585,0.4439461883408072,1.3363309162602437,2453,3221086564.105398
0.175,0.375,0.25,0.2,50.67537467813084,2.536706982332066,5.9512039623560575,0.33315654084391766,0.4798495432563138,1.423800439882464,1861,2583768733.906542
0.175,0.375,0.2,0.25,66.48524782960935,2.852287717208076,5.94249681183924,0.4635155700818947,0.4634146341463415,1.3944833453955727,2255,3374262391.480468
0.275,0.425,0.15,0.15,52.782863898943255,2.582266585477206,5.940453931536647,0.4251336177127894,0.45172878311629994,1.4415132250658786,2227,2689143194.9471626
0.375,0.425,0.025,0.175,62.123519609357785,2.770745065944521,5.931465064521806,0.4362052729221196,0.4434114793856104,1.3461798952537183,2474,3156175980.4678893
0.225,0.275,0.225,0.275,54.0313379682439,2.6086860057404118,5.92546003464368,0.46962012037001155,0.4724119810825013,1.5151105279770474,1903,2751566898.412195
0.3,0.275,0.225,0.2,48.91395076080147,2.497649427326647,5.922846978696121,0.23836019806719255,0.4827018121911038,1.6568355060040876,1214,2495697538.0400734
0.325,0.4,0.025,0.25,66.85651599077613,2.8590612153521215,5.920460768560861,0.3389265321572323,0.44194455604660504,1.4033472849578075,2489,3392825799.5388064
0.175,0.3,0.25,0.275,53.12351017419737,2.589516130838689,5.9118791461089755,0.44477009909848264,0.47199170124481327,1.5058733536769464,1928,2706175508.7098684
0.225,0.275,0.275,0.225,44.762669297147475,2.4017408054717215,5.896702149081053,0.20279811138845116,0.47721822541966424,1.5488519054543564,1251,2288133464.8573737
0.175,0.425,0.2,0.2,54.91431192554145,2.627125921132905,5.868044381019912,0.4517710037372198,0.45454545454545453,1.4378013743294096,2255,2795715596.2770724
0.3,0.2,0.25,0.25,42.63412510317518,2.3502544283425633,5.859347174859432,0.21920076916025708,0.48468271334792123,1.7699991063386753,914,2181706255.158759
0.25,0.3,0.275,0.175,41.61843625333778,2.3250831228152005,5.848285688380031,0.19793653462285188,0.4756703078450844,1.664076504370316,1007,2130921812.666889
0.35,0.4,0.025,0.225,64.09908041452505,2.8081378388754605,5.838622820639491,0.4163538588674659,0.44399514759401537,1.394734074113801,2473,3254954020.7262526
0.35,0.275,0.2,0.175,37.518582748559105,2.2191177918855374,5.8360642034102135,0.24534644878598347,0.47654784240150094,1.651383125792505,1066,1925929137.4279552
0.2,0.2,0.3,0.3,40.2483656950361,2.290474858710951,5.826274399095866,0.21715946901926964,0.47125506072874496,1.676407664637388,1235,2062418284.7518048
0.175,0.425,0.25,0.15,41.230516706657404,2.315361900263942,5.8213346059672055,0.23470014681412257,0.4812953657174763,1.406353929935351,1791,2111525835.3328702
0.2,0.475,0.15,0.175,57.49538597499536,2.6799183091979786,5.802041036677276,0.3446178417787997,0.4483884128926969,1.4026140160169762,2451,2924769298.749768
0.325,0.2,0.225,0.25,40.83340090756156,2.305347135559711,5.783392975280973,0.3109897087999423,0.4775390625,1.7837313924495213,1024,2091670045.378078
0.3,0.2,0.225,0.275,43.85541066875729,2.379998970019457,5.776631097914189,0.26851703364805257,0.47734375,1.6358961250288002,1280,2242770533.4378643
0.2,0.45,0.175,0.175,50.991218361864455,2.5436143624103047,5.737813644007281,0.3437103685262064,0.4605092792403971,1.4211828003428728,2317,2599560918.0932226
0.3,0.225,0.225,0.25,40.71078057462935,2.302241751031451,5.7353024628752785,0.21995897223509678,0.4764565043894653,1.5777585371210463,1253,2085539028.7314672
0.15,0.35,0.25,0.25,46.03563478904086,2.431757991138727,5.7324142757235945,0.39890311554993274,0.4596813133751811,1.466147184416718,2071,2351781739.452043
0.3,0.3,0.25,0.15,43.061033475854586,2.360715429020032,5.705868780621896,0.25185116023348136,0.4865771812080537,1.6619905874697516,894,2203051673.7927294
0.375,0.225,0.15,0.25,50.469274199381154,2.5321841559217164,5.688973662796588,0.3460705332803614,0.4853168469860896,1.589732311709674,1941,2573463709.9690576
0.2,0.5,0.15,0.15,55.38484740742048,2.636871769717211,5.686257473422753,0.36094422229216244,0.4504909983633388,1.380528245189176,2444,2819242370.371024
0.325,0.5,0.025,0.15,56.148129967285044,2.652564153307355,5.668246303639052,0.3929305790171448,0.4381933438985737,1.361585879590038,2524,2857406498.364252
0.35,0.45,0.025,0.175,55.48695357684881,2.6389793117516236,5.636253557136504,0.47596126985768605,0.4398390342052314,1.3181640568807598,2485,2824347678.8424406
0.25,0.25,0.275,0.225,36.73890316119886,2.1981080655072387,5.6073469019288265,0.20551482929826817,0.48661567877629064,1.6458223346761178,1046,1886945158.0599432
0.35,0.45,0.05,0.15,54.64052730433503,2.621429544549499,5.598234259117197,0.4950583200423549,0.4467229593888219,1.3174599015592736,2487,2782026365.2167516
0.175,0.275,0.25,0.3,40.186197344661025,2.288886057375037,5.563885660598741,0.429289414276723,0.46796514607893386,1.519248415774209,1951,2059309867.2330513
0.25,0.2,0.275,0.275,37.58304077577602,2.2208417333818353,5.54562556452073,0.18996264291944545,0.4683663833805477,1.6201212028353689,1059,1929152038.788801
0.25,0.25,0.25,0.25,36.865179949674754,2.201530695157626,5.529477183000337,0.21932290019277076,0.48439821693907875,1.6357508982712963,1346,1893258997.4837377
0.25,0.35,0.25,0.15,35.26072593481568,2.1574517114130147,5.511661575775062,0.1889325975327525,0.48962336664104533,1.698532523670635,1301,1813036296.7407842
0.15,0.325,0.25,0.275,42.61124567302737,2.349691828058489,5.511578225883741,0.38566291094677196,0.45998071359691417,1.4338041725759003,2074,2180562283.6513686
0.175,0.4,0.275,0.15,36.012732419036276,2.1782731483607236,5.495587429479378,0.20587307941109195,0.4834063869755792,1.4389958997783765,1597,1850636620.9518137
0.375,0.3,0.175,0.15,38.32836230219536,2.240634755326006,5.459941846441795,0.22492824690269897,0.4706896551724138,1.6473726887733884,1160,1966418115.109768
0.175,0.4,0.25,0.175,38.15119586672177,2.235953119465949,5.438191583273287,0.2331782224848661,0.4741523068371317,1.4156892898860427,1799,1957559793.3360884
0.15,0.4,0.25,0.2,40.90379090970632,2.3071269817418796,5.391624080496682,0.3518713699322525,0.47365780230807825,1.404311300366303,1993,2095189545.4853163
0.225,0.3,0.275,0.2,34.21405462259832,2.127977236046835,5.384403360903964,0.18224756747984733,0.4826472962066182,1.585042799168489,1239,1760702731.129916
0.35,0.25,0.2,0.2,33.374251601613324,2.1038945785194576,5.320052581870981,0.28010758267013564,0.47585601404741,1.6044106859995426,1139,1718712580.080666
0.35,0.3,0.2,0.15,31.26034981543327,2.0414509795628484,5.317255418752766,0.24773401817684332,0.4634615384615385,1.5302047548051323,1040,1613017490.7716634
0.275,0.275,0.25,0.2,33.638145031874124,2.111504816152823,5.279668190810972,0.22266948395360453,0.47513321492007105,1.6530471439983752,1126,1731907251.5937061
0.15,0.4,0.225,0.225,38.013073886689355,2.2322932357477274,5.25325962942904,0.3538754474986848,0.45955882352941174,1.3676434774433115,2176,1950653694.334468
0.35,0.425,0.025,0.2,45.55851058537729,2.420572623608727,5.250449716745739,0.5405444405047075,0.4425566343042071,1.3225433725918545,2472,2327925529.2688646
0.15,0.375,0.3,0.175,32.04122571882125,2.0648328763045587,5.243844667178079,0.262970052687686,0.4901185770750988,1.48830392165456,1518,1652061285.9410627
0.225,0.325,0.275,0.175,31.669877049706958,2.0537609115322715,5.232986999924804,0.2081815771109798,0.4869918699186992,1.5813758444278994,1230,1633493852.485348
0.15,0.425,0.225,0.2,38.579180090031365,2.2472381806762898,5.222268583764659,0.43353006909035147,0.46043498380379455,1.3485323061221302,2161,1978959004.5015683
0.15,0.4,0.3,0.15,33.266862708969725,2.100786295079527,5.183989403241569,0.2592589120125752,0.4834656084656085,1.5006896863119137,1512,1713343135.4484863
0.225,0.2,0.3,0.275,31.27962942572188,2.042032878561234,5.162830530474436,0.30282392664415897,0.47783251231527096,1.6041087848925073,1015,1613981471.286094
0.375,0.275,0.175,0.175,30.508172884676995,2.018561755203614,5.100648945597061,0.22144901159827643,0.4876441515650741,1.625384590884449,1214,1575408644.2338498
0.275,0.3,0.25,0.175,29.795084160430918,1.9965164090550673,5.059586659423871,0.21191756184645005,0.4891891891891892,1.635926459359579,1110,1539754208.021546
0.2,0.375,0.275,0.15,28.288494699649867,1.948772321218751,5.007970940653449,0.18332696441111357,0.4792263610315186,1.517772412904098,1396,1464424734.9824934
0.3,0.275,0.25,0.175,29.747220717332496,1.9950243205578988,5.007069989286689,0.20875693410255733,0.4716981132075472,1.6059565621492318,901,1537361035.8666248
0.4,0.275,0.175,0.15,24.389683238254484,1.8169290104465654,4.95906334385291,0.37711636343293314,0.47297297297297297,1.7633712376906052,888,1269484161.9127243
0.3,0.325,0.225,0.15,27.38639134507253,1.9193803607802282,4.953219317385342,0.22700589010744834,0.4766277128547579,1.511716225784229,1198,1419319567.2536263
0.225,0.35,0.275,0.15,28.242087890494183,1.9472754454965195,4.914802819010214,0.20816089960958223,0.4856909239574816,1.554637173160055,1223,1462104394.5247092
0.25,0.275,0.275,0.2,30.16297757207203,2.007932771547105,4.894669736399932,0.23746929810745693,0.4792671166827387,1.6484613291296664,1037,1558148878.6036015
0.25,0.225,0.3,0.225,31.003263904746014,2.03366889631239,4.883802618949553,0.23161492715496595,0.4803921568627451,1.6262138803183313,816,1600163195.2373006
0.2,0.3,0.225,0.275,30.033343079122115,2.003920497168581,4.875679794790943,0.2787174114431616,0.4580265095729013,1.4087452433294634,2037,1551667153.9561057
0.375,0.25,0.2,0.175,24.488052503327886,1.8204190696720453,4.841258864675318,0.2586477921230605,0.47447795823665895,1.6407776544721762,862,1274402625.1663942
0.35,0.2,0.225,0.225,26.608712066825404,1.8935283191336696,4.84077638978771,0.23522947250776732,0.46705882352941175,1.728016679870671,850,1380435603.3412702
0.175,0.325,0.3,0.2,27.765138156403708,1.9317967662759061,4.833984147580901,0.19602640754200842,0.4909090909090909,1.4726463852961846,1320,1438256907.8201854
0.225,0.25,0.275,0.25,27.895929653281087,1.9360586609389618,4.830356419017126,0.24895812271832715,0.4878048780487805,1.579598422251993,1271,1444796482.6640544
0.4,0.2,0.175,0.225,26.550467499253916,1.8915722937016426,4.8016701552425705,0.2523779914825073,0.4589515331355094,1.5953200031886208,1011,1377523374.9626958
0.275,0.325,0.25,0.15,25.133190522992813,1.8430840541060816,4.697484939650396,0.276714498628195,0.4785046728971963,1.6333421442035227,1070,1306659526.1496406
0.175,0.4,0.2,0.225,35.69049351634291,2.169386593959708,4.691810549596763,0.5289178061646099,0.4596631205673759,1.3595232406811568,2256,1834524675.8171456
0.275,0.225,0.275,0.225,25.463857384975444,1.8545538342269934,4.659241497602447,0.28261753537446027,0.4714611872146119,1.6336313984084678,876,1323192869.2487721
0.25,0.225,0.275,0.25,25.526138964220696,1.856703264817559,4.655936796207476,0.24080267005614628,0.47198480531813863,1.5189852852844086,1053,1326306948.2110348
0.25,0.325,0.275,0.15,26.029385064612846,1.8739464419007974,4.632838548290258,0.24307986902825973,0.46788990825688076,1.6846508244924514,981,1351469253.2306423
0.325,0.275,0.225,0.175,21.94404488537445,1.7270369595206074,4.56036921551401,0.22434909692249058,0.4567769477054429,1.4418315776413468,937,1147202244.2687225
0.375,0.2,0.2,0.225,19.900539559257158,1.6467857768131418,4.540714362658636,0.2855281935354877,0.4728079911209767,1.588396463959469,901,1045026977.9628578
0.35,0.275,0.225,0.15,23.600910060093398,1.788606022259009,4.535196159686873,0.3530703232098562,0.4682634730538922,1.5878659193473175,835,1230045503.00467
0.225,0.275,0.3,0.2,23.033987834532923,1.7678655788471294,4.497605230445551,0.3352649255556377,0.48050579557428874,1.6137234800817644,949,1201699391.7266462
0.3,0.225,0.25,0.225,22.146962333917326,1.7347365070471232,4.491367963714142,0.27089222322039475,0.4738562091503268,1.7027510580863694,918,1157348116.6958663
0.2,0.3,0.3,0.2,22.924393364424496,1.7638178824215074,4.481937808617033,0.3329625488734544,0.47741364038972545,1.5792589987202417,1129,1196219668.2212248
0.225,0.225,0.275,0.275,23.604456147837535,1.7887347256521542,4.479535404397639,0.2725266873693459,0.474010861132661,1.4706359688021347,1289,1230222807.3918767
0.325,0.2,0.25,0.225,22.94408872562039,1.7645462267835925,4.437220841119501,0.37976700521077833,0.46794871794871795,1.6765212264786686,780,1197204436.2810194
0.275,0.3,0.275,0.15,23.451413566779394,1.7831686135559885,4.421506736831081,0.3157193131011158,0.4755661501787843,1.5581391545076122,839,1222570678.3389697
0.3,0.3,0.225,0.175,23.702615317954773,1.7922923666659925,4.410742352044712,0.21472685327141858,0.4782251437962202,1.456292490629345,1217,1235130765.8977387
0.275,0.275,0.275,0.175,23.735253938379156,1.7934731782821656,4.408167567269155,0.288641634556149,0.46919431279620855,1.5917845483843038,844,1236762696.9189577
0.25,0.3,0.3,0.15,21.43145289830932,1.707378673451469,4.334121036194959,0.37136029196393006,0.4713763702801462,1.6298631421219896,821,1121572644.915466
0.225,0.25,0.3,0.225,21.080293262242822,1.693734503160667,4.272405810797643,0.42445058773315275,0.4728205128205128,1.5797726597462627,975,1104014663.1121411
0.275,0.25,0.25,0.225,21.078221080531858,1.6936535530493213,4.258441943766749,0.24468092504154235,0.4751286449399657,1.525386167581217,1166,1103911054.026593
0.275,0.225,0.25,0.25,20.569450153561583,1.673619980665793,4.246007585488474,0.21817705588411582,0.46503496503496505,1.4838680383495577,1144,1078472507.6780791
0.225,0.2,0.275,0.3,21.951949781048924,1.727337769430985,4.2282175812815295,0.26458194456199363,0.4672754946727549,1.4213925984005065,1314,1147597489.0524461
0.3,0.25,0.25,0.2,19.48390320100935,1.6297755532284932,4.191231651063614,0.31314826725169304,0.47435897435897434,1.58107512469028,936,1024195160.0504675
0.225,0.225,0.3,0.25,20.268720261729342,1.661626854231097,4.1527861119612846,0.3222178584761303,0.4717542120911794,1.517241956176245,1009,1063436013.086467
0.4,0.2,0.2,0.2,16.37599137595552,1.4948012666446076,4.149202581514381,0.2968578837638642,0.4712950600801068,1.6816147550588063,749,868799568.7977759
0.375,0.225,0.2,0.2,17.621004738305114,1.5506988814044291,4.136761523575814,0.3359242979168912,0.46206115515288787,1.5653151932812304,883,931050236.9152558
0.2,0.325,0.3,0.175,19.13245623385345,1.6152430183927984,4.126253490802502,0.3963346759486602,0.477797513321492,1.5068811168974072,1126,1006622811.6926725
0.2,0.275,0.3,0.225,19.044909443801043,1.611596114415478,4.1124327983959565,0.25877113296897475,0.4753246753246753,1.577030629296389,1155,1002245472.1900522
0.35,0.25,0.225,0.175,18.036122134257408,1.5687702179993317,4.103747449511314,0.25348319273291947,0.4720194647201946,1.6604517766942606,822,951806106.7128704
0.325,0.25,0.25,0.175,19.35433012626899,1.6244375035143128,4.091268639436682,0.31455082075076285,0.4774436090225564,1.6041250771158915,798,1017716506.3134495
0.225,0.3,0.3,0.175,19.285227421090024,1.621581214838669,4.044369776395162,0.3041186460000231,0.4702258726899384,1.5055965774392117,974,1014261371.0545012
0.325,0.3,0.225,0.15,16.858160650897577,1.5167626210648502,4.003161500307626,0.24110939437888662,0.4519956850053937,1.5171298125735733,927,892908032.544879
0.325,0.225,0.25,0.2,17.732029459251937,1.5555587383211935,3.905996190436657,0.3685451360947216,0.4847001223990208,1.719233880341195,817,936601472.9625969
0.275,0.25,0.275,0.2,16.86273092382597,1.516968843399869,3.891826523492498,0.29182802076883957,0.4679113185530922,1.5099651163978876,857,893136546.1912985
0.25,0.25,0.3,0.2,15.77806129076828,1.466984171536026,3.8769328214508256,0.3980350559224834,0.4700122399020808,1.574713039330834,817,838903064.538414
0.25,0.2,0.3,0.25,16.72255451836694,1.5106273334656208,3.846229753319717,0.2710665307735104,0.4712103407755582,1.569176065264698,851,886127725.9183471
0.375,0.275,0.2,0.15,14.94927659488197,1.4272898418489266,3.71143508523623,0.2431170984668667,0.4652777777777778,1.4355311330996041,864,797463829.7440985
0.35,0.225,0.225,0.2,14.137306184837097,1.3870167076295141,3.690621008072158,0.1969150826137915,0.46424242424242423,1.5732190742623007,825,756865309.2418549
0.175,0.35,0.3,0.175,15.113850472345717,1.435281745967199,3.585954378308098,0.2337926082004549,0.4805389221556886,1.3960355967269946,1336,805692523.6172858
0.35,0.225,0.25,0.175,12.971600299979368,1.3265457746375375,3.5054262956801754,0.2926351860097875,0.47478991596638653,1.7334531313878991,714,698580014.9989684
0.25,0.275,0.3,0.175,12.960956434998026,1.3259780952770805,3.4638882306258623,0.3352367971280063,0.46722288438617404,1.5578191922901348,839,698047821.7499013
0.325,0.275,0.25,0.15,12.142189960404735,1.2813982609970092,3.46091635152776,0.3668485070237419,0.4780426599749059,1.4736757978360704,797,657109498.0202367
0.175,0.375,0.3,0.15,12.067673255500164,1.277248226932734,3.321158607128547,0.19530524090096374,0.47356664184661207,1.3741065798073042,1343,653383662.7750082
0.35,0.25,0.25,0.15,9.589988260998068,1.128996356541497,3.31643263192063,0.32954649106296197,0.47262247838616717,1.7665806342252839,694,529499413.0499034
0.3,0.2,0.275,0.225,11.071691498629837,1.2201674362787274,3.2668289819048373,0.34380892493782195,0.46908602150537637,1.6609999764990655,744,603584574.9314919
0.3,0.25,0.275,0.175,11.4743288579106,1.2436149480978345,3.2547893992448755,0.33509365828216064,0.4712041884816754,1.571670555551107,764,623716442.89553
0.225,0.325,0.3,0.15,11.421725412325273,1.2405810942919424,3.22373075723118,0.3117712621019098,0.48004314994606256,1.523897186442619,927,621086270.6162636
0.2,0.35,0.3,0.15,11.00420810396132,1.2161857472340611,3.219591904338264,0.4140397458884319,0.47377938517179025,1.4322801138310577,1106,600210405.198066
0.3,0.225,0.275,0.2,10.944424777417616,1.2126456506108187,3.168327485383945,0.3441918956977466,0.47327249022164275,1.5608488511945109,767,597221238.8708808
0.35,0.2,0.25,0.2,10.093129657416977,1.160875631160763,3.1358976161047187,0.340962192525448,0.4684431977559607,1.643214491904997,713,554656482.8708489
0.325,0.225,0.275,0.175,9.058079844137193,1.0941541184243695,3.0656852355471846,0.37330623010813263,0.47413793103448276,1.649279521566941,696,502903992.20685965
0.275,0.2,0.275,0.25,9.986192876957691,1.1541836150153149,3.06456559039238,0.35545400321060583,0.4633596392333709,1.4732370758645104,887,549309643.8478845
0.325,0.2,0.275,0.2,8.578256618055232,1.061632106591754,3.051926420080777,0.33927249643275303,0.47007299270072994,1.7232122970112225,685,478912830.9027616
0.3,0.225,0.3,0.175,8.075214172449549,1.0263242338512786,3.0505749867140617,0.34322059494781215,0.4656160458452722,1.6500025873553896,698,453760708.6224774
0.275,0.225,0.3,0.2,9.793700056781073,1.142025111492741,2.8914513155091015,0.3501335196211734,0.4654002713704206,1.607954254295626,737,539685002.8390536
0.4,0.225,0.2,0.175,6.836804186946391,0.9333312030392182,2.8649647477899203,0.28670419239132455,0.4621309370988447,1.5217346770834808,779,391840209.34731954
0.3,0.275,0.275,0.15,8.73359529296009,1.0722796910727035,2.837016685923256,0.44638202922143905,0.47341115434500647,1.564736503478249,771,486679764.6480045
0.3,0.2,0.3,0.2,6.685899855150305,0.9213318222641675,2.743298334504817,0.34561053586343277,0.47297297297297297,1.6088180741880278,666,384294992.75751525
0.325,0.25,0.275,0.15,6.404430059838921,0.8985152680739965,2.715157448431291,0.3622016519760631,0.463519313304721,1.6617461842257393,699,370221502.99194604
0.375,0.2,0.225,0.2,7.033373448036449,0.9487284032990329,2.713000726198497,0.3340096662461863,0.45515394912985274,1.6496779826076473,747,401668672.40182245
0.4,0.225,0.225,0.15,5.633841914900919,0.8328710247086883,2.6877080329479894,0.2748659097821074,0.4613220815752461,1.5842205584747775,711,331692095.74504596
0.275,0.2,0.3,0.225,7.884649594227969,1.0126013487346692,2.6485407983370246,0.3287893673677578,0.451568894952251,1.5271813455839094,733,444232479.7113984
0.375,0.2,0.25,0.175,6.422270728654619,0.8999788062579563,2.619538708396827,0.29916675438688844,0.4625176803394625,1.612906325866547,707,371113536.4327309
0.375,0.225,0.225,0.175,6.447596646389325,0.9020522867144163,2.601900964155031,0.2579328333082895,0.4654939106901218,1.6037010626260553,739,372379832.31946623
0.35,0.225,0.275,0.15,5.368961127049304,0.8091118632510941,2.5871466901904983,0.36688937818486145,0.465592972181552,1.652657084181695,683,318448056.3524652
0.4,0.2,0.225,0.175,5.253476172427982,0.7985426220871614,2.544503940854911,0.2919474063914341,0.45718432510885343,1.6585274863401196,689,312673808.6213991
0.3,0.25,0.3,0.15,4.999490296349351,0.7748219336675672,2.260891634257724,0.486088735848481,0.4604105571847507,1.593492446279453,682,299974514.8174676
0.375,0.25,0.225,0.15,4.955507910655854,0.7706452622935116,2.2479189198324865,0.2836912810781404,0.4601063829787234,1.4527619146743052,752,297775395.5327927
0.275,0.25,0.3,0.175,5.0733078997866805,0.7817852892341108,2.238507292117415,0.448264921300152,0.45827814569536424,1.3946969799516529,755,303665394.98933405
0.35,0.2,0.275,0.175,3.969397505714544,0.6709319265109983,2.1196445810626336,0.37682977438683274,0.46577380952380953,1.510733873160064,672,248469875.2857272
0.275,0.275,0.3,0.15,4.366455517286258,0.7125701064920449,2.0561797590375503,0.5482133512505999,0.4675496688741722,1.4782359600413821,755,268322775.8643129
0.375,0.225,0.25,0.15,3.6553102825416994,0.636361898996195,2.0148912301108988,0.37043796401736284,0.4682080924855491,1.5300464150721267,692,232765514.12708497
0.325,0.2,0.3,0.175,3.6797120114234234,0.6391035044216973,1.9706939170198643,0.49103989686175314,0.4686064318529862,1.5698807186906696,653,233985600.57117116
0.4,0.25,0.2,0.15,3.166854077744934,0.5793000993633639,1.8552798799172947,0.3372326793883385,0.4485006518904824,1.4020795315757117,767,208342703.8872467
0.325,0.225,0.3,0.15,2.194268050694331,0.4504453665039787,1.423681450611532,0.5633049661005647,0.47976011994003,1.4274339004391157,667,159713402.53471655
0.35,0.2,0.3,0.15,1.8378884566149403,0.39653105769164565,1.3363921752204218,0.430052783094306,0.46771653543307085,1.495144420791676,635,141894422.830747
0.375,0.2,0.275,0.15,1.3248635032492821,0.31015197868661404,1.140669113798354,0.4283064824101741,0.45110410094637227,1.4186917914645172,634,116243175.16246411
0.4,0.2,0.25,0.15,1.2136096590181387,0.28974096288137763,1.0567070832107568,0.3155451566894923,0.44664634146341464,1.3628617762635442,656,110680482.95090693
