value_w,momentum_w,quality_w,growth_w,total_return,annualized_return,sharpe_ratio,max_drawdown,win_rate,profit_factor,total_trades,final_value
0.35,0.25,0.125,0.275,350.1474643514567,5.532420892743843,12.395468229286035,0.2887195172915936,0.475011256190905,1.78017230275366,2221,17557373217.572834
0.25,0.3,0.225,0.225,308.6857575907789,5.274819072334036,12.116605544432932,0.1893067150850157,0.5091770278271166,1.8237014524099249,1689,15484287879.538944
0.2,0.35,0.15,0.3,316.52336196595786,5.325237531176042,11.831368249573394,0.19713539817090317,0.46864820846905536,1.6134707809306454,2456,15876168098.297894
0.3,0.2,0.2,0.3,251.24462506065777,4.875858299512834,11.623543877395827,0.17584740893564663,0.4919210053859964,1.8060811833091925,1671,12612231253.032888
0.175,0.4,0.125,0.3,308.5480275405619,5.273925355060765,11.419398033464121,0.22452317890165535,0.4473110465116279,1.4898941455877575,2752,15477401377.028095
0.375,0.325,0.05,0.25,392.8639128244031,5.777014651907332,11.407377660896987,0.3880160821516018,0.46115906288532676,1.6979472150809494,2433,19693195641.220154
0.25,0.375,0.15,0.225,290.86886623035394,5.156888214042022,11.263516354059169,0.2759804401867499,0.47488192357234865,1.6621190622382882,2329,14593443311.517698
0.35,0.275,0.125,0.25,276.96008282455267,5.06137633432784,11.17024636402748,0.2986334530442726,0.47601972209771404,1.759988393768255,2231,13898004141.227633
0.4,0.25,0.125,0.225,259.7687606924712,4.9387222462965035,11.088945306366332,0.28398541618056306,0.48290804044294655,1.6905253464899992,2077,13038438034.62356
0.325,0.3,0.125,0.25,286.16848713949594,5.124963682668858,11.029541830657616,0.34353974089629974,0.4619445666520018,1.6905955013128857,2273,14358424356.974798
0.25,0.325,0.225,0.2,238.5108137357318,4.779200554557664,11.02494218011891,0.15179118322783133,0.5123152709359606,1.773491241831758,1624,11975540686.78659
0.35,0.225,0.125,0.3,234.95921419764954,4.751620562443309,10.99416397047051,0.2688014757034978,0.4754322111010009,1.6237641573522146,2198,11797960709.882477
0.375,0.225,0.1,0.3,258.69352112935417,4.9308702850465815,10.980471673014575,0.2925849057017536,0.47375565610859727,1.650854971384558,2210,12984676056.467709
0.375,0.275,0.125,0.225,241.71766275963202,4.803865533544613,10.932685603664043,0.2686773151041061,0.4781395348837209,1.6840993725806124,2150,12135883137.981602
0.325,0.275,0.125,0.275,273.7215722250991,5.038673102311512,10.925440864214604,0.3161021754030903,0.46620148277365897,1.652317861013941,2293,13736078611.254957
0.3,0.325,0.2,0.175,214.86243216176274,4.589992277665723,10.90407191702791,0.193493861624089,0.4956521739130435,1.702101714987221,1495,10793121608.088137
0.25,0.35,0.15,0.25,275.9838109588005,5.054551304114358,10.888188258796063,0.38627986209087967,0.46983311938382544,1.565271826460913,2337,13849190547.940027
0.325,0.3,0.1,0.275,311.45850515409273,5.292753975618051,10.859766672873345,0.36835511188512027,0.4636095919225915,1.729699939512092,2377,15622925257.704636
0.325,0.25,0.125,0.3,245.7671928339127,4.834697372466551,10.754760285655118,0.3203797890632487,0.46630968317715304,1.5908772187769762,2241,12338359641.695635
0.3,0.25,0.2,0.25,207.1793207764998,4.525497348203173,10.715048206764372,0.21612953091109013,0.5127566894835096,1.5907240284132358,1607,10408966038.82499
0.4,0.325,0.05,0.225,318.04492271352194,5.334927228407816,10.69246235586311,0.38795798529514236,0.4568106312292359,1.5880165089186933,2408,15952246135.676096
0.225,0.4,0.075,0.3,278.7295952735787,5.0737054191021755,10.691222982604494,0.23611701191582632,0.4457466918714556,1.5129836300489112,2645,13986479763.678936
0.375,0.375,0.05,0.2,307.21278984056795,5.2652470778818685,10.656632114120248,0.31092073076077725,0.462680412371134,1.5481336186334926,2425,15410639492.028397
0.25,0.4,0.05,0.3,283.131939396283,5.10415042591254,10.640239598943076,0.24042610635483416,0.4463821892393321,1.4878035168339998,2695,14206596969.81415
0.25,0.25,0.225,0.275,222.75777435839893,4.654662919925031,10.636643861493363,0.18594508362719647,0.4950781702374059,1.6878510586509603,1727,11187888717.919947
0.25,0.425,0.05,0.275,283.30916738591293,5.10536933478391,10.601478237731373,0.2376276290519731,0.44646165246387554,1.5392645357878716,2699,14215458369.295647
0.2,0.475,0.025,0.3,275.82500469138574,5.053439557854243,10.578212658468573,0.2358254443453525,0.44085631349782295,1.555073581053178,2756,13841250234.569288
0.3,0.325,0.1,0.275,290.6720581059253,5.155558550097406,10.556189097067504,0.3344795097859169,0.46391322486441383,1.6150707553790906,2397,14583602905.296265
0.15,0.4,0.175,0.275,241.12665416797464,4.7993366062933704,10.477447691913191,0.2479333206606995,0.46291959406713507,1.429504555921045,2562,12106332708.398731
0.25,0.45,0.05,0.25,277.6437595091149,5.066146161713385,10.458225753049968,0.23617066750232,0.4400887573964497,1.4582409093576294,2704,13932187975.455746
0.35,0.3,0.125,0.225,220.64719456241295,4.637529119663186,10.428197624522614,0.2597530831782023,0.47109304426377596,1.6528968839120246,2214,11082359728.120647
0.3,0.3,0.125,0.275,237.56213733697976,4.77186095880723,10.409666625089327,0.3455151822254602,0.4664647338814366,1.6084169958033125,2311,11928106866.848988
0.2,0.5,0.025,0.275,263.97331590315855,4.969216501720994,10.344449230561638,0.23564874360064478,0.44005847953216376,1.5660911977623042,2736,13248665795.157928
0.275,0.3,0.125,0.3,247.2962741019365,4.8462498411088575,10.32562149457215,0.3363777113805049,0.46686365555086534,1.5183120305031537,2369,12414813705.096825
0.25,0.4,0.075,0.275,258.0213698861138,4.925950653492684,10.324474968606514,0.21581114534241275,0.4478458049886621,1.5755948300533613,2646,12951068494.30569
0.325,0.325,0.1,0.25,258.505448141186,4.929494608037193,10.305225818585784,0.3638746839460778,0.45864661654135336,1.7015987761874436,2394,12975272407.0593
0.375,0.225,0.125,0.275,188.9011635857872,4.36527606807424,10.292023801726856,0.2449021754819358,0.4867924528301887,1.6756336109427827,2120,9495058179.28936
0.15,0.375,0.175,0.3,226.6855572648728,4.686258637535887,10.268532565622655,0.24323190748210022,0.4604704974932511,1.4544728648563219,2593,11384277863.24364
0.225,0.325,0.175,0.275,232.7200100272206,4.7340866494562945,10.260133830881914,0.36533815915138235,0.47608503100088573,1.678127441738218,2258,11686000501.36103
0.3,0.3,0.2,0.2,173.02231049242533,4.21733953804014,10.259832521600915,0.1599089386231874,0.5042622950819672,1.7101433665469146,1525,8701115524.621267
0.225,0.425,0.05,0.3,256.30759098256937,4.913367710010411,10.235186590416893,0.24273513569225827,0.44739756367663347,1.4857286718464229,2709,12865379549.12847
0.4,0.25,0.15,0.2,150.4228953108806,3.9900458455111902,10.220804984490616,0.16480456815874242,0.4963872832369942,1.8145398651696845,1384,7571144765.544029
0.4,0.35,0.05,0.2,276.2344292320165,5.056304912450914,10.217640141155986,0.3846547397963888,0.46475953565505806,1.6544939123452953,2412,13861721461.600826
0.225,0.45,0.1,0.225,244.0754170674778,4.821858873262414,10.201950080868851,0.24093475395664668,0.449906191369606,1.5407639126915698,2665,12253770853.37389
0.225,0.45,0.025,0.3,260.0522598424118,4.9407888376360205,10.200293466396491,0.24063523094570782,0.4432314410480349,1.5411994424696576,2748,13052612992.12059
0.25,0.3,0.15,0.3,240.2496974271357,4.792602575450107,10.191760988724209,0.34748742901923346,0.4759036144578313,1.5323533229874187,2324,12062484871.356785
0.2,0.425,0.075,0.3,245.26996073492936,4.830930216873513,10.165852535776994,0.2206824031270305,0.44120899373387396,1.4700143327981237,2713,12313498036.746468
0.3,0.275,0.2,0.225,172.45177425485795,4.211856291223749,10.15247520503326,0.17146370989508983,0.5057766367137355,1.6102561827144455,1558,8672588712.742897
0.2,0.45,0.05,0.3,239.38439765704277,4.785941726968909,10.147373945338005,0.24352958954874018,0.44542772861356933,1.4948598421341677,2712,12019219882.852139
0.175,0.375,0.15,0.3,219.16144933041406,4.62540113025508,10.124142047496838,0.291819080209291,0.4573055028462998,1.4483060319024246,2635,11008072466.520702
0.225,0.325,0.25,0.2,174.42532385472813,4.230771683688557,10.10296091495125,0.14344014840384883,0.49868766404199477,1.7222257365436833,1524,8771266192.736406
0.175,0.425,0.125,0.275,217.11145065059205,4.608575508126451,10.07118471424484,0.20101292201163917,0.44626593806921677,1.4821443322629388,2745,10905572532.529602
0.15,0.4,0.15,0.3,214.86126441896974,4.589982594710032,10.069226908621916,0.20964127151145537,0.4525244913338357,1.418639376890761,2654,10793063220.948486
0.225,0.425,0.075,0.275,235.60433788425428,4.756651152445676,10.009934586317733,0.24031494106585213,0.44740796393688953,1.494829301325608,2662,11830216894.212713
0.3,0.425,0.1,0.175,234.64893882451207,4.749197745460378,10.009536911883496,0.2187403315113779,0.4617283950617284,1.6198209392853284,2430,11782446941.225603
0.25,0.375,0.075,0.3,238.98131206962597,4.782833315177449,9.98969655090099,0.218438963230341,0.44625902012913027,1.4904777432275778,2633,11999065603.481298
0.275,0.3,0.15,0.275,219.41156512126568,4.6274466869200275,9.98405930261492,0.4204085979602809,0.4688453159041394,1.5706757120339443,2295,11020578256.063284
0.275,0.475,0.1,0.15,254.6817939097812,4.901377978716216,9.976676649611706,0.2523597620543391,0.4588045234248788,1.5751597920575733,2476,12784089695.48906
0.25,0.225,0.225,0.3,168.01193243633486,4.168761597736926,9.959675941526035,0.18992137686833763,0.4924942263279446,1.7124694273561374,1732,8450596621.816743
0.225,0.45,0.05,0.275,235.45146085029268,4.755459881171766,9.954111280064161,0.24269898897119443,0.44411656215418666,1.5140423304668877,2711,11822573042.514633
0.3,0.325,0.125,0.25,206.49146143218968,4.519644764751561,9.934751019998243,0.3545686668672527,0.4684801381692573,1.5824035340214841,2316,10374573071.609484
0.35,0.325,0.075,0.25,255.8917661620698,4.910306048244092,9.932623399067857,0.3953391461425917,0.459727385377943,1.7418358561844995,2421,12844588308.10349
0.225,0.275,0.25,0.25,155.7525579264198,4.045625105398255,9.92504260231007,0.24972806711001386,0.49872611464968153,1.7216122734445687,1570,7837627896.320991
0.375,0.3,0.125,0.2,184.23252704782922,4.32268243489109,9.92342804756535,0.33998106807394923,0.47641073080481033,1.6623227925820947,2162,9261626352.39146
0.325,0.25,0.15,0.275,176.57808900070575,4.251240515167286,9.907120191600821,0.2559147891774118,0.4756606397774687,1.6179579132362736,2157,8878904450.035288
0.325,0.325,0.125,0.225,205.02033405325298,4.5070834095265395,9.891599169510707,0.37372561912991936,0.46031042128603106,1.681877568913927,2255,10301016702.66265
0.175,0.35,0.175,0.3,222.31818831336963,4.6511034238671485,9.861873289315502,0.2613391432900422,0.46636952998379255,1.4645149783040077,2468,11165909415.668482
0.275,0.325,0.2,0.2,193.5463924339532,4.406955372575875,9.858651786994962,0.35615058577907566,0.5,1.8044492935333363,1838,9727319621.69766
0.2,0.4,0.125,0.275,213.23865776874206,4.5764933485560295,9.837766601804088,0.29525527455129713,0.45390596075527584,1.5073472739670561,2701,10711932888.437103
0.25,0.425,0.125,0.2,235.64542692370904,4.756971243379528,9.830958134632032,0.2328952714727068,0.4646505925623212,1.6685805980095965,2447,11832271346.185452
0.4,0.375,0.05,0.175,236.65613046486945,4.764832937182158,9.830753000621739,0.31476710954526826,0.45876502279320347,1.6003674512731756,2413,11882806523.243473
0.4,0.2,0.1,0.3,173.680590814607,4.223650902817309,9.812950962254535,0.28243527043160915,0.4759481961147086,1.6194555688982217,2162,8734029540.73035
0.275,0.375,0.05,0.3,245.6972629592693,4.834167878141845,9.810902420567672,0.23907616099730342,0.4536932883389576,1.493028924963052,2667,12334863147.963465
0.375,0.275,0.05,0.3,262.62047996013916,4.959440949531417,9.789319449682251,0.3975337315672543,0.4572719802793755,1.5322666277523933,2434,13181023998.006958
0.275,0.3,0.175,0.25,170.58585694562763,4.193837461632,9.784118226881615,0.2580787652098499,0.4840855106888361,1.614218132190504,2105,8579292847.281382
0.375,0.25,0.125,0.25,173.77687138423963,4.224572651672809,9.776959997905537,0.24793884547546438,0.47717842323651455,1.5934865644086047,2169,8738843569.21198
0.225,0.35,0.175,0.25,203.0666427138019,4.490307024884749,9.765889231089927,0.33597069670009655,0.47659010600706714,1.677761062738277,2264,10203332135.690096
0.175,0.45,0.075,0.3,209.00107199046747,4.540934290511399,9.75211946881491,0.23209242364664667,0.44192011725906927,1.4336869239807737,2729,10500053599.523373
0.25,0.425,0.075,0.25,229.95911420073094,4.7123097505571225,9.74427629818237,0.23582180639077385,0.45013272658323855,1.5661157180636753,2637,11547955710.036547
0.275,0.325,0.125,0.275,226.91726878149808,4.688110950593614,9.709095429845519,0.36073451660721423,0.46585160202360876,1.592806072304907,2372,11395863439.074903
0.3,0.225,0.2,0.275,156.45013774830718,4.052804110757627,9.662624718584498,0.19946787305550404,0.4963680387409201,1.6483413702709144,1652,7872506887.4153595
0.35,0.325,0.1,0.225,196.22893492893627,4.430717069310977,9.66126301855103,0.35495333111697935,0.4591356439880188,1.71289163120761,2337,9861446746.446814
0.35,0.275,0.15,0.225,180.58917211525252,4.288932993279354,9.65793631106255,0.2517695748762111,0.47559207346544224,1.6588140394390862,2069,9079458605.762627
0.375,0.2,0.125,0.3,160.59250052886512,4.094995028976877,9.65719746511811,0.2843916392351908,0.47956273764258556,1.6725878241319503,2104,8079625026.443255
0.35,0.3,0.175,0.175,155.51270064784907,4.04315164441345,9.65527828934996,0.19889934940464904,0.49101796407185627,1.6541850076576028,1503,7825635032.392454
0.325,0.325,0.05,0.3,246.4565242728352,4.839911394958433,9.654613422750533,0.3666072261215632,0.4538430256201708,1.5227046865879486,2459,12372826213.64176
0.2,0.5,0.05,0.25,207.6421338601614,4.529427753497713,9.652854669269185,0.23484148657928836,0.4443633710324699,1.5101597690920194,2741,10432106693.00807
0.275,0.2,0.225,0.3,151.47624651918298,4.001134731076998,9.62368766141202,0.1891657034390847,0.5003162555344719,1.6897990553108015,1581,7623812325.959148
0.25,0.35,0.225,0.175,144.36273820766854,3.9252085548652493,9.610447397346547,0.14543646554614167,0.5009369144284822,1.6698594768083708,1601,7268136910.383427
0.35,0.2,0.175,0.275,141.95143072970995,3.8988989328310675,9.609147012286348,0.22866521413893964,0.5043640897755611,1.6407086459649267,1604,7147571536.485498
0.2,0.475,0.05,0.275,208.24186223752545,4.534512095333127,9.607710267994683,0.2567858016473914,0.4409937888198758,1.4826314952991728,2737,10462093111.876272
0.275,0.275,0.15,0.3,180.79629737319047,4.290863932870441,9.595939202755947,0.39331380899068946,0.4735907678650688,1.5506008884714793,2253,9089814868.659523
0.275,0.4,0.05,0.275,229.06406458634777,4.705211971218226,9.58624329754561,0.2799584956673688,0.45379413974455296,1.497393590405479,2662,11503203229.317389
0.325,0.2,0.2,0.275,137.532983264793,3.8498957722770735,9.581194687244844,0.2516744602665912,0.4992947813822285,1.7203690840725283,1418,6926649163.23965
0.35,0.3,0.1,0.25,197.99562845073407,4.4462465125933175,9.580089854883976,0.35363321638126327,0.46094750320102434,1.6925818363558947,2343,9949781422.536703
0.2,0.375,0.15,0.275,197.30815727905838,4.440214743374297,9.57967232178114,0.2394054181908002,0.4560194568301581,1.4913958468826438,2467,9915407863.952919
0.25,0.5,0.05,0.2,220.2410843456547,4.634219584922929,9.568173005140935,0.2255884925264367,0.4400749063670412,1.4967372403495698,2670,11062054217.282736
0.2,0.475,0.1,0.225,194.53954750255764,4.415778456181624,9.566483629867323,0.2630495984559756,0.44629014396456257,1.4710281500951339,2709,9776977375.127882
0.4,0.2,0.15,0.25,142.1425024192708,3.9009946608614054,9.56142269433333,0.16958177305713296,0.5030758714969241,1.6617378207663371,1463,7157125120.963541
0.35,0.25,0.15,0.25,161.36122777034768,4.102743565852866,9.542709223487929,0.2400564418723645,0.4826065654091132,1.638654184080193,2041,8118061388.517385
0.25,0.275,0.225,0.25,161.69122428950797,4.1060621802643,9.54109047150479,0.1942532857540036,0.49734513274336284,1.6032670099546964,1695,8134561214.475398
0.225,0.475,0.075,0.225,209.2177555028926,4.54276433189824,9.521707332564453,0.238737469415569,0.44101228135467063,1.5405902962627611,2687,10510887775.14463
0.225,0.5,0.075,0.2,206.51801415928986,4.519870930560093,9.518458308202405,0.22528518082540247,0.44324525493114997,1.466811993133419,2687,10375900707.964493
0.325,0.275,0.1,0.3,210.9967804970954,4.557741156357993,9.507624461534824,0.3519913981235591,0.46297872340425533,1.6867346403413597,2350,10599839024.854769
0.225,0.35,0.15,0.275,199.90631928743932,4.46293657291156,9.497699597049646,0.46654683373405015,0.46901172529313234,1.6284656482444635,2388,10045315964.371965
0.25,0.325,0.175,0.25,167.17640352838643,4.160565868741022,9.494773411237391,0.40223150106187766,0.479445727482679,1.679183750465505,2165,8408820176.419321
0.275,0.45,0.05,0.225,236.24172643581562,4.761612275864198,9.492195201096115,0.227907378941808,0.44685714285714284,1.4829386300582454,2625,11862086321.790781
0.35,0.275,0.1,0.275,178.97489809141365,4.273832260650855,9.489197729586312,0.40682133048019753,0.4637305699481865,1.692441330780148,2316,8998744904.570683
0.3,0.25,0.15,0.3,162.37603711428864,4.112934436213394,9.483538167972226,0.38688126385469596,0.475626423690205,1.6038702217975331,2195,8168801855.714432
0.275,0.275,0.175,0.275,153.1151840298819,4.018285140052131,9.465482909199476,0.2520417658836709,0.48424068767908307,1.6493592848786545,2094,7705759201.494095
0.4,0.225,0.1,0.275,156.6090850209051,4.054436859449062,9.461708776783794,0.2736486548515793,0.47179253867151955,1.6270146778099475,2198,7880454251.045255
0.225,0.425,0.125,0.225,212.52879194869962,4.570570165253877,9.452627935923777,0.36240275619203954,0.46040588937524873,1.5786907508500119,2513,10676439597.43498
0.225,0.375,0.15,0.25,192.91567715068462,4.401336257316568,9.426389028886135,0.3854685028240972,0.4649122807017544,1.549332374095122,2394,9695783857.534231
0.325,0.375,0.075,0.225,227.50730312822074,4.692821940398661,9.42627092226864,0.3075978649371697,0.45910398684751336,1.5424615305124227,2433,11425365156.411037
0.225,0.375,0.125,0.275,198.96672597746615,4.454742686970872,9.421627654078037,0.2634588864533328,0.4564696485623003,1.572200155851638,2504,9998336298.873308
0.225,0.35,0.125,0.3,186.54857663511612,4.343902669934887,9.417225829167684,0.2845511101084537,0.45691382765531063,1.5760179861449197,2495,9377428831.755806
0.325,0.3,0.15,0.225,163.95606419383014,4.1287159969018505,9.411387264475742,0.26976997423357746,0.4733364794714488,1.6156848025065864,2119,8247803209.691507
0.4,0.225,0.15,0.225,134.99194682250962,3.8212313537706724,9.402981231697334,0.18168333797304742,0.5035014005602241,1.8213869851085849,1428,6799597341.125481
0.3,0.275,0.175,0.25,161.80212015693678,4.107176378712612,9.398974238266131,0.25248107984839596,0.48118811881188117,1.6009882616938174,2020,8140106007.846839
0.175,0.475,0.05,0.3,198.79798865603954,4.453268413348591,9.393166676236705,0.25692238700476394,0.4403803950256035,1.4562347713014394,2734,9989899432.801977
0.35,0.325,0.125,0.2,158.9881168376002,4.078742238587984,9.391242583649767,0.2823448947702917,0.4717832957110609,1.6134603571748825,2215,7999405841.880009
0.275,0.225,0.225,0.275,135.3900745111416,3.8257463906988622,9.347927459660347,0.18746640906607848,0.5,1.7075230845324807,1534,6819503725.557079
0.3,0.4,0.075,0.225,221.6847491222828,4.645965838246819,9.34453269257926,0.3173259430992123,0.45757941294732607,1.5519507395713694,2487,11134237456.11414
0.375,0.25,0.1,0.275,156.56493665349606,4.053983467986404,9.341333891204382,0.30297449873935345,0.46773475745438364,1.62803689876748,2247,7878246832.674803
0.225,0.3,0.25,0.225,145.84354380981947,3.941218784729964,9.319391920759253,0.21246951129833427,0.4910025706940874,1.666238146203032,1556,7342177190.490973
0.375,0.35,0.05,0.225,216.67239200686745,4.60495791408611,9.318942949030127,0.3598594278631926,0.45443298969072166,1.52571274034875,2425,10883619600.343372
0.2,0.4,0.1,0.3,179.0520464244936,4.274556035462055,9.313003057809036,0.2331947753039159,0.44951744617668893,1.5392468083915551,2694,9002602321.22468
0.275,0.325,0.15,0.25,178.42563263331962,4.2686731657205845,9.302938624855603,0.4273357988359023,0.4725997369574748,1.5425470850141272,2281,8971281631.665981
0.225,0.3,0.175,0.3,187.1760170363929,4.349620744992279,9.297985833506255,0.3670452827143367,0.4746584398413398,1.5932557576739184,2269,9408800851.819645
0.4,0.35,0.075,0.175,171.96819032867782,4.2071991076951525,9.289827906084293,0.3644909789002034,0.46672391584370976,1.6648372012101817,2329,8648409516.433891
0.35,0.225,0.175,0.25,139.65516477859927,3.873562576750687,9.289758752137354,0.17912267110972224,0.509009009009009,1.64862475286479,1554,7032758238.929964
0.275,0.425,0.05,0.25,216.52652273090547,4.603754936349434,9.276157115652852,0.33620895470115314,0.4534184823441022,1.470385640666161,2662,10876326136.545273
0.225,0.475,0.05,0.25,195.49769969245915,4.42426175261982,9.252909459425904,0.25272355247072853,0.4422092172640819,1.5167316997990148,2734,9824884984.622957
0.15,0.5,0.075,0.275,190.6316565530316,4.380883077229176,9.207509241051527,0.24245861569062951,0.4456089627755692,1.379966754378584,2767,9581582827.65158
0.275,0.45,0.1,0.175,204.12961368214516,4.499448251135643,9.201948575097655,0.26936198370387743,0.4577294685990338,1.5945336819002496,2484,10256480684.107258
0.175,0.45,0.125,0.25,166.8841297266103,4.1576924119036365,9.197870793604638,0.2229242361816298,0.44722324383964696,1.4368941291401411,2719,8394206486.330515
0.35,0.4,0.075,0.175,198.73101743980064,4.45268304498981,9.195323732935286,0.2481182598437958,0.45623451692815853,1.5295743237703048,2422,9986550871.990032
0.375,0.325,0.1,0.2,165.64413029175088,4.145463535871873,9.186956590418943,0.320128862599713,0.4648931530745748,1.7046404118862684,2293,8332206514.587544
0.2,0.5,0.075,0.225,186.76846801154056,4.345908091958177,9.180322824736336,0.2190462470256184,0.4437847866419295,1.4656602373737093,2695,9388423400.577028
0.4,0.3,0.05,0.25,216.20745722609672,4.601121703740487,9.179852880934495,0.45273927833904787,0.4569397993311037,1.5316652321265118,2392,10860372861.304836
0.225,0.4,0.1,0.275,182.97973833064603,4.311128817933157,9.163154653729094,0.22668784604964134,0.4517593643586833,1.5464377245563063,2643,9198986916.5323
0.35,0.325,0.05,0.275,214.03721690283882,4.583140671983433,9.154110364141282,0.42781705794702024,0.4534136546184739,1.5111538299999303,2490,10751860845.141941
0.35,0.25,0.1,0.3,173.55560615543686,4.22245383801551,9.149713424973429,0.379508427700432,0.46210801393728224,1.5877754356684979,2296,8727780307.771843
0.3,0.35,0.125,0.225,170.5164583679384,4.1931647282819275,9.144235322992362,0.3926186004303828,0.46186988367083154,1.6455497162085893,2321,8575822918.396921
0.3,0.275,0.125,0.3,182.1284231159357,4.303247164586059,9.139172871887773,0.39056610418690885,0.46488582507539855,1.528368047690219,2321,9156421155.796785
0.25,0.3,0.175,0.275,153.67490506583513,4.024113843818643,9.135695602139663,0.38848501935078994,0.4871559633027523,1.6688330517552996,2180,7733745253.291757
0.175,0.375,0.175,0.275,170.44435129851527,4.192465543412691,9.130883293450571,0.23627166364806634,0.4674580433892755,1.4560467232577827,2443,8572217564.925763
0.375,0.275,0.1,0.25,151.9779724806393,4.006398219032257,9.118222170322055,0.29386479073612687,0.46492374727668845,1.6303106846806676,2295,7648898624.031965
0.275,0.5,0.025,0.2,185.54912128653152,4.334767381494441,9.114135854127248,0.24321332241880533,0.43910614525139663,1.563100599725568,2685,9327456064.326576
0.225,0.475,0.025,0.275,180.61007482605675,4.2891279281550005,9.090562610788924,0.2443673029886285,0.4402492668621701,1.5533219134018172,2728,9080503741.302837
0.3,0.375,0.1,0.225,195.7173704663526,4.426202711361956,9.087471343421592,0.2614291240694217,0.4558216350123865,1.6024700466612039,2422,9835868523.31763
0.2,0.375,0.125,0.3,169.96676777756423,4.187829609486232,9.083178531741723,0.29023348943015803,0.45390070921985815,1.4556214431266363,2679,8548338388.878212
0.175,0.4,0.15,0.275,167.86371959298387,4.167309786091785,9.079882288525893,0.29639898207953724,0.4520547945205479,1.4034929421513016,2628,8443185979.649194
0.375,0.3,0.05,0.275,209.08356875369307,4.541631183709038,9.059424520762073,0.3922235026454808,0.45488257107540175,1.5070077451315025,2427,10504178437.684654
0.2,0.5,0.1,0.2,169.7554077806841,4.185775114030685,9.055899838206336,0.2942409727259305,0.44280442804428044,1.452806276955555,2710,8537770389.0342045
0.3,0.3,0.175,0.225,149.39378680114694,3.9791614109493976,9.054320227616344,0.2541390789755499,0.48148148148148145,1.4799514262408948,2025,7519689340.057347
0.4,0.275,0.125,0.2,152.68952953274274,4.013842909611837,9.050490683250727,0.28295424349330045,0.4834469328140214,1.6316478969671857,2054,7684476476.637136
0.25,0.45,0.125,0.175,179.02646362762718,4.2743160512592295,9.035014925287586,0.26529901434265646,0.45704891080969995,1.5986731868801554,2433,9001323181.38136
0.4,0.225,0.125,0.25,140.35143316706177,3.8812745236478143,9.034186488397237,0.28906768819416095,0.4796905222437137,1.625515071082338,2068,7067571658.353088
0.4,0.2,0.125,0.275,137.4515050484076,3.848982220049667,9.025644733129479,0.25220456630082555,0.4805636540330418,1.6888741007517196,2058,6922575252.42038
0.25,0.45,0.075,0.225,191.9652891470316,4.392845627507707,9.006816192054588,0.21985456510219503,0.4485518292682927,1.52579430415194,2624,9648264457.35158
0.175,0.5,0.075,0.25,177.56520612438985,4.260569797472069,9.003592524105539,0.21991978048181854,0.4426109277594426,1.398305156843953,2727,8928260306.219492
0.25,0.325,0.15,0.275,171.9249060730753,4.206781824737962,8.993146122660656,0.34952817488644017,0.47074010327022375,1.5016005031769388,2324,8646245303.653765
0.225,0.4,0.125,0.25,176.50373373529212,4.250536354296363,8.97350819581386,0.29545685301471114,0.4527402700555997,1.5021499121739232,2518,8875186686.764606
0.2,0.3,0.2,0.3,157.74490939641242,4.066071894349654,8.962740814646581,0.3500672373989223,0.4778681120144535,1.551817566486677,2214,7937245469.8206215
0.25,0.25,0.2,0.3,134.1076280913098,3.8111703395292666,8.957119892877856,0.25409892845844645,0.470734126984127,1.6870027908000362,2016,6755381404.565491
0.2,0.35,0.25,0.2,124.31471454072403,3.696639147035908,8.953563320806289,0.16298094480769387,0.4929494712103408,1.597586589825907,1702,6265735727.0362015
0.3,0.3,0.15,0.25,146.59611952155817,3.949313474453249,8.952905193772004,0.31727945970620614,0.47244805781391147,1.5408294175068589,2214,7379805976.0779085
0.2,0.45,0.1,0.25,161.60357262489975,4.105181156759679,8.932983524839313,0.22849027650743034,0.4423147806855879,1.4555485763717115,2713,8130178631.244988
0.4,0.275,0.05,0.275,199.9475008471299,4.463295107372334,8.927965827138841,0.44045805394050075,0.4581757040773434,1.4983499616797271,2379,10047375042.356495
0.35,0.35,0.075,0.225,187.17738716451055,4.349633217237325,8.92471805129102,0.38974274497106054,0.4552980132450331,1.571822559027289,2416,9408869358.225527
0.175,0.425,0.1,0.3,153.8018597088372,4.025433901439131,8.923934727113998,0.19991694297484827,0.44329132690882134,1.4347291003785734,2698,7740092985.44186
0.3,0.325,0.15,0.225,145.32228281949943,3.9355955658308313,8.92332455458637,0.24820474107453222,0.4719710669077758,1.5665551194965432,2212,7316114140.974972
0.15,0.425,0.175,0.25,154.97809494133102,4.037629385937166,8.918432689734912,0.25752585989419147,0.46150809317015395,1.4188423219714408,2533,7798904747.066551
0.2,0.325,0.2,0.275,153.9113827105016,4.026572115974902,8.916838611689412,0.3374308227547389,0.47399103139013454,1.5373871831852886,2230,7745569135.525081
0.275,0.425,0.125,0.175,172.85018281304158,4.215686561241603,8.914234943563917,0.20223639840897423,0.4610169491525424,1.559840524225303,2360,8692509140.652079
0.25,0.475,0.05,0.225,180.85158703466865,4.291379121665914,8.892191295293253,0.23810520425640352,0.4374768089053803,1.4708191424828951,2695,9092579351.733433
0.3,0.275,0.15,0.275,144.46698533035746,3.926339276187493,8.891578180247942,0.3846397249697474,0.4720468890892696,1.5869498072378059,2218,7273349266.517873
0.225,0.5,0.05,0.225,169.2027221960483,4.180394627449718,8.888599037569966,0.23486726892603485,0.4388356669123066,1.5072245819339383,2714,8510136109.802416
0.275,0.25,0.175,0.3,132.73387804158327,3.795451831819145,8.881232052738996,0.25925129015407417,0.4762357414448669,1.6523758970737366,2104,6686693902.079164
0.325,0.4,0.1,0.175,172.16192401132125,4.209065932742311,8.878361414693362,0.2504195146089414,0.46076374318086444,1.6321967399276112,2383,8658096200.566063
0.175,0.475,0.075,0.275,163.26152686049758,4.1217915622766075,8.874107646337404,0.24128749186251827,0.44143484626647145,1.435935017233865,2732,8213076343.024879
0.2,0.475,0.075,0.25,167.57994308394188,4.164527648336312,8.846841791310904,0.22123456509331801,0.44208987943003286,1.4466688319027097,2737,8428997154.197094
0.225,0.45,0.175,0.15,136.1761610973395,3.8346349022382293,8.836957586836549,0.23099307102130734,0.46763241285649615,1.5800959448144016,2209,6858808054.866975
0.275,0.275,0.225,0.225,125.33903624546309,3.7088978500733,8.833136571241948,0.17575695698379806,0.503785271851342,1.7566348450012195,1453,6316951812.273154
0.35,0.35,0.05,0.25,169.9616303811589,4.187779692618686,8.807405218431681,0.4501228899964321,0.4563459983831851,1.4898354642078178,2474,8548081519.057945
0.25,0.425,0.025,0.3,175.8561594353761,4.244395187474211,8.8001785133505,0.24066490508410154,0.44062842528315677,1.504494701212598,2737,8842807971.768805
0.2,0.45,0.075,0.275,162.4222315046358,4.113397302107018,8.793099847069552,0.21914822909899895,0.4437476945776466,1.4221621021069462,2711,8171111575.23179
0.15,0.5,0.15,0.2,154.93757418451543,4.037210298819894,8.792062413594122,0.2003598498040754,0.4498502994011976,1.3978084271416564,2672,7796878709.225772
0.325,0.35,0.1,0.225,171.59404263345704,4.203589779258806,8.789750721692767,0.4077923324058728,0.45538332635106826,1.621125823167713,2387,8629702131.672852
0.2,0.4,0.15,0.25,162.31556294675542,4.112328353047127,8.789555737968422,0.24935809012482874,0.45828295042321643,1.4580733038240923,2481,8165778147.33777
0.325,0.35,0.125,0.2,146.765220740052,3.951128461454595,8.780804247656882,0.3292802580773547,0.46307829181494664,1.5617742788340316,2248,7388261037.002601
0.375,0.2,0.175,0.25,113.33451746993454,3.5607387053521835,8.757305756759838,0.24207482048978396,0.49396621078037006,1.6954252087812165,1243,5716725873.496727
0.3,0.35,0.1,0.25,160.3752620372922,4.09280079112146,8.744864760407113,0.3811059189411954,0.457166392092257,1.589770519023641,2428,8068763101.86461
0.2,0.275,0.275,0.25,118.59972018754432,3.6269633826384453,8.742014398421205,0.22675777849369663,0.5010281014393421,1.6212862914179011,1459,5979986009.377216
0.325,0.4,0.075,0.2,184.3613648531521,4.323867602531048,8.734051666443234,0.41096305368370817,0.4563703400245801,1.5512897485008246,2441,9268068242.657606
0.325,0.225,0.2,0.25,105.59559843427553,3.459527166867246,8.721590573341127,0.20917402000353535,0.498567335243553,1.6662332104489275,1396,5329779921.713777
0.275,0.35,0.15,0.225,148.704557581765,3.9718433923170933,8.718800527234514,0.38203098032312816,0.466815144766147,1.544610327428704,2245,7485227879.088249
0.325,0.425,0.1,0.15,158.16747152113462,4.070386045794695,8.702944599601322,0.30240155837610494,0.4628064243448859,1.5248647836996216,2366,7958373576.05673
0.4,0.225,0.075,0.3,152.04440073400244,4.007094221923165,8.698377490331007,0.33055711190592907,0.45798132503334815,1.6295517179461763,2249,7652220036.700122
0.225,0.45,0.075,0.25,158.07155442175517,4.069407463099846,8.686929068924078,0.2244432542715715,0.44369114877589455,1.4702639216741937,2655,7953577721.087759
0.275,0.5,0.05,0.175,176.6042183670606,4.251487918473549,8.685861097671062,0.24843163195279197,0.44298921417565484,1.5065280007302508,2596,8880210918.353031
0.175,0.5,0.05,0.275,165.15476553193704,4.1406203964878685,8.683255806493968,0.2345928799017242,0.4397370343316289,1.446602899095071,2738,8307738276.596852
0.275,0.4,0.175,0.15,115.70299080047455,3.5907799997536367,8.67716151036555,0.22138302302571197,0.47570456754130225,1.6340119968755924,2058,5835149540.023727
0.325,0.275,0.15,0.25,129.19427544830987,3.7544393184572336,8.660837894947,0.2560300204713845,0.4669767441860465,1.5131694645812659,2150,6509713772.415494
0.325,0.375,0.05,0.25,170.7026881912682,4.194969578335964,8.659961734230874,0.32954879578441026,0.45520875557357116,1.4754063718338262,2467,8585134409.56341
0.2,0.45,0.125,0.225,152.29098595504578,4.00967602718354,8.649505614765163,0.22728112699900938,0.4559643255295429,1.4587038423655214,2691,7664549297.75229
0.225,0.25,0.25,0.275,109.28771968222308,3.5084155976995035,8.625766372141639,0.23317332354391704,0.49025769956002513,1.6264004610302991,1591,5514385984.111155
0.25,0.35,0.175,0.225,121.60904200551325,3.6639276425510285,8.60767395985167,0.3500122236286677,0.476691042047532,1.6226201375939673,2188,6130452100.275662
0.25,0.5,0.025,0.225,157.91896372479383,4.067849847834399,8.600533977603902,0.2510768542069413,0.43528982865475757,1.5125950548094256,2743,7945948186.239691
0.4,0.275,0.1,0.225,129.8319992461505,3.761883966484781,8.595939705733544,0.3169293098550789,0.4675090252707581,1.6670455463073395,2216,6541599962.307526
0.225,0.225,0.25,0.3,100.46450730798801,3.3896350946165823,8.593762111109411,0.21879961176829618,0.4950920245398773,1.611419196100037,1630,5073225365.399401
0.4,0.25,0.075,0.275,147.88295118964996,3.963089848311065,8.592572945292838,0.3308324015498958,0.46025472112428634,1.6128445102246465,2277,7444147559.482498
0.325,0.375,0.1,0.2,153.45510236325268,4.021826621722935,8.589295649019784,0.3016666996068375,0.4606035205364627,1.5620884864880327,2386,7722755118.162634
0.2,0.3,0.275,0.225,115.5789757073249,3.5892173495347937,8.580704009284906,0.18211471102679785,0.49379310344827587,1.5706377470160997,1450,5828948785.366245
0.35,0.3,0.075,0.275,173.53329426349632,4.222240080258303,8.576322320658376,0.4089285554328198,0.4556065027094623,1.650843813043484,2399,8726664713.174816
0.375,0.3,0.1,0.225,128.99567677645476,3.7521158601924904,8.573314905043214,0.3171784124575658,0.4645979020979021,1.6411959023643667,2288,6499783838.822738
0.4,0.35,0.1,0.15,123.19382220642912,3.6831464170274577,8.570287212208335,0.3439457851313732,0.4694519317160827,1.732508451219087,2226,6209691110.321456
0.325,0.35,0.175,0.15,135.25865489647808,3.824256995273254,8.569017314818796,0.2961825061459733,0.4944506104328524,1.6429427500192992,1802,6812932744.823904
0.275,0.475,0.025,0.225,164.07347662992416,4.129884622058899,8.55500384331212,0.23344780007877344,0.4396423248882265,1.4901598682141612,2684,8253673831.496207
0.325,0.35,0.05,0.275,177.55271473639746,4.260451960172622,8.549435850685922,0.33267358748753467,0.4570727718724448,1.4265139570608336,2446,8927635736.819874
0.4,0.25,0.05,0.3,158.1628189129793,4.070338587370881,8.545263089888568,0.40872388492059125,0.45710681244743484,1.528983918808338,2378,7958140945.648966
0.3,0.35,0.2,0.15,112.6058820052636,3.55141181176978,8.535800218213698,0.2069973191033414,0.49024707412223667,1.5980602054662196,1538,5680294100.26318
0.225,0.5,0.025,0.25,159.29109513187595,4.081819939601389,8.535382542724202,0.23494626330355053,0.4397524572260648,1.4848561834673937,2747,8014554756.593798
0.175,0.475,0.125,0.225,133.9545544482399,3.8094242584366187,8.516112981951546,0.21818840282759522,0.44626593806921677,1.3811658618474183,2745,6747727722.411994
0.25,0.325,0.125,0.3,142.9116124648985,3.909411294569008,8.508061161608358,0.39436710988363255,0.4621149042464613,1.5048339371778328,2402,7195580623.244925
0.15,0.425,0.125,0.3,139.57073260209464,3.8726256334992293,8.5061965399369,0.2249490214760322,0.4413162705667276,1.3876448422149932,2735,7028536630.104732
0.375,0.4,0.05,0.175,158.8688223945701,4.077529339781681,8.502432127875867,0.35744001355603994,0.45979381443298967,1.4987814068140384,2425,7993441119.728504
0.375,0.325,0.125,0.175,110.81918461449794,3.528367800756153,8.501520920660436,0.3543088289697672,0.4750349976668222,1.6742499141870828,2143,5590959230.724897
0.275,0.325,0.175,0.225,117.08540440656039,3.608123139786252,8.501504304014793,0.21982086075243948,0.474964234620887,1.6134632884107836,2097,5904270220.328019
0.35,0.375,0.075,0.2,161.21348530908475,4.101256305750218,8.482460969296623,0.2597207344625645,0.4597176079734219,1.5622061418764348,2408,8110674265.454238
0.225,0.325,0.15,0.3,148.833274244697,3.973211801941897,8.473511864242663,0.43399227758727404,0.4702430846605197,1.5701175741487676,2386,7491663712.234851
0.325,0.35,0.075,0.25,167.69722261562245,4.1656778396094705,8.469611083251973,0.3883729636870547,0.4552238805970149,1.5111609828782482,2412,8434861130.781123
0.175,0.325,0.2,0.3,142.19717636773925,3.901593990144044,8.465149853186798,0.40349982629085474,0.47850877192982455,1.488153561386191,2280,7159858818.386963
0.175,0.325,0.275,0.225,95.50675000590088,3.319782978254165,8.464258313745312,0.15269504433479333,0.49447174447174447,1.527621350576972,1628,4825337500.295044
0.25,0.375,0.2,0.175,116.92682386049957,3.6061406912862664,8.463891325098118,0.20696002694145088,0.4838388861263053,1.678719020768325,2011,5896341193.024979
0.35,0.35,0.125,0.175,115.4699618378866,3.5878427884566237,8.45232141052721,0.3067808043829656,0.4690909090909091,1.5865316650519456,2200,5823498091.89433
0.225,0.375,0.1,0.3,156.94949515405543,4.0579298809372615,8.450565168192306,0.2902480249362481,0.4484938638899219,1.5016339687151588,2689,7897474757.702771
0.35,0.275,0.075,0.3,161.42182559330095,4.103353312134923,8.445858241783956,0.39423648579003323,0.45942519019442096,1.55459348256934,2366,8121091279.665048
0.4,0.3,0.125,0.175,125.36607327622065,3.7092205024923697,8.430891404011524,0.3161594287688955,0.47784200385356457,1.6274067007787445,2076,6318303663.811032
0.25,0.375,0.225,0.15,101.63719585952553,3.405816800815783,8.425412646283982,0.19907582275625077,0.49074074074074076,1.5659445980756728,1620,5131859792.976276
0.35,0.25,0.175,0.225,102.8743986312771,3.42275305150719,8.421597604676089,0.20271489902018638,0.5026773761713521,1.5704059856020811,1494,5193719931.563855
0.225,0.4,0.15,0.225,138.81921861080139,3.8642691829850646,8.420210177399387,0.4535756491439964,0.4636095919225915,1.5470843102667857,2377,6990960930.54007
0.3,0.325,0.175,0.2,124.88459979171196,3.703467692959875,8.418676497234758,0.2748391669206055,0.47391952309985097,1.5355216739602333,2013,6294229989.585598
0.2,0.425,0.125,0.25,141.95354028837235,3.898922081456634,8.416461998557665,0.26163297653514783,0.450281425891182,1.4342609046746315,2665,7147677014.418618
0.325,0.225,0.15,0.3,114.38894304731743,3.574164595282019,8.407728995686485,0.2541715528607943,0.4717330861909175,1.557513126475389,2158,5769447152.365871
0.25,0.475,0.1,0.175,160.5332620607557,4.0943968842018075,8.389139630400697,0.28588793764182113,0.45701892744479494,1.4906224729131992,2536,8076663103.037786
0.25,0.35,0.125,0.275,132.5820648263681,3.7937080540874186,8.371550639011634,0.34925351882091077,0.4543973941368078,1.4925272926062314,2456,6679103241.318405
0.275,0.35,0.125,0.25,148.28976352210105,3.967428194111042,8.3643553366944,0.3551631902526537,0.45717884130982367,1.5581659508643069,2382,7464488176.105053
0.2,0.425,0.1,0.275,133.4228848205762,3.8033491273973565,8.363855004205424,0.21004046425054845,0.44726052925829296,1.4676066019570801,2683,6721144241.0288105
0.25,0.475,0.025,0.25,147.09960196012332,3.954713269496324,8.348049441072977,0.24077028586108346,0.43858354850608633,1.4690260602671605,2711,7404980098.006166
0.4,0.25,0.1,0.25,113.84862119672785,3.5672952012849493,8.344925665805114,0.32308505583583036,0.46860782529572337,1.574955735699984,2198,5742431059.836392
0.3,0.25,0.175,0.275,114.10751992004072,3.570589451185052,8.332266141314502,0.2162721290539546,0.47475247524752473,1.5236081178637204,2020,5755375996.002036
0.25,0.475,0.075,0.2,157.5405357342327,4.063982538475947,8.324577366637229,0.2477388321821209,0.44568567026194145,1.4773285565578373,2596,7927026786.711635
0.275,0.45,0.025,0.25,149.34351659592693,3.9786284294611125,8.297395908156092,0.24983763402247006,0.43884358784284655,1.4610476101964127,2698,7517175829.796346
0.275,0.35,0.175,0.2,113.53124404129535,3.563249972054626,8.295764237514403,0.25815091859557737,0.47294685990338164,1.6128714812153568,2070,5726562202.064768
0.35,0.375,0.05,0.225,147.5458834764262,3.9594891674822614,8.293773011224319,0.4368973354865263,0.45476575121163165,1.3931972503872296,2476,7427294173.821311
0.35,0.225,0.15,0.275,109.12824090097753,3.506327075577894,8.26845947647997,0.2484590108948599,0.4831789371038518,1.6914570598757226,2051,5506412045.048877
0.225,0.375,0.175,0.225,131.97898946879286,3.78676759129696,8.267741011354124,0.298802988795031,0.4738243123336291,1.6015145893579341,2254,6648949473.439643
0.175,0.3,0.275,0.25,93.75018242261629,3.294449138690373,8.261827174843203,0.1895901311941782,0.4966646452395391,1.5712010061710817,1649,4737509121.130815
0.3,0.375,0.125,0.2,127.86521608655853,3.7388441329027984,8.256595167429875,0.2760985108176524,0.45883882149046795,1.5949627056248568,2308,6443260804.327927
0.4,0.3,0.075,0.225,134.22040391675912,3.812455891119879,8.247335524942947,0.337214606082205,0.45893719806763283,1.6309761860978564,2277,6761020195.837956
0.3,0.35,0.15,0.2,114.06731974483685,3.570078271211825,8.247183043140893,0.2763988477202008,0.47088491517652453,1.598512304024053,2181,5753365987.241842
0.15,0.45,0.15,0.25,127.74305810286955,3.7374052535962035,8.245011701973826,0.21288423203692014,0.44878957169459965,1.3871648226939879,2685,6437152905.143477
0.35,0.4,0.05,0.2,145.90051318663026,3.9418325315340264,8.243649992679918,0.30514523415203115,0.4559183673469388,1.4291928489296375,2450,7345025659.331513
0.275,0.35,0.2,0.175,126.0475450311108,3.7173375447043497,8.240014170400526,0.32176535406465917,0.49917898193760263,1.6576251137044509,1827,6352377251.55554
0.275,0.4,0.1,0.225,144.92210813846174,3.931269345267931,8.229747780989413,0.3771914122742794,0.45758564437194127,1.5553957704664167,2452,7296105406.923087
0.275,0.375,0.075,0.275,144.93740521838924,3.9314348675629365,8.217765492758891,0.42497088996676036,0.45283772981614706,1.4788136493007784,2502,7296870260.919462
0.3,0.425,0.05,0.225,157.3693946452505,4.062231517321196,8.215467833427399,0.4623044157059793,0.4534653465346535,1.4629605555313283,2525,7918469732.262526
0.275,0.475,0.05,0.2,155.5191522832687,4.0432182088075415,8.209379350821806,0.2698991937355414,0.4417979254706108,1.481976774688339,2603,7825957614.163435
0.3,0.375,0.05,0.275,163.43210354937804,4.123494027715112,8.181441736857527,0.4091204058402485,0.4561053471667997,1.4482754182516397,2506,8221605177.468902
0.225,0.275,0.2,0.3,101.05795869687854,3.3978398153895446,8.17847869161435,0.35332030989283597,0.47175925925925927,1.5345332908788505,2160,5102897934.843927
0.375,0.325,0.075,0.225,138.1263363314449,3.856537590957233,8.176989557920825,0.4864251423966626,0.46084724005134786,1.664800758403133,2337,6956316816.572245
0.35,0.375,0.1,0.175,123.92554798965885,3.6919638908008956,8.176167788995489,0.38966588044326816,0.46611998273629696,1.5507689358590728,2317,6246277399.482943
0.25,0.4,0.15,0.2,128.12301317449612,3.7418776430748757,8.164886091641847,0.37384831732734275,0.46087332468655423,1.6177632583644128,2313,6456150658.724807
0.25,0.45,0.025,0.275,137.943966145787,3.854498246193793,8.163608589417056,0.26381003392671604,0.43933823529411764,1.4777993349527374,2720,6947198307.28935
0.3,0.4,0.125,0.175,126.72708401844807,3.725402146924889,8.150960879793118,0.3573849511601152,0.4636363636363636,1.55052698054893,2310,6386354200.922403
0.3,0.35,0.175,0.175,110.71665532181059,3.5270378531169273,8.142843383886131,0.23381449900479348,0.47533632286995514,1.549624362940289,2007,5585832766.090529
0.2,0.275,0.25,0.275,108.2207218896969,3.494402967188443,8.131896701930971,0.22139081586387296,0.48833238474672735,1.6040171993118508,1757,5461036094.484845
0.25,0.2,0.25,0.3,101.00195166773587,3.39706688230072,8.127439589712665,0.220473947642799,0.48169418521177315,1.6386686835478905,1393,5100097583.386793
0.25,0.5,0.075,0.175,141.89250982812217,3.898252287689701,8.122971075732279,0.22842293625317417,0.4444016929588303,1.4288204820874602,2599,7144625491.406109
0.15,0.5,0.05,0.3,137.76889248986296,3.8525387818804724,8.114541497814002,0.23650213616038748,0.44093057070156305,1.446115206333372,2751,6938444624.493149
0.35,0.3,0.05,0.3,155.9609675346095,4.0477721829313955,8.113819282970558,0.37478884329632417,0.449079754601227,1.4698196269675212,2445,7848048376.730474
0.3,0.225,0.175,0.3,100.47817384711362,3.3898244068783505,8.107709601775184,0.2201487660423283,0.47239863214460187,1.5963208718313784,2047,5073908692.355681
0.2,0.325,0.25,0.225,101.37959607062018,3.4022730447565435,8.10265605422074,0.2570263140585361,0.48959537572254336,1.571690539641897,1730,5118979803.531009
0.3,0.45,0.1,0.15,139.60644868792258,3.873022021319276,8.102396287166018,0.33757420236699465,0.45759934453092993,1.4985750018407107,2441,7030322434.39613
0.175,0.45,0.1,0.275,118.22506494552735,3.622317304548175,8.088574903618595,0.197527506930487,0.44191176470588234,1.3963515003595997,2720,5961253247.276367
0.15,0.3,0.3,0.25,81.1773351153648,3.1030795142912284,8.088472603767253,0.1732616139865432,0.4895767530006317,1.5455310875959547,1583,4108866755.76824
0.2,0.25,0.275,0.275,97.4228415465986,3.347062572111808,8.088196041042991,0.20937077337945423,0.49361987911349897,1.649535729834513,1489,4921142077.32993
0.275,0.375,0.175,0.175,100.9764984796501,3.396715516551704,8.086940035168755,0.273127066051648,0.47078705939159826,1.5721348909420219,2071,5098824923.982505
0.3,0.425,0.075,0.2,138.67778946591386,3.8626931517220546,8.08373731983669,0.40524990142750245,0.45411013567438147,1.4414401485254233,2506,6983889473.295692
0.3,0.375,0.075,0.25,138.15640244201606,3.8568736290927843,8.077203569516813,0.3289717208155147,0.45535353535353534,1.4820117328272584,2475,6957820122.100802
0.375,0.35,0.1,0.175,114.41888922938274,3.574544676628445,8.069503127010833,0.27452894808861594,0.46076721883173494,1.632779061226704,2294,5770944461.469137
0.3,0.45,0.075,0.175,134.48301471217442,3.8154466159014264,8.057137086258948,0.3388991586009383,0.4482897384305835,1.5035057899882887,2485,6774150735.608722
0.15,0.475,0.075,0.3,131.7589301379715,3.78422972143088,8.052479123704934,0.25379833748153013,0.4400871459694989,1.3569217985157362,2754,6637946506.898575
0.4,0.275,0.15,0.175,79.772512186647,3.080487978126314,8.038832117137481,0.20092844865489434,0.48727272727272725,1.685507017039499,1375,4038625609.3323503
0.25,0.275,0.175,0.3,109.75968260474525,3.5145843853896315,8.032036553171958,0.4282034419042083,0.479610750695088,1.599265798762381,2158,5537984130.237263
0.275,0.25,0.225,0.25,88.47621889104526,3.2164138264839135,8.02416403535671,0.18820253294609793,0.49588477366255146,1.6394821430750668,1458,4473810944.552263
0.275,0.35,0.1,0.275,139.01178513600655,3.8664133279091306,8.00284093094661,0.3132159578212934,0.45454545454545453,1.4780400581344866,2442,7000589256.800327
0.15,0.5,0.1,0.25,126.60797235478901,3.7239906706424346,7.998850607433197,0.2259846711021911,0.4397810218978102,1.392239614439812,2740,6380398617.73945
0.3,0.35,0.075,0.275,135.5036930157038,3.827033257730908,7.997333624332322,0.35045352203629976,0.45224719101123595,1.5011197461628045,2492,6825184650.78519
0.4,0.275,0.075,0.25,125.74958279137026,3.7137921529359037,7.9962700750095665,0.34610210549438597,0.46089995631280034,1.560294961684714,2289,6337479139.568513
0.175,0.475,0.1,0.25,117.8349476259111,3.6174689222134155,7.987725834710433,0.24708132579081185,0.4407703488372093,1.3334094277247575,2752,5941747381.295555
0.175,0.5,0.025,0.3,131.5935700579069,3.7823207970798105,7.986622037704504,0.23566504292408083,0.4365482233502538,1.4630154757563958,2758,6629678502.895345
0.35,0.3,0.15,0.2,107.36124046627752,3.4830477754548568,7.976910161651942,0.2847544760316919,0.4767042667974497,1.5358218925170124,2039,5418062023.313876
0.225,0.425,0.1,0.25,126.21491809084122,3.7193266037211536,7.9545722919936805,0.25845615219639306,0.44862627022958224,1.4723749850342094,2657,6360745904.542061
0.15,0.375,0.275,0.2,92.0302143583995,3.269331871090251,7.949004076303912,0.16844761541082828,0.4900398406374502,1.4929900061718175,1757,4651510717.919975
0.25,0.4,0.1,0.25,139.3086937560752,3.8697153520155485,7.946275025690098,0.337840872478212,0.4540692989524577,1.5108528030414397,2482,7015434687.80376
0.275,0.35,0.075,0.3,139.7460749612255,3.874570979024842,7.939997304538723,0.3558564516468841,0.4532199270959903,1.4905224809726108,2469,7037303748.061275
0.175,0.25,0.3,0.275,96.08967366079092,3.328120791889292,7.927787279246745,0.1814406340082901,0.49823321554770317,1.6787468044910832,1415,4854483683.039546
0.375,0.225,0.175,0.225,93.66784389006264,3.2932538173789805,7.922836369644668,0.2204226877507227,0.49000799360511593,1.6706572775113537,1251,4733392194.503132
0.4,0.325,0.075,0.2,110.65446028106483,3.5262306924976086,7.9226843098264705,0.3221787968596716,0.45956521739130435,1.6026438248580184,2300,5582723014.053242
0.25,0.45,0.1,0.2,131.14968745018325,3.7771885802359586,7.908082275673463,0.4070018541163337,0.45172824791418353,1.547783024527942,2517,6607484372.509163
0.375,0.275,0.075,0.275,130.00108131186795,3.763853654794495,7.901235551946269,0.42381194461661564,0.46183868169991327,1.5874207218078475,2306,6550054065.593397
0.25,0.35,0.1,0.3,128.49315916867755,3.7462259767977155,7.89575768449963,0.31894461622069914,0.4548736462093863,1.480118204484332,2493,6474657958.433878
0.325,0.25,0.175,0.25,109.78613868015832,3.514929649983431,7.894647962393363,0.3396492203164424,0.4878177966101695,1.5748238801126064,1888,5539306934.0079155
0.3,0.4,0.1,0.2,127.45503162539492,3.7340089580489275,7.891679172596057,0.28052486593800563,0.45267489711934156,1.5235956204986392,2430,6422751581.269746
0.275,0.25,0.2,0.275,110.65983437719633,3.5263004490074223,7.880070225213405,0.3677080833277791,0.48294243070362475,1.6185943741822573,1876,5582991718.859817
0.3,0.35,0.05,0.3,147.2154895567811,3.9559543842158202,7.869445583055466,0.36173421935823524,0.4556709265175719,1.3991490444837855,2504,7410774477.839055
0.4,0.325,0.125,0.15,105.26404994552863,3.455081037483639,7.866710917001329,0.33207548735459885,0.4725328147788041,1.6789622558705213,2057,5313202497.276431
0.375,0.3,0.075,0.25,133.05040185439117,3.7990832079390096,7.864822248439203,0.4334841313217592,0.4571917808219178,1.5889314915897716,2336,6702520092.719558
0.3,0.4,0.025,0.275,139.67540971545154,3.873787177836869,7.858222086155231,0.26936293132589767,0.44490881458966564,1.4950075411761472,2632,7033770485.772577
0.225,0.5,0.1,0.175,122.41531906084322,3.6737264037048947,7.855979403626441,0.24421128096774,0.44131983502062244,1.387550806385414,2667,6170765953.042161
0.3,0.375,0.025,0.3,136.40366047762683,3.8372008417211525,7.854918506419472,0.24421451172715075,0.45069890442009825,1.4792578751413459,2647,6870183023.881342
0.375,0.35,0.075,0.2,116.66180069955168,3.602823532418978,7.839841015685999,0.48353805771331076,0.45964316057774,1.5924184174253007,2354,5883090034.977584
0.15,0.375,0.2,0.275,110.25805019868254,3.521078928955161,7.837950788857414,0.18344121769791324,0.46153846153846156,1.445095471996169,2327,5562902509.934127
0.375,0.35,0.125,0.15,94.46158646543738,3.3047474127710856,7.834581092712307,0.3407691627000924,0.4675751879699248,1.596579121175398,2128,4773079323.271869
0.25,0.4,0.125,0.225,129.45216554659967,3.757452849866291,7.830767286155754,0.34233284645543216,0.4581624282198523,1.473882023255968,2438,6522608277.329984
0.25,0.5,0.1,0.15,132.90284579313263,3.797391070711085,7.824035043463801,0.33006157683044707,0.45136959110758235,1.424887046940242,2519,6695142289.656631
0.225,0.3,0.2,0.275,94.09694064567776,3.2994753474608673,7.82348010467725,0.2839051233193204,0.4696261682242991,1.5369064819338603,2140,4754847032.283888
0.275,0.3,0.2,0.225,108.95502882604109,3.504056372771039,7.818690412315034,0.4076276259856828,0.49455337690631807,1.707608745235075,1836,5497751441.302054
0.2,0.3,0.25,0.25,93.63039779493243,3.2927099727768274,7.813395114250765,0.183863684384152,0.4937214611872146,1.5559317511373085,1752,4731519889.746622
0.35,0.2,0.15,0.3,93.60660257277954,3.292364309234612,7.805489672084439,0.2562902932295231,0.4730250481695568,1.6591518670812482,2076,4730330128.638977
0.325,0.425,0.05,0.2,132.12612087516965,3.788462815922922,7.803802473227394,0.4679957634544011,0.4542168674698795,1.45337457052843,2490,6656306043.758483
0.275,0.425,0.1,0.2,126.01507496783371,3.716951464664512,7.798056137815802,0.34741155497470416,0.4596905537459283,1.50174353473162,2456,6350753748.3916855
0.2,0.225,0.275,0.3,81.02210705209438,3.100596192666247,7.797390680847165,0.20936033026638345,0.48291721419185285,1.5929263913791474,1522,4101105352.604719
0.25,0.375,0.175,0.2,96.761719886467,3.3376912394672926,7.789761501576942,0.25677755982728584,0.4716981132075472,1.5947036412238789,2173,4888085994.32335
0.225,0.425,0.175,0.175,108.51621909323151,3.498292945631005,7.7881755847794985,0.3869292614298652,0.4692513368983957,1.562984551745486,2244,5475810954.661575
0.25,0.4,0.175,0.175,96.96716107923554,3.340607949025503,7.784296476200545,0.274054176384584,0.4687355257063455,1.618175542604828,2159,4898358053.961777
0.375,0.25,0.075,0.3,123.35172187256367,3.6850521286273237,7.781459830259827,0.4240839251700946,0.4552915766738661,1.5189660043622768,2315,6217586093.628183
0.15,0.425,0.15,0.275,109.1491257406724,3.506600698811254,7.778403608434499,0.23013882065844954,0.44832769635475384,1.3711072162415605,2661,5507456287.03362
0.375,0.375,0.075,0.175,119.09076941707492,3.6330378979613354,7.767928510532773,0.38372442378850774,0.4584563475326866,1.5368178110086423,2371,6004538470.853746
0.225,0.475,0.1,0.2,120.91995524065292,3.6555183303390866,7.764938235894913,0.24883990599571237,0.4451540195341848,1.4151813524173409,2662,6095997762.032646
0.275,0.375,0.125,0.225,121.31660297552581,3.660362779422889,7.749397589798247,0.3366751591875614,0.45207199665131853,1.5124557650364494,2389,6115830148.776291
0.275,0.5,0.075,0.15,127.05177018905438,3.729245147977643,7.747833343204456,0.37305858100032635,0.4559810501381761,1.454087719982452,2533,6402588509.452719
0.4,0.275,0.025,0.3,132.25550717874947,3.789952532125568,7.747257472556279,0.39690587550543854,0.45358649789029537,1.4854974880206886,2370,6662775358.937473
0.225,0.375,0.2,0.2,93.98252276695244,3.297818256652018,7.73525094740075,0.2517119186361407,0.4695898161244696,1.5145520135512727,2121,4749126138.347622
0.175,0.4,0.175,0.25,118.15930710514482,3.621500821877693,7.731248162988223,0.2975820598475996,0.4627418690819267,1.4333734684920876,2429,5957965355.257241
0.25,0.425,0.15,0.175,109.9973937669582,3.5176846224928013,7.725347926536807,0.4053285679940212,0.46,1.553389497379426,2300,5549869688.34791
0.175,0.25,0.275,0.3,77.55498313462923,3.0442769901779254,7.724403412395694,0.2521133917172291,0.48484848484848486,1.6396260568771444,1716,3927749156.7314615
0.2,0.375,0.175,0.25,115.32795377509103,3.5860508896722605,7.7218752529372745,0.37145656119698645,0.46766595289079227,1.501807007535351,2335,5816397688.754552
0.4,0.375,0.075,0.15,108.47240135908025,3.4977165720204795,7.7204988579053495,0.3684048213688652,0.4639620198532585,1.5843636719030636,2317,5473620067.954013
0.15,0.475,0.125,0.25,108.81573826758101,3.502228595381742,7.717085260258909,0.2691919317982092,0.44509948415622697,1.3691184608234441,2714,5490786913.37905
0.275,0.4,0.025,0.3,124.23836603576454,3.6957227125423424,7.705725865970746,0.23871392661934623,0.4414580265095729,1.4507152340032134,2716,6261918301.788227
0.35,0.35,0.1,0.2,103.71518488481846,3.434184584962371,7.70196776670414,0.39356368036856587,0.45650301464254955,1.5692354225100922,2322,5235759244.240923
0.15,0.275,0.275,0.3,85.1480977656126,3.1655472408031136,7.688076922132835,0.1687011038412034,0.47432357813362785,1.6403338941472834,1811,4307404888.28063
0.15,0.35,0.2,0.3,97.4971158474376,3.3481127261534187,7.6780981696010535,0.21570568609435478,0.46561298590346006,1.4015657572176288,2341,4924855792.37188
0.225,0.35,0.25,0.175,86.55547625105778,3.1872176317917553,7.669445691280491,0.1335899741889981,0.493687707641196,1.6332832061847227,1505,4377773812.552889
0.4,0.4,0.05,0.15,120.50879940182966,3.6504853644791586,7.666587254784392,0.22693536767169759,0.45810754481033766,1.464741184640062,2399,6075439970.091483
0.275,0.45,0.125,0.15,117.08526517741765,3.608121400047705,7.659451510311864,0.2429374229783301,0.4541595925297114,1.4874200235043944,2356,5904263258.870883
0.3,0.425,0.025,0.25,132.60068592554606,3.7939220147697768,7.65360478199401,0.3088010522577063,0.44381169324221714,1.4878652421417542,2634,6680034296.277303
0.275,0.3,0.225,0.2,76.75342612472933,3.031017108573903,7.626404701295199,0.19948687353846928,0.4978813559322034,1.720565935151028,1416,3887671306.2364664
0.325,0.3,0.075,0.3,129.7065733694532,3.760421724148797,7.62044115862868,0.40712319158847987,0.45491972004940306,1.583854131867396,2429,6535328668.47266
0.2,0.45,0.15,0.2,114.69481598027865,3.5780436289785813,7.601573986106192,0.3452928472027518,0.45940514469453375,1.5000345947990539,2488,5784740799.013932
0.375,0.4,0.075,0.15,110.58007129027924,3.525264878584112,7.597002547957964,0.3128252852390182,0.45577085088458297,1.4820333884940715,2374,5579003564.513962
0.175,0.5,0.125,0.2,107.87204307592127,3.4898036837482795,7.595210232399034,0.2257384627300044,0.44440353460972015,1.3510983595270554,2716,5443602153.796063
0.375,0.375,0.1,0.15,97.06876522456774,3.342048916703832,7.590071834402336,0.3000034119769189,0.4630606860158311,1.5691097044802098,2274,4903438261.228387
0.325,0.375,0.125,0.175,96.64099997204131,3.335975399028557,7.587661341881783,0.32258978351062423,0.46314387211367675,1.5481930725054236,2252,4882049998.602066
0.275,0.275,0.2,0.25,102.90367187842678,3.423152112501681,7.585497870797343,0.3307293183528613,0.4828877005347594,1.6363091669977037,1870,5195183593.921339
0.325,0.35,0.15,0.175,91.38359401152927,3.259807421500456,7.582283156517151,0.2853320921666625,0.4714686623012161,1.4988689987279507,2138,4619179700.576464
0.275,0.475,0.075,0.175,119.78778584825486,3.6416314004652017,7.569566707559024,0.4217237594519099,0.44928684627575277,1.4925996227212819,2524,6039389292.412743
0.275,0.325,0.225,0.175,77.15359048584982,3.0376484459722297,7.566018541016991,0.17345599369465053,0.4912526242127362,1.7102767405817436,1429,3907679524.292491
0.35,0.425,0.075,0.15,114.07523020718605,3.570178869170804,7.551276894694245,0.2756921425405027,0.45279934613812833,1.4766799517481326,2447,5753761510.3593025
0.2,0.475,0.125,0.2,108.54583634626712,3.498682438903308,7.546130186721099,0.301637426359861,0.4539300488905604,1.3920139014789028,2659,5477291817.313356
0.225,0.425,0.2,0.15,83.2602634548815,3.1360976758897765,7.537399771318825,0.2743155795782631,0.4719922065270336,1.5392189998635677,2053,4213013172.744075
0.2,0.325,0.175,0.3,105.0710254117961,3.4524881964340457,7.53307740512317,0.445354042587358,0.4635705155517682,1.462219629846824,2347,5303551270.589805
0.15,0.475,0.1,0.275,105.00406533045654,3.4515879923066004,7.526014205160137,0.24471911060610863,0.4397240377632535,1.3595294945911647,2754,5300203266.522827
0.325,0.425,0.075,0.175,121.65933060949574,3.6645400834107154,7.514746848779565,0.33867314458616904,0.4535073409461664,1.4200615194864936,2452,6132966530.474787
0.25,0.425,0.1,0.225,111.06709938679569,3.531580178357979,7.513464542489446,0.41616951994723744,0.45788423153692615,1.482240310802539,2505,5603354969.339785
0.175,0.225,0.3,0.3,81.7700084375381,3.1125318127032564,7.508555446666734,0.15596201822700295,0.4874476987447699,1.6878748963345545,1434,4138500421.8769045
0.4,0.325,0.1,0.175,96.617721857036,3.335644372038928,7.493721232421022,0.2855464546608001,0.4647824136384029,1.6092568106454195,2229,4880886092.8518
0.3,0.475,0.075,0.15,116.45489335562637,3.6002302470602947,7.491520424945983,0.31782944105491273,0.4543278819305943,1.4750683618858522,2507,5872744667.781319
0.325,0.375,0.15,0.15,83.62498915680428,3.1418219742512266,7.486824708836618,0.24812413624450627,0.47185114503816794,1.5597609623241873,2096,4231249457.840214
0.2,0.35,0.2,0.25,88.82042676627228,3.2216008139620005,7.47852487323361,0.2996665584585655,0.4745685740236149,1.4660707553788521,2202,4491021338.313614
0.175,0.475,0.15,0.2,105.44564537817286,3.4575174334961414,7.473265257081105,0.2899064805432767,0.4486882716049383,1.3969807472601334,2592,5322282268.908643
0.35,0.275,0.175,0.2,75.10923741069978,3.0035242339513006,7.472883713377445,0.20920882683684217,0.49417409184372857,1.6001617711137899,1459,3805461870.534989
0.15,0.475,0.15,0.225,100.32376350024396,3.387684467551476,7.471004808794648,0.23253771164422796,0.4477949491142103,1.345537162271882,2653,5066188175.0121975
0.275,0.375,0.2,0.15,89.69032515121181,3.2346496601895964,7.461026308167536,0.39067977727981285,0.5037037037037037,1.6940122666969706,1755,4534516257.560591
0.325,0.325,0.15,0.2,90.21707318951071,3.2425097917336743,7.459948094527608,0.2379630302872654,0.4719207173194903,1.5252829717717993,2119,4560853659.475535
0.25,0.475,0.125,0.15,107.24919650725337,3.4815629809623214,7.456188563743049,0.29318656309966107,0.4536039768019884,1.5492790877615013,2414,5412459825.362669
0.275,0.375,0.1,0.25,114.68483071231667,3.577917107487748,7.4545311403455194,0.31475457259332806,0.4580936729663106,1.5013676369382523,2434,5784241535.615833
0.175,0.5,0.1,0.225,101.46629139757897,3.4034663734977366,7.45057315397308,0.26783485492317033,0.4403231729709879,1.3357827083410658,2723,5123314569.878948
0.25,0.375,0.125,0.25,111.3073272000585,3.5346883462313743,7.446693568889141,0.2920463504203503,0.4524979524979525,1.4732718737284116,2442,5615366360.002925
0.35,0.325,0.175,0.15,70.14760057474246,2.9180306912525116,7.445441665507877,0.25259772521695817,0.4842249657064472,1.6058343493087621,1458,3557380028.7371225
0.2,0.425,0.15,0.225,106.39011597716278,3.470143676545777,7.437585278159364,0.35682104956228733,0.46228317870108915,1.4583735058199294,2479,5369505798.858139
0.325,0.4,0.125,0.15,95.65952651525976,3.3219715111971686,7.4202432804181075,0.3114558392547935,0.4538564422648239,1.5830580020456753,2243,4832976325.762988
0.325,0.4,0.05,0.225,115.98857801444913,3.5943742488483883,7.415765200153403,0.46439752079918245,0.45684464070654357,1.3977914115290193,2491,5849428900.722457
0.3,0.375,0.15,0.175,85.03683721841371,3.1638238486371844,7.40551543308126,0.2612582968447808,0.46265938069216755,1.5098614687489897,2196,4301841860.920686
0.35,0.35,0.15,0.15,93.12107430745236,3.2852982942916427,7.401061891225492,0.3377685309071603,0.4750378214826021,1.5695837133581918,1983,4706053715.372618
0.15,0.4,0.275,0.175,78.84917613767014,3.065493576844644,7.393338930767822,0.15807752605308364,0.4895774647887324,1.4534355144003541,1775,3992458806.883507
0.2,0.375,0.2,0.225,92.60064185843292,3.2776967408979836,7.388135003277504,0.2708627181727562,0.4672727272727273,1.4506775887513927,2200,4680032092.921646
0.25,0.425,0.175,0.15,82.32516321848865,3.1213441001335234,7.386742108632291,0.37428246636597756,0.4684014869888476,1.5952821584311065,2152,4166258160.9244328
0.2,0.35,0.225,0.225,80.51777728711656,3.0925058610623415,7.371584104455674,0.297235134283298,0.4764474975466143,1.543411879069838,2038,4075888864.3558283
0.225,0.4,0.175,0.2,95.99343591084013,3.3267466107680894,7.370347309902764,0.3534449400339117,0.4714475431606906,1.5581589409551202,2259,4849671795.5420065
0.25,0.275,0.2,0.275,88.8289259253593,3.2217287196476336,7.3700989482435455,0.22911880501248624,0.4660433070866142,1.5943830737386602,2032,4491446296.267965
0.175,0.45,0.15,0.225,98.5970944132069,3.36360253029766,7.363984283765176,0.20465139388171658,0.45198170731707316,1.3859117241951453,2624,4979854720.660345
0.15,0.5,0.125,0.225,95.76516821187987,3.323483460216573,7.360388219709645,0.21963648870752608,0.44170403587443946,1.3531057625382814,2676,4838258410.593993
0.4,0.375,0.025,0.2,108.03334031067217,3.491932534122151,7.349456586396568,0.46095691426541424,0.4517453798767967,1.4288886836858237,2435,5451667015.533608
0.2,0.45,0.2,0.15,90.37757816837654,3.244898710990177,7.3489948540221945,0.26126856767568235,0.46660350544765516,1.4538846139544328,2111,4568878908.418827
0.4,0.3,0.025,0.275,117.14605738139869,3.6088808967982047,7.343231626430337,0.3956539401775284,0.4534497090606816,1.480487723103311,2406,5907302869.069935
0.275,0.45,0.075,0.2,109.62864001613455,3.5128733890777575,7.339498814257897,0.4280047681821039,0.44533120510774143,1.429096140406413,2506,5531432000.806727
0.15,0.275,0.3,0.275,60.85990761689888,2.7464088058203986,7.324953842289984,0.16424510308614035,0.48413192283758555,1.5486412719451834,1607,3092995380.844944
0.25,0.325,0.2,0.225,83.52975320044193,3.1403288850451263,7.32406577546803,0.2524401866189292,0.470617042115573,1.501131494871394,2042,4226487660.0220966
0.175,0.35,0.225,0.25,88.26355339277899,3.213202313896174,7.314316117192235,0.3436575359756624,0.46544428772919605,1.5369414192413597,2127,4463177669.638949
0.225,0.4,0.225,0.15,80.3660026661245,3.090064472047983,7.3041827160671,0.22240088759398158,0.48732394366197185,1.5368103276295222,1775,4068300133.3062253
0.15,0.3,0.275,0.275,77.05441660002056,3.03600713785253,7.294018648878003,0.2095458536525154,0.47739801543550164,1.5005415468818801,1814,3902720830.001028
0.2,0.35,0.175,0.275,99.74446143025808,3.379636229325407,7.28703312868125,0.47165358719310446,0.46555412922550277,1.4135851656861977,2337,5037223071.512904
0.15,0.325,0.275,0.25,75.61579184965674,3.01203712527393,7.2808142014588615,0.19243445942969248,0.4910414333706607,1.5361994483286776,1786,3830789592.482837
0.225,0.375,0.25,0.15,78.78409314478588,3.064432231986184,7.2795394283735435,0.1397235539656882,0.4922870556673374,1.5994688208935366,1491,3989204657.2392945
0.275,0.325,0.1,0.3,100.5887687678001,3.3913557576653686,7.277381376391347,0.4268480496524955,0.4530929946743138,1.4350835940661022,2441,5079438438.390005
0.375,0.375,0.025,0.225,104.40386935959405,3.4435017085003503,7.264092796414556,0.472610905022721,0.4520048602673147,1.4794868305931625,2469,5270193467.979703
0.15,0.45,0.125,0.275,96.67990051072715,3.3365284653498906,7.26028772998068,0.24373151355781078,0.4375,1.3554499392822439,2720,4883995025.536358
0.225,0.35,0.2,0.225,78.47016370333063,3.0593045255593756,7.251229419509179,0.27006555853908637,0.4739829706717124,1.4840593292849087,2114,3973508185.1665316
0.275,0.425,0.025,0.275,103.62663570987274,3.4329835952161085,7.250396551094613,0.24061936047696328,0.4376163873370577,1.4239315233443028,2685,5231331785.493637
0.225,0.4,0.2,0.175,76.51407950184928,3.0270396728650937,7.248963383930065,0.24394980701575616,0.47263922518159807,1.4886032315080908,2065,3875703975.092464
0.2,0.375,0.225,0.2,80.5418523340246,3.0928928391195116,7.245429212175173,0.2838557252324655,0.4826043737574553,1.5282803228427566,2012,4077092616.7012296
0.2,0.5,0.125,0.175,94.63391088264771,3.3072341240739798,7.232321247860394,0.223490419789802,0.44702743902439024,1.4079157904739286,2624,4781695544.132385
0.15,0.45,0.1,0.3,92.44893658667196,3.2754754928950867,7.2299429399678115,0.2533324562148873,0.43800440205429203,1.354844558010087,2726,4672446829.333598
0.225,0.5,0.125,0.15,98.98642852439045,3.3690572270783443,7.225005410772187,0.2568235636921149,0.4497781363453005,1.4375941114217041,2479,4999321426.219522
0.15,0.35,0.225,0.275,89.39554804143029,3.2302374468029846,7.217947137578639,0.2548397839311591,0.4662131519274376,1.4694292825252726,2205,4519777402.071514
0.175,0.325,0.225,0.275,80.86860688111594,3.098137369976617,7.209673742424446,0.3672128392252356,0.46589327146171694,1.5155221022815228,2155,4093430344.0557966
0.225,0.35,0.225,0.2,87.8820804502886,3.2074285424301694,7.206115606007504,0.3951888659699042,0.49404761904761907,1.553791132404675,1848,4444104022.51443
0.3,0.475,0.05,0.175,104.65009065568987,3.4468227607223954,7.2013283915301525,0.4534233243785143,0.4482213438735178,1.4556590016687738,2530,5282504532.784493
0.35,0.325,0.15,0.175,80.63443188714965,3.0943802233280255,7.164434412848622,0.29351225417119786,0.4774640911342249,1.5561949611279438,2019,4081721594.3574824
0.3,0.4,0.15,0.15,79.04423923469534,3.068671061750597,7.164315990625346,0.23402784483328035,0.4629798903107861,1.5498429069952888,2188,4002211961.734767
0.25,0.3,0.2,0.25,87.33010335303844,3.1990442125061787,7.164286318497976,0.2558931237484558,0.4666990763247448,1.592682196003378,2057,4416505167.651922
0.3,0.375,0.175,0.15,80.62212132347416,3.094182507787992,7.160730104805765,0.23773497495101473,0.47414234511008707,1.5272156079972856,1953,4081106066.173708
0.15,0.325,0.225,0.3,97.13029599020409,3.342921063393937,7.155959637962747,0.2652741724644943,0.458876404494382,1.461625943751582,2225,4906514799.510204
0.3,0.4,0.05,0.25,117.02053967993379,3.607312471173345,7.151529268738634,0.46054053380408716,0.4515873015873016,1.3871152702843506,2520,5901026983.99669
0.25,0.375,0.1,0.275,96.77191602797456,3.3378360953275124,7.136609843425436,0.41426178760787113,0.45675020210185935,1.455417486355713,2474,4888595801.398727
0.35,0.425,0.05,0.175,102.54267501829426,3.4182255524928786,7.135040045375607,0.459909143097227,0.45311236863379145,1.3626505226648342,2474,5177133750.914713
0.275,0.425,0.075,0.225,99.33267737448445,3.3738961680750643,7.125237822506198,0.47057456306243073,0.45425489412704756,1.446382338106286,2503,5016633868.724222
0.175,0.275,0.275,0.275,62.86440797807805,2.7848603571317625,7.1158807922583485,0.22569752787636133,0.4871645274212369,1.5215707743587874,1714,3193220398.9039025
0.15,0.325,0.3,0.225,63.35406092016416,2.794128158858422,7.096833112690788,0.1802700050524971,0.47900763358778625,1.4672059879407844,1572,3217703046.008208
0.175,0.425,0.15,0.25,89.3281803964262,3.2292277175907698,7.079000815324262,0.2401160644301711,0.44870820668693007,1.3719148280855717,2632,4516409019.82131
0.175,0.375,0.275,0.175,70.47844710729476,2.9238554075513417,7.072988004777629,0.14749172553582574,0.4833438089252043,1.500814276378651,1591,3573922355.3647375
0.15,0.45,0.175,0.225,84.5909750561243,3.156902338372637,7.0536159086552646,0.2420982726766331,0.45254037022449783,1.3751846459589054,2539,4279548752.8062143
0.375,0.325,0.025,0.275,102.6094639583889,3.4191379070974826,7.0533458956416695,0.3800012044929934,0.44794690999585235,1.4938753370860753,2411,5180473197.919445
0.325,0.3,0.175,0.2,91.9295863478338,3.2678526253473192,7.037734865868403,0.365058093478071,0.4954521134296415,1.518705764063517,1869,4646479317.39169
0.275,0.4,0.15,0.175,79.57620500477229,3.0773098631034976,7.035894292437117,0.3474721240263513,0.45866666666666667,1.4485533985085266,2250,4028810250.2386146
0.225,0.325,0.2,0.25,77.81867258714702,3.048619000556502,7.0352871225221225,0.2767087835780646,0.47091670544439274,1.5417311384065153,2149,3940933629.357351
0.4,0.325,0.025,0.25,105.54733670721214,3.4588805529389584,7.033854925636094,0.41346998482311015,0.4522633744855967,1.4933119489850717,2430,5327366835.360607
0.2,0.375,0.25,0.175,75.87781961701144,3.0164256201477517,7.023823597465735,0.21411366190922618,0.4913017396520696,1.5407940226774643,1667,3843890980.850572
0.325,0.45,0.05,0.175,99.71244200513686,3.379190467245415,7.013845027548155,0.44511007567389815,0.44805455274769357,1.3919189784531223,2493,5035622100.256844
0.225,0.45,0.15,0.175,87.20133535655552,3.1970831529939225,7.012301809653696,0.32287121199434715,0.4547377326565144,1.4979707496053791,2364,4410066767.827776
0.15,0.25,0.3,0.3,56.007789935380565,2.6496896285069775,6.99871372009515,0.21588065519866304,0.4765432098765432,1.559185457090054,1620,2850389496.769028
0.2,0.325,0.225,0.25,70.68467189285168,2.9274768296093554,6.995542643911842,0.2859804018461947,0.46168958742632615,1.4692513173505144,2036,3584233594.6425843
0.15,0.475,0.225,0.15,77.86433963274753,3.0493699678253767,6.978290253356091,0.4241415911705446,0.4666030534351145,1.4493870334466779,2096,3943216981.637377
0.375,0.25,0.175,0.2,66.64696411667296,2.8552412108057617,6.974356842492667,0.3113222551000651,0.48357963875205257,1.676532184891859,1218,3382348205.833648
0.4,0.3,0.1,0.2,74.85403653889404,2.999220864119466,6.96204964980496,0.3356601323862073,0.45851917930419267,1.493467793571561,2242,3792701826.9447017
0.25,0.325,0.25,0.175,67.71666493627933,2.8746577309440267,6.9595131658912175,0.1889226848079687,0.4937791601866252,1.771632278285981,1286,3435833246.8139663
0.2,0.25,0.25,0.3,66.60477119062277,2.8544710865689136,6.9448057764097895,0.2582030457298376,0.4776203966005666,1.47288513161786,1765,3380238559.5311384
0.325,0.45,0.075,0.15,98.40826343604016,3.3609517261308435,6.942678119540602,0.33994444413313923,0.4465510286405809,1.4024196167103509,2479,4970413171.802008
0.25,0.4,0.2,0.15,71.89985682883867,2.9486735924867418,6.938768927926603,0.22078845595691135,0.47715736040609136,1.5392330829904974,1970,3644992841.441933
0.35,0.375,0.125,0.15,70.00681590116285,2.9155465225514865,6.915304026112749,0.31465521555156806,0.4580467675378267,1.5372114676514916,2181,3550340795.0581427
0.275,0.4,0.125,0.2,93.28654771259941,3.287709247880657,6.914701430211584,0.3646306829527099,0.45333886354209874,1.4523912446871876,2411,4714327385.629971
0.175,0.35,0.2,0.275,96.61505700543631,3.3356064730301522,6.91295671108899,0.4604296740404027,0.4742177170559718,1.381639788292958,2269,4880752850.271815
0.175,0.275,0.3,0.25,68.10745544822133,2.881699851523597,6.909844094363882,0.22226269707006582,0.4895608351331893,1.6706480816601648,1389,3455372772.4110665
0.175,0.5,0.15,0.175,84.2059689058249,3.1509058016372373,6.880344513731672,0.2135383492386165,0.44233009708737864,1.404435089316147,2575,4260298445.2912455
0.15,0.5,0.175,0.175,81.75859757330718,3.1123502607317883,6.866332209720171,0.27887808802648567,0.45016339869281047,1.456658400131951,2448,4137929878.6653595
0.25,0.3,0.25,0.2,59.73344138790397,2.7244273093712765,6.866295505761921,0.1978021778823489,0.4916158536585366,1.758536548858305,1312,3036672069.395199
0.225,0.375,0.225,0.175,73.74071003169244,2.9803312037430616,6.855210536922055,0.3565552848809521,0.4901315789473684,1.606768729073975,1824,3737035501.584622
0.2,0.25,0.3,0.25,60.29933313396092,2.7355042625528565,6.847628860608938,0.1915148598931724,0.48811544991511036,1.8165344144325806,1178,3064966656.698046
0.375,0.425,0.05,0.15,96.7369724500988,3.337339611671795,6.846904540431343,0.3793391868690867,0.45469590401323956,1.4005051834416604,2417,4886848622.50494
0.375,0.35,0.025,0.25,96.8625819142881,3.3391237277217236,6.835341606415749,0.4093579791622736,0.44676494676494677,1.4622976898285869,2442,4893129095.714405
0.3,0.475,0.025,0.2,93.32456290211346,3.2882627242127676,6.8310588416110845,0.29121735747279015,0.4395519505600618,1.4217180338667381,2589,4716228145.105673
0.175,0.35,0.275,0.2,65.22112214319174,2.829032977788875,6.823423461141433,0.14929367043941583,0.49302915082382764,1.5008060285230058,1578,3311056107.159587
0.175,0.425,0.175,0.225,86.52077110515104,3.1866861107973268,6.8115754829684665,0.2992726328357725,0.4617634768073548,1.3978776930708048,2393,4376038555.257552
0.175,0.375,0.225,0.225,71.29746737510594,2.9381962421741377,6.795499466197617,0.3067854691774513,0.4693106704438149,1.4411464301893602,2118,3614873368.755297
0.2,0.325,0.275,0.2,65.71357614761388,2.8381277007676453,6.794813127782314,0.22309952151393495,0.4920520231213873,1.6474446471983584,1384,3335678807.380694
0.15,0.4,0.2,0.25,79.03556797718277,3.0685299229628384,6.793180093679037,0.19201468358638388,0.46078011144449205,1.3968159312243227,2333,4001778398.859138
0.275,0.35,0.225,0.15,59.29437884911661,2.7157845187603824,6.780517920935459,0.1937677889259473,0.48734634851771513,1.6827076788954822,1383,3014718942.4558306
0.2,0.35,0.275,0.175,56.59412277357518,2.6616674975058037,6.7723464763076855,0.16126623582088143,0.48674521354933725,1.575331687821039,1358,2879706138.678759
0.325,0.25,0.2,0.225,57.43318779903372,2.6786649456805054,6.771164824431901,0.2083980762735885,0.48915482423335827,1.5851324608542323,1337,2921659389.951686
0.375,0.3,0.025,0.3,92.93599322424257,3.2825982398529288,6.767220112542711,0.38419875534931275,0.4481757877280265,1.4146992407563892,2412,4696799661.212129
0.3,0.25,0.225,0.225,63.67381799149537,2.800154447932891,6.743907262581968,0.2201417410580993,0.4813614262560778,1.6518466537068146,1234,3233690899.5747685
0.175,0.3,0.225,0.3,67.5878594619855,2.8723306670850266,6.739268566278461,0.363050639877923,0.46383574428371444,1.4853252172176903,2143,3429392973.099275
0.275,0.4,0.075,0.25,83.84684510961712,3.145295760535448,6.729857864956564,0.5028060779195911,0.45077720207253885,1.3964710348554223,2509,4242342255.480856
0.4,0.425,0.025,0.15,84.55135799127686,3.1562861432011697,6.72169341883223,0.4609961048320314,0.4484725050916497,1.4016908548834932,2455,4277567899.563843
0.4,0.4,0.025,0.175,84.48044924447254,3.1551827595613187,6.714059932865444,0.4165177783542376,0.45014245014245013,1.4024148604318674,2457,4274022462.2236266
0.275,0.375,0.15,0.2,71.94419072128812,2.9494423625811295,6.710935271065755,0.36472147522233983,0.4643175735950045,1.4518606542181653,2242,3647209536.0644064
0.25,0.35,0.2,0.2,65.89726694712772,2.8415084456404123,6.708774767892348,0.28310783944076207,0.4722358722358722,1.4799509856875073,2035,3344863347.356386
0.225,0.3,0.225,0.25,75.006547663408,3.0017937911073114,6.701003074637267,0.3466051570630892,0.47674418604651164,1.575885274256275,1892,3800327383.1704
0.325,0.225,0.175,0.275,67.93889201501166,2.878665634605364,6.681325394658884,0.33318030991385,0.4756980351602896,1.6462591579408745,1934,3446944600.750583
0.175,0.475,0.2,0.15,72.333425241028,2.956178271002767,6.678011666873074,0.4463197491155564,0.4591510725696029,1.432713737093938,2191,3666671262.0513997
0.15,0.375,0.225,0.25,73.55601141564526,2.977178983301187,6.6709671039368965,0.31589859339603665,0.46633529145955716,1.4649278906053727,2213,3727800570.782263
0.3,0.45,0.05,0.2,87.87108200780472,3.207261826230888,6.664141027128085,0.5141943037578117,0.4498200719712115,1.3854960282646942,2501,4443554100.390236
0.2,0.4,0.225,0.175,66.87068032719168,2.8593191331671015,6.663769064955257,0.2849976671701675,0.4798994974874372,1.4871055209919706,1990,3393534016.359584
0.325,0.375,0.025,0.275,92.35884164872431,3.274155174639777,6.658854063021432,0.3475373983173277,0.4512489927477841,1.4868766195387404,2482,4667942082.436215
0.15,0.35,0.275,0.225,61.569881161949596,2.760123533881248,6.650094623472319,0.20757688186778966,0.49266365688487584,1.4577984999581655,1772,3128494058.09748
0.325,0.25,0.225,0.2,54.71404120682069,2.622960946357043,6.64190935844945,0.23392454679969824,0.4700507614213198,1.7272529138082353,985,2785702060.3410344
0.325,0.2,0.175,0.3,66.66434167381145,2.8555582988458896,6.632829974468402,0.27979043421236727,0.4716981132075472,1.6025573481096809,1961,3383217083.6905727
0.375,0.2,0.15,0.275,65.54458304548241,2.8350118669718896,6.627167479693943,0.2999591447464953,0.4817073170731707,1.6452370305263238,1968,3327229152.2741203
0.3,0.5,0.025,0.175,82.96325603018593,3.1314237466452877,6.620979152401737,0.26131373238940236,0.43894009216589863,1.4193987825298626,2604,4198162801.5092964
0.325,0.275,0.175,0.225,78.22255666443584,3.0552504035881185,6.619437027574032,0.4219725304045633,0.4885455514118274,1.5471789468163684,1877,3961127833.221792
0.325,0.325,0.075,0.275,79.04742394773514,3.068722895513776,6.613504562680964,0.45134012581254446,0.45428454284542846,1.4372609470190572,2439,4002371197.386757
0.15,0.5,0.2,0.15,75.7761200669527,3.0147235443788434,6.5806098475614325,0.3018500518576005,0.45474613686534215,1.4270014192374734,2265,3838806003.347635
0.325,0.475,0.05,0.15,78.62331443805516,3.0618077982078065,6.579881623723119,0.4334121619360628,0.44834463502193855,1.4020716778123288,2507,3981165721.902758
0.35,0.325,0.025,0.3,89.1432768602883,3.2264536869897116,6.578078947512947,0.33513094430168844,0.44694797214256454,1.4289174856753009,2441,4507163843.014415
0.25,0.275,0.25,0.225,56.77302445072281,2.665305667436646,6.572331076547967,0.1776975261386125,0.4845516201959307,1.6267922090672378,1327,2888651222.5361404
0.275,0.225,0.2,0.3,66.81948713507782,2.858386785507821,6.568437272277555,0.32110697220916323,0.475,1.5831219752525478,1920,3390974356.753891
0.15,0.425,0.2,0.225,77.9257447151138,3.0503792718657037,6.564271419675851,0.2554071374019894,0.4605879846612697,1.3933495950921042,2347,3946287235.7556896
0.35,0.35,0.025,0.275,86.98202798485475,3.1937387481288937,6.539807529231426,0.3021216339681008,0.4468864468864469,1.4276248101529307,2457,4399101399.242738
0.225,0.45,0.125,0.2,86.11842781752695,3.180513602777711,6.538372662756386,0.34257462506160385,0.4541816726690676,1.4154702856173105,2499,4355921390.876348
0.175,0.45,0.2,0.175,67.79088489962365,2.875997279450566,6.535513813936737,0.38203539663257086,0.46223021582733814,1.3998389932416258,2224,3439544244.981182
0.325,0.275,0.2,0.2,54.97897396808246,2.628468513711216,6.52548038020928,0.23690866986318565,0.4891222805701425,1.6206923773405035,1333,2798948698.404123
0.325,0.225,0.225,0.225,56.74029551552631,2.664640660120045,6.511896153667361,0.2383115284145195,0.47497546614327774,1.7835529433125177,1019,2887014775.7763157
0.2,0.425,0.2,0.175,64.87094780966717,2.822537892003941,6.509208732163556,0.37506966018741816,0.4678983833718245,1.4171000149701751,2165,3293547390.4833584
0.15,0.475,0.175,0.2,68.55625002731745,2.8897538999620256,6.504166286158144,0.29873740556269285,0.4486205517792883,1.3865285313285376,2501,3477812501.3658724
0.3,0.5,0.05,0.15,78.80016470208928,3.0646943745907365,6.484491509132844,0.3844717418185117,0.446936323588306,1.3879332167409033,2497,3990008235.104464
0.3,0.425,0.125,0.15,71.26453842306128,2.937621801433657,6.484255579914149,0.36352341004123545,0.45036216446527483,1.4316061228168475,2347,3613226921.1530643
0.2,0.4,0.2,0.2,66.4378065026938,2.8514203633679958,6.47988569761795,0.33467105616023374,0.46819221967963387,1.4350379295920717,2185,3371890325.13469
0.325,0.35,0.025,0.3,85.98828793284183,3.178512928083588,6.477068818072736,0.30124247739952925,0.4505229283990346,1.4039305243972997,2486,4349414396.642092
0.15,0.425,0.275,0.15,55.50046260430416,2.639257953397375,6.476341045062999,0.17678532277388775,0.4828786999419617,1.476651105555242,1723,2825023130.215208
0.225,0.325,0.225,0.225,71.46148609500226,2.9410548784509185,6.437596860188002,0.45174526664941145,0.48286768581971534,1.5211208422366704,1897,3623074304.7501125
0.175,0.425,0.225,0.175,63.74467700307404,2.8014871466563247,6.424213862317986,0.38704058965028176,0.46733909702209414,1.4354666258989703,2082,3237233850.153702
0.35,0.2,0.2,0.25,51.16344309433185,2.547368839230429,6.420743734430221,0.22055073063783412,0.48646288209606986,1.7165825326214557,1145,2608172154.716593
0.2,0.275,0.225,0.3,55.508360538015815,2.6394208377985158,6.3904951178635425,0.28068364770795856,0.46355685131195334,1.4754100539024015,2058,2825418026.9007907
0.15,0.45,0.2,0.2,71.34311895838181,2.938992333211066,6.38597802216032,0.25132666123705366,0.4561175961954172,1.4076364452390648,2313,3617155947.9190907
0.2,0.225,0.3,0.275,52.2499609508965,2.5708626110853383,6.383335842924466,0.26584417832221025,0.4823914823914824,1.7735073975865627,1221,2662498047.544825
0.275,0.2,0.25,0.275,54.81512719049742,2.625064473404473,6.377802909632299,0.2231664368488942,0.4796954314720812,1.6691602121777915,1182,2790756359.524871
0.3,0.3,0.1,0.3,75.53611307319048,3.010700626104316,6.375127024375341,0.4793680821858093,0.45366470092670597,1.4207702448737165,2374,3826805653.659524
0.3,0.45,0.025,0.225,80.19440875398945,3.0873005459718605,6.3549963079591825,0.24840110839227322,0.4425353188239786,1.3715080463563059,2619,4059720437.6994724
0.375,0.25,0.15,0.225,59.9794454826936,2.729251259087643,6.3523391189717024,0.38859218759124836,0.4917440660474716,1.555355049502912,1938,3048972274.13468
0.35,0.225,0.2,0.225,51.17562436861727,2.547634070155185,6.349715900545774,0.21587880917753452,0.4754816112084063,1.6643437252173638,1142,2608781218.4308634
0.375,0.275,0.15,0.2,61.265012548827706,2.7542473425422913,6.342668177504486,0.34634167633121654,0.4857142857142857,1.5380053701148397,1925,3113250627.4413853
0.35,0.375,0.025,0.25,79.53633708692281,3.076663778600527,6.338857084638617,0.32212355984461394,0.44399514759401537,1.4471325126977594,2473,4026816854.3461404
0.175,0.475,0.175,0.175,68.31431664334524,2.8854165774614566,6.3364524430524005,0.22953650008375356,0.45084745762711864,1.4130495863734087,2360,3465715832.167262
0.4,0.35,0.025,0.225,74.71878208757516,2.996936120548801,6.336447281220289,0.42435141687359607,0.4499795835034708,1.388530261693231,2449,3785939104.3787584
0.15,0.375,0.25,0.225,57.153713327596925,2.6730219990244017,6.332217877231965,0.3593580438071939,0.48282727725236435,1.4672998005471705,2009,2907685666.379846
0.15,0.425,0.25,0.175,59.21079067273797,2.7141342711586964,6.32455295502855,0.3137526042567141,0.4718987341772152,1.422576529947573,1975,3010539533.6368985
0.175,0.45,0.175,0.2,69.97813101640797,2.9150399625316403,6.304467591066508,0.30055958214036427,0.4548856548856549,1.3925632327144306,2405,3548906550.8203983
0.375,0.4,0.025,0.2,72.4033175179615,2.9573852181247657,6.295546325787626,0.45187298067408094,0.44715447154471544,1.4177352921369164,2460,3670165875.8980746
0.35,0.4,0.1,0.15,63.36956547982273,2.794420833923032,6.295244567632938,0.36608382363623015,0.4587077449721866,1.4337236382114598,2337,3218478273.9911366
0.325,0.325,0.175,0.175,67.27880421257153,2.8667349796797144,6.288119539332531,0.3531925332818679,0.4894308943089431,1.6083533015013913,1845,3413940210.6285768
0.4,0.3,0.15,0.15,46.85082596332285,2.4506916112609654,6.283634223522609,0.2383556490092389,0.481089258698941,1.6157676230606635,1322,2392541298.1661425
0.325,0.3,0.2,0.175,49.588230372329235,2.5127098261173457,6.275839663118906,0.24734594583282535,0.4885844748858447,1.6253593522860836,1314,2529411518.6164618
0.325,0.325,0.2,0.15,46.07958445134119,2.432784430065944,6.272663156459656,0.19121015637622707,0.488871834228703,1.603768169175143,1303,2353979222.5670595
0.25,0.45,0.15,0.15,67.96376375458246,2.8791136539473405,6.264084965382826,0.3129381851558867,0.4514161220043573,1.5531729581507763,2295,3448188187.729123
0.325,0.425,0.025,0.225,76.4460147566523,3.0259070560346464,6.256317189666054,0.4204882737352188,0.44244604316546765,1.4146846261336354,2502,3872300737.832615
0.325,0.45,0.025,0.2,72.79978773587852,2.9642169903594384,6.253491955423431,0.4548186150976665,0.44356435643564357,1.412733006704072,2525,3689989386.7939262
0.15,0.35,0.3,0.2,46.36184874921887,2.439361200822791,6.248967736506993,0.1872630219349728,0.48442677269715045,1.4884899581528845,1509,2368092437.4609437
0.2,0.4,0.25,0.15,55.435041078259715,2.6379081257605326,6.2406067013402176,0.21150496888626952,0.48727272727272725,1.4898161763608657,1650,2821752053.912986
0.175,0.325,0.25,0.25,56.69807075379931,2.6637823319026466,6.239220606911407,0.3215588821672842,0.47651715039577835,1.5114369317856016,1895,2884903537.6899652
0.25,0.225,0.25,0.275,45.755585576282975,2.425202114711134,6.239002419431825,0.2197017498184408,0.4873323397913562,1.602536896751385,1342,2337779278.814149
0.375,0.425,0.025,0.175,70.83039028289089,2.9300314576269164,6.238000733376149,0.4362052729221196,0.44606060606060605,1.3880419242777686,2475,3591519514.1445446
0.3,0.325,0.075,0.3,73.79649938975139,2.98128230993794,6.220325569920588,0.4591734603269142,0.44900446972775293,1.4335546286759229,2461,3739824969.4875693
0.175,0.3,0.3,0.225,55.411238187082645,2.6374167421445325,6.219551460466958,0.23732643665629044,0.4860294117647059,1.5433430402090391,1360,2820561909.354132
0.2,0.4,0.175,0.225,65.96482560678572,2.8427502444337,6.211991918839685,0.4636170207788939,0.4694937256598875,1.4358734581373074,2311,3348241280.339286
0.225,0.25,0.225,0.3,54.6263818020388,2.6211347153336653,6.205136935832974,0.32757210666805925,0.469601677148847,1.5291632783530626,1908,2781319090.10194
0.325,0.475,0.025,0.175,70.23450437603964,2.919562455527916,6.188711217680648,0.38607521837815095,0.44206349206349205,1.3972379761546525,2520,3561725218.801982
0.2,0.425,0.225,0.15,60.5743129362249,2.7408617240928597,6.185923051384578,0.21494110352684204,0.47466390899689764,1.4515432207215566,1934,3078715646.811245
0.2,0.425,0.175,0.2,64.73256637084312,2.8199647017226885,6.172271657174521,0.41897832723454875,0.46120689655172414,1.4146642035306596,2320,3286628318.5421557
0.15,0.475,0.2,0.175,64.55291869607414,2.8166186701355778,6.16950222747125,0.28760994827562114,0.45214378518839327,1.3847780103253544,2309,3277645934.803707
0.225,0.475,0.15,0.15,63.06389379789172,2.788641893471889,6.1544920289346745,0.2798454461625136,0.4544669831678895,1.4439687142159703,2317,3203194689.894586
0.175,0.45,0.225,0.15,52.809646086113226,2.5828376857045976,6.152078277296033,0.2934482822851138,0.4698318496538081,1.3385092054445569,2022,2690482304.305661
0.275,0.425,0.15,0.15,57.249419849645015,2.674956507503883,6.146610911620115,0.4251336177127894,0.45380802163136547,1.4809425482734397,2219,2912470992.4822507
0.4,0.25,0.175,0.175,37.03540393528871,2.20613221985016,6.142320603368157,0.2679933155599437,0.4870967741935484,1.7636430249933566,930,1901770196.7644355
0.225,0.425,0.15,0.2,61.75874212644804,2.763753977983379,6.090650275097203,0.4002737172039855,0.45678496868475993,1.442607537583988,2395,3137937106.322402
0.3,0.3,0.25,0.15,49.04535100389195,2.5005951245303977,6.06979821074472,0.25185116023348136,0.49268841394825647,1.8093586988367882,889,2502267550.1945977
0.375,0.45,0.025,0.15,66.25297332969802,2.848037159006244,6.067494056601791,0.4080699074808585,0.4452614379084967,1.350970303732702,2448,3362648666.484901
0.175,0.35,0.25,0.225,52.54070289341403,2.5770939744837036,6.059218613110827,0.29032352941769063,0.4797008547008547,1.4195955218781853,1872,2677035144.6707015
0.35,0.475,0.025,0.15,66.25015056504417,2.8479854418731065,6.055643528840279,0.3876978140904133,0.44577831132452983,1.3379496155155057,2499,3362507528.252208
0.375,0.325,0.15,0.15,59.68901875968693,2.723554800859795,6.036119329369602,0.3538154955093596,0.4829857299670692,1.5786588823746093,1822,3034450937.9843464
0.15,0.45,0.25,0.15,51.53435369226867,2.5554261184958524,6.0346525663191635,0.2245495823953374,0.4775888717156105,1.4681826426011624,1941,2626717684.6134334
0.2,0.5,0.15,0.15,63.20491638244111,2.7913103494244536,6.023831871698814,0.36094422229216244,0.452970297029703,1.4399676234298242,2424,3210245819.1220555
0.225,0.475,0.125,0.175,62.751203591493436,2.782710835224644,6.021998922782,0.33088598477408887,0.4505406487785342,1.36704699415153,2497,3187560179.5746717
0.175,0.4,0.225,0.2,53.42778052303331,2.5959653531018834,6.013334119766097,0.3635051401988434,0.46826923076923077,1.4123256160719588,2080,2721389026.1516657
0.175,0.3,0.25,0.275,55.13481325372056,2.6316999134145123,6.010893680700567,0.44477009909848264,0.4711688311688312,1.5295906372045502,1925,2806740662.686028
0.4,0.225,0.175,0.2,40.01131788363778,2.284408000818356,6.009153188597531,0.21454658951408528,0.4766949152542373,1.7785411662357822,944,2050565894.1818888
0.2,0.2,0.3,0.3,43.22627336541181,2.3647459851711257,6.003987048710334,0.21715946901926964,0.4731270358306189,1.7156761311361024,1228,2211313668.2705903
0.225,0.275,0.275,0.225,46.30215651449676,2.437972595178832,5.991347809582145,0.20279811138845116,0.47836538461538464,1.5809641518081916,1248,2365107825.724838
0.175,0.425,0.2,0.2,57.368415731775436,2.6773587509690597,5.982907376614034,0.4517710037372198,0.4562027567807915,1.4504161236407416,2249,2918420786.588772
0.225,0.275,0.225,0.275,55.09765050021471,2.6309298808041475,5.97810156318579,0.46962012037001155,0.47346295323173937,1.5254834594963917,1903,2804882525.0107355
0.35,0.45,0.025,0.175,62.75623807103182,2.78280648489696,5.961490957999965,0.47596126985768605,0.44264943457189015,1.3640890263602403,2476,3187811903.551591
0.375,0.3,0.15,0.175,58.37526168808556,2.697552527381685,5.961133669642731,0.43637152418795466,0.480728051391863,1.5742365779293255,1868,2968763084.404278
0.175,0.375,0.25,0.2,50.92088733609148,2.542078723841893,5.946665554331928,0.33315654084391766,0.48341489940184884,1.4307095559325427,1839,2596044366.804574
0.325,0.4,0.025,0.25,67.0877731458553,2.8632675971034462,5.9287714698702345,0.3389265321572323,0.44199116820553996,1.404041479119549,2491,3404388657.2927647
0.175,0.375,0.2,0.25,65.56709598998799,2.835427262846618,5.9018093507788425,0.4635155700818947,0.4637809187279152,1.3853981326861775,2264,3328354799.499399
0.3,0.2,0.25,0.25,42.52514653066768,2.3475728685870223,5.880661377543949,0.21920076916025708,0.4803921568627451,1.7345540387504457,918,2176257326.5333843
0.175,0.5,0.175,0.15,56.25056920482672,2.654659343992454,5.866133773415393,0.2402538309649832,0.44985061886470334,1.3807005700923645,2343,2862528460.241336
0.35,0.4,0.025,0.225,64.43357811172187,2.8143924421645696,5.8448162747934695,0.4163538588674659,0.4441747572815534,1.3913756119569665,2472,3271678905.586094
0.3,0.2,0.225,0.275,44.079575535811166,2.38539853546701,5.829824808671962,0.26851703364805257,0.4753328112764291,1.659278933113138,1277,2253978776.7905583
0.3,0.225,0.225,0.25,43.180847340514056,2.363638968498347,5.828551392004568,0.21995897223509678,0.4763811048839071,1.608895618190502,1249,2209042367.025703
0.15,0.3,0.25,0.3,48.866627823263705,2.4965872626849697,5.81608405055699,0.3753301631117813,0.4601518026565465,1.477058253965188,2108,2493331391.163185
0.2,0.475,0.15,0.175,57.600746008355436,2.6820393673724796,5.814361125381703,0.3446178417787997,0.4490380679492427,1.4061270981486345,2443,2930037300.417772
0.15,0.35,0.25,0.25,48.15079179806673,2.480436065462516,5.809853294557553,0.39890311554993274,0.4596153846153846,1.4612018191164302,2080,2457539589.9033365
0.175,0.425,0.25,0.15,40.65325447259118,2.3007827520155653,5.790879733170492,0.23470014681412257,0.48175182481751827,1.396250023985699,1781,2082662723.629559
0.35,0.425,0.025,0.2,58.00557270123905,2.690165112668622,5.7786888459296275,0.5405444405047075,0.4459677419354839,1.3881430017297127,2480,2950278635.0619526
0.25,0.3,0.275,0.175,40.26130429059091,2.2908053183917265,5.777115609180326,0.19793653462285188,0.47628657921291623,1.6671806769297337,991,2063065214.5295453
0.15,0.325,0.25,0.275,47.22188638401903,2.4592372770711446,5.7306008377496935,0.38566291094677196,0.4600484261501211,1.4598607598881104,2065,2411094319.2009516
0.3,0.275,0.225,0.2,44.82954564071966,2.403331814340483,5.7160257800919,0.23836019806719255,0.4837905236907731,1.6345245861794688,1203,2291477282.035983
0.15,0.45,0.225,0.175,46.03641295364853,2.431776170745482,5.699094830970165,0.42450908581476426,0.45847020178320036,1.328423623318324,2131,2351820647.6824265
0.25,0.2,0.275,0.275,39.94045382089887,2.2825897220326685,5.6954436243459785,0.18996264291944545,0.4695238095238095,1.6732501492129608,1050,2047022691.0449433
0.375,0.225,0.15,0.25,50.43991180231677,2.5315388036530906,5.687373709886381,0.3460705332803614,0.48483290488431874,1.5869157005687273,1945,2571995590.1158385
0.175,0.275,0.25,0.3,42.41550136802157,2.3448702963531267,5.6806757082637604,0.429289414276723,0.4683804627249357,1.5336328135343096,1945,2170775068.4010787
0.35,0.3,0.2,0.15,36.18081438148586,2.182887575799829,5.674505571772953,0.24773401817684332,0.4678811121764142,1.6149901378328944,1043,1859040719.0742931
0.25,0.25,0.25,0.25,38.21517273443944,2.237645370957813,5.656221167446957,0.21932290019277076,0.4880597014925373,1.6619053511843143,1340,1960758636.7219722
0.325,0.2,0.225,0.25,38.7009438512822,2.2504336718626177,5.642828763374042,0.3109897087999423,0.4793307086614173,1.760143879518777,1016,1985047192.56411
0.25,0.25,0.275,0.225,37.40477671642989,2.216069234986881,5.641293735718683,0.20551482929826817,0.48895292987512007,1.662830565874976,1041,1920238835.8214946
0.2,0.475,0.175,0.15,48.11210250363585,2.4795585879565056,5.609773982101861,0.3673247018104979,0.4585172109443954,1.3826812901305783,2266,2455605125.1817927
0.325,0.5,0.025,0.15,53.29683116243442,2.5931928020503143,5.587593500855521,0.3929305790171448,0.43897559023609445,1.361412668719359,2499,2714841558.1217213
0.2,0.45,0.175,0.175,47.46052842755018,2.464709701887944,5.578881189981644,0.3437103685262064,0.4596246180707115,1.4099789677794483,2291,2423026421.377509
0.375,0.3,0.175,0.15,40.046166052648786,2.2853013757419705,5.561510224097474,0.22492824690269897,0.4712939160239931,1.6487672352638674,1167,2052308302.6324391
0.225,0.3,0.275,0.2,36.80136001026736,2.1998018790343217,5.560445588254788,0.18224756747984733,0.48475120385232745,1.6183556454679655,1246,1890068000.5133681
0.25,0.35,0.25,0.15,35.90178049957023,2.175219326345617,5.560093764219414,0.1889325975327525,0.49159021406727826,1.702202728597827,1308,1845089024.9785116
0.35,0.275,0.2,0.175,32.507897142613615,2.078627636044542,5.533268857579792,0.24534644878598347,0.4734848484848485,1.5780849534878376,1056,1675394857.1306808
0.35,0.45,0.05,0.15,52.35313681412386,2.573076582277459,5.503709893190789,0.4950583200423549,0.446,1.2955261346251998,2500,2667656840.706193
0.175,0.4,0.25,0.175,37.12393224592148,2.2085198008417004,5.3840805851402225,0.2331782224848661,0.4750140370578327,1.4084768505012435,1781,1906196612.2960742
0.375,0.275,0.175,0.175,33.733395502676395,2.1142419957883427,5.364248312116345,0.22144901159827643,0.48930921052631576,1.673861635258333,1216,1736669775.1338196
0.225,0.2,0.3,0.275,33.727274762030014,2.114066259715892,5.333571815512987,0.30282392664415897,0.4841897233201581,1.6262374814073248,1012,1736363738.1015007
0.3,0.275,0.25,0.175,33.479521929810645,2.1069351412284014,5.328288415534817,0.20875693410255733,0.4748603351955307,1.7141320301548713,895,1723976096.4905322
0.35,0.25,0.2,0.2,32.62316020538025,2.082014664558548,5.268369972915565,0.28010758267013564,0.4754816112084063,1.5755113222403518,1142,1681158010.2690125
0.15,0.4,0.225,0.225,38.00344343356939,2.2320377247747003,5.260038991890417,0.3538754474986848,0.45900137425561155,1.3623692418637707,2183,1950172171.6784694
0.15,0.4,0.25,0.2,37.651111593668354,2.222660175387967,5.227776371884083,0.3518713699322525,0.4737903225806452,1.3782051584578978,1984,1932555579.6834178
0.275,0.3,0.25,0.175,31.212046658107766,2.0399920503186024,5.213849594374871,0.21191756184645005,0.4922374429223744,1.7008577670079494,1095,1610602332.9053884
0.15,0.4,0.3,0.15,34.15141201099543,2.1261944222273343,5.21221553077994,0.2592589120125752,0.48430193720774883,1.5217552615826846,1497,1757570600.5497715
0.225,0.325,0.275,0.175,30.926521549477172,2.0313376447184757,5.19260417094616,0.2081815771109798,0.4852459016393443,1.5718852296399817,1220,1596326077.4738586
0.15,0.425,0.225,0.2,37.61532696722925,2.221704497499919,5.17887463077859,0.43353006909035147,0.45947197776748494,1.3372304775686024,2159,1930766348.3614626
0.175,0.325,0.3,0.2,31.869928656044884,2.059736127657968,5.140087619192268,0.19602640754200842,0.4927091327705295,1.5601458068768825,1303,1643496432.8022442
0.225,0.25,0.275,0.25,31.81680988664474,2.058151972452171,5.133394981258099,0.24895812271832715,0.4932378679395386,1.665445709461274,1257,1640840494.332237
0.25,0.225,0.3,0.225,34.46436653808434,2.135079690891148,5.129141807823702,0.23161492715496595,0.48518518518518516,1.7321988698806747,810,1773218326.9042172
0.275,0.275,0.25,0.2,31.212839952736307,2.040016022679936,5.103721726971409,0.22266948395360453,0.47755834829443444,1.628698616860194,1114,1610641997.6368153
0.15,0.375,0.3,0.175,29.80092945627709,1.9966985214697814,5.076335630847761,0.262970052687686,0.4867899603698811,1.4545048763912753,1514,1540046472.8138545
0.175,0.4,0.275,0.15,29.393328436779996,1.9839428324917159,5.015131675524483,0.20587307941109195,0.4794433902593295,1.3936407991994388,1581,1519666421.8389997
0.4,0.275,0.175,0.15,24.481573707659035,1.8201894893783646,4.94502083780068,0.37711636343293314,0.47374301675977654,1.7310566289086682,895,1274078685.3829517
0.25,0.225,0.275,0.25,28.86492791309495,1.9672324949367987,4.93715334652626,0.24080267005614628,0.47609942638623326,1.5962429640901676,1046,1493246395.6547475
0.2,0.375,0.275,0.15,27.309295024090314,1.91683914640543,4.935078896059005,0.18332696441111357,0.47750362844702465,1.5134156356795658,1378,1415464751.2045157
0.3,0.325,0.225,0.15,27.23719163346469,1.9144582457668124,4.931265109767535,0.22700589010744834,0.47651006711409394,1.5191664816431376,1192,1411859581.6732345
0.375,0.25,0.2,0.175,25.35522314215483,1.8507964589190862,4.915431017826757,0.2586477921230605,0.4783625730994152,1.6633803757239258,855,1317761157.1077416
0.2,0.3,0.225,0.275,29.99512916204059,2.0027355769880337,4.871216509224504,0.2787174114431616,0.457002457002457,1.401122434003792,2035,1549756458.1020296
0.325,0.275,0.225,0.175,24.832001488939916,1.8325505899129975,4.85903340179269,0.22434909692249058,0.45980707395498394,1.5028329394528754,933,1291600074.4469957
0.225,0.35,0.275,0.15,27.53604757037951,1.9242999001352636,4.852788919299167,0.20816089960958223,0.48157248157248156,1.5357290776562031,1221,1426802378.5189755
0.4,0.2,0.175,0.225,26.707380307094287,1.8968355001273611,4.8330368288333645,0.2523779914825073,0.4619188921859545,1.5975073483523277,1011,1385369015.3547144
0.175,0.4,0.2,0.225,37.94025281697556,2.2303601141018654,4.812646776680531,0.5289178061646099,0.4618456078083407,1.3788907776408272,2254,1947012640.8487778
0.35,0.2,0.225,0.225,25.657404655025605,1.861222230565224,4.782650285944122,0.23522947250776732,0.4717647058823529,1.7009411632667668,850,1332870232.7512803
0.275,0.325,0.25,0.15,25.715980344088578,1.8632338825689416,4.770350322703266,0.276714498628195,0.4855004677268475,1.6634210710750432,1069,1335799017.204429
0.25,0.275,0.275,0.2,27.91049309047218,1.9365324045534669,4.760100549202998,0.23746929810745693,0.4794921875,1.6349080137123926,1024,1445524654.523609
0.2,0.3,0.3,0.2,25.71622999540565,1.8632424498694395,4.699536646478211,0.3329625488734544,0.4823008849557522,1.6204253411723002,1130,1335811499.7702825
0.325,0.2,0.25,0.225,25.433531920246377,1.8535060120268803,4.670053585430958,0.37976700521077833,0.47126436781609193,1.7520129618103915,783,1321676596.0123188
0.35,0.275,0.225,0.15,24.67670884295363,1.8270869028361783,4.662856120197448,0.3530703232098562,0.4720873786407767,1.6313697028666754,824,1283835442.1476815
0.3,0.225,0.25,0.225,23.45500268983098,1.7832994196678658,4.633554476788084,0.27089222322039475,0.4744842562432139,1.74364321087143,921,1222750134.491549
0.25,0.325,0.275,0.15,25.989670041380414,1.8725936214649863,4.6229370607904015,0.24307986902825973,0.4699792960662526,1.6923167575796298,966,1349483502.0690207
0.225,0.275,0.3,0.2,24.270977165770198,1.812705157547989,4.606023980046507,0.3352649255556377,0.48264984227129337,1.6309416744550886,951,1263548858.2885098
0.275,0.3,0.275,0.15,25.108148408273696,1.8422114131746001,4.578260550318039,0.3157193131011158,0.4810744810744811,1.6551218870979303,819,1305407420.4136848
0.3,0.3,0.225,0.175,25.147144807813095,1.84357007154279,4.56382640902548,0.21472685327141858,0.4809917355371901,1.510850375815116,1210,1307357240.3906548
0.225,0.225,0.275,0.275,24.346979391777047,1.8154110520558158,4.549631369356049,0.2725266873693459,0.47372488408037094,1.4759821276565313,1294,1267348969.5888524
0.275,0.275,0.275,0.175,24.594555925619602,1.8241874136711407,4.503339790971253,0.288641634556149,0.46916565900846435,1.6499284453885465,827,1279727796.28098
0.275,0.225,0.275,0.225,23.41743150510102,1.781929485061546,4.502484848231568,0.28261753537446027,0.472127417519909,1.5939392844348765,879,1220871575.2550511
0.2,0.325,0.3,0.175,22.785982728255636,1.7586878548136413,4.481038778387524,0.3963346759486602,0.481810115350488,1.573166700563894,1127,1189299136.4127817
0.225,0.225,0.3,0.25,23.81689800503033,1.7964222949723458,4.478461873731279,0.3222178584761303,0.47908366533864544,1.59202411888524,1004,1240844900.2515163
0.275,0.225,0.25,0.25,22.74388412720189,1.7571234959716349,4.470769562312906,0.21817705588411582,0.4689413823272091,1.5443657647131643,1143,1187194206.3600945
0.275,0.25,0.25,0.225,22.571471813319246,1.7506970112241245,4.454733842945521,0.24468092504154235,0.47739130434782606,1.6097768386122198,1150,1178573590.6659622
0.2,0.275,0.3,0.225,22.212834309988423,1.7372261000877747,4.452602810942669,0.25877113296897475,0.4778453518679409,1.6471653081704558,1151,1160641715.4994211
0.3,0.25,0.25,0.2,21.754785376497974,1.7198138177442357,4.437826538389086,0.31314826725169304,0.4781659388646288,1.675441384332798,916,1137739268.8248987
0.225,0.25,0.3,0.225,22.672671060227643,1.7544729630381268,4.431673278335085,0.42445058773315275,0.4788877445932029,1.621262736554794,971,1183633553.011382
0.225,0.2,0.275,0.3,23.59598802395446,1.7884273586383426,4.38133893118036,0.26458194456199363,0.467581998474447,1.4548392417505138,1311,1229799401.1977232
0.375,0.2,0.2,0.225,17.845540342550326,1.5605072197170609,4.3648715914877725,0.2855281935354877,0.47184684684684686,1.5759858173581407,888,942277017.1275163
0.225,0.3,0.3,0.175,21.177124238387865,1.6975114756285565,4.247247143103012,0.3041186460000231,0.47520661157024796,1.5474628927949532,968,1108856211.9193933
0.4,0.2,0.2,0.2,17.20043270794279,1.5321085955570846,4.237556162502207,0.2968578837638642,0.47424042272126815,1.6915691615715578,757,910021635.3971395
0.25,0.3,0.3,0.15,18.944464384737397,1.6073985491681824,4.143257837728978,0.37136029196393006,0.4735547355473555,1.565881824628262,813,997223219.2368698
0.325,0.3,0.225,0.15,17.866222189343116,1.561406656419213,4.129144678518156,0.24110939437888662,0.4535637149028078,1.550146486681829,926,943311109.4671558
0.375,0.225,0.2,0.2,17.191811708447624,1.5317244870052167,4.1207045841952565,0.3359242979168912,0.46258503401360546,1.5452374976339864,882,909590585.4223812
0.325,0.25,0.25,0.175,19.1199950035761,1.6147245844729832,4.074973108508982,0.31455082075076285,0.47858942065491183,1.59075418728385,794,1005999750.1788051
0.35,0.25,0.225,0.175,16.588334852928025,1.5045232683135863,3.971772216346488,0.25348319273291947,0.4722564734895191,1.696983927949032,811,879416742.6464013
0.25,0.25,0.3,0.2,16.033670598969582,1.4789568526519323,3.9201568783968472,0.3980350559224834,0.47256857855361595,1.6123234760264562,802,851683529.9484792
0.375,0.275,0.2,0.15,16.885653155597783,1.5180026120524768,3.91807172467832,0.2431170984668667,0.4700460829493088,1.4837932252384074,868,894282657.7798892
0.275,0.25,0.275,0.2,17.123746758999683,1.5286874999575066,3.9176482759508864,0.29182802076883957,0.4645760743321719,1.5142818023720144,861,906187337.9499841
0.325,0.225,0.25,0.2,17.375105859996072,1.539864655442647,3.8722562597411185,0.3685451360947216,0.4777777777777778,1.6854912703798994,810,918755292.9998037
0.25,0.2,0.3,0.25,16.59934311246579,1.5050250934903775,3.827474702036126,0.2710665307735104,0.476303317535545,1.5696275030261575,844,879967155.6232895
0.35,0.225,0.225,0.2,14.864621020681831,1.4231570154801179,3.81144442425839,0.1969150826137915,0.45929526123936815,1.6329230864624775,823,793231051.0340916
0.325,0.275,0.25,0.15,13.775682599279657,1.368606901640633,3.718136878882163,0.3668485070237419,0.48419721871049304,1.5492961475188607,791,738784129.9639828
0.175,0.35,0.3,0.175,15.560568382994203,1.4566988285976823,3.6404108140062643,0.2337926082004549,0.4805389221556886,1.4150150870710034,1336,828028419.1497102
0.25,0.275,0.3,0.175,13.634094519839357,1.361315386486103,3.561334577683207,0.3352367971280063,0.472636815920398,1.6249434088784787,804,731704725.9919678
0.35,0.25,0.25,0.15,10.059971417040963,1.158805324316806,3.423250989656218,0.32954649106296197,0.4703389830508475,1.7565841153252413,708,552998570.8520482
0.35,0.225,0.25,0.175,12.223187911103272,1.2858911490491467,3.4114611292803088,0.2926351860097875,0.4808510638297872,1.7320754651958847,705,661159395.5551636
0.2,0.35,0.3,0.15,12.22011854158303,1.285721235258512,3.380504874924371,0.4140397458884319,0.4751580849141825,1.4770590389066587,1107,661005927.0791515
0.3,0.25,0.275,0.175,12.04628209323577,1.276053925121123,3.350534734606433,0.33509365828216064,0.4804177545691906,1.6088096348405163,766,652314104.6617886
0.175,0.375,0.3,0.15,12.268248860168216,1.2883825472836397,3.3464882041720374,0.19530524090096374,0.4745127436281859,1.384327842620893,1334,663412443.0084108
0.35,0.2,0.25,0.2,11.306156004294076,1.2338849340061322,3.330942640819959,0.340962192525448,0.47478991596638653,1.7035978886941907,714,615307800.2147038
0.3,0.2,0.275,0.225,11.217191213405723,1.228701082724918,3.2857966784156836,0.34380892493782195,0.47304582210242585,1.666815372772741,742,610859560.6702862
0.3,0.225,0.275,0.2,11.615719968325093,1.251726673387981,3.255457813885841,0.3441918956977466,0.47774869109947643,1.6189599990645012,764,630785998.4162546
0.225,0.325,0.3,0.15,11.537795462031534,1.2472637698998175,3.2481024296222807,0.3117712621019098,0.47921225382932164,1.5436890765358589,914,626889773.1015767
0.325,0.225,0.275,0.175,9.867644537729873,1.1467129992311782,3.2328094056632883,0.37330623010813263,0.47707736389684813,1.7280867278039334,698,543382226.8864937
0.275,0.2,0.275,0.25,10.583144471057874,1.190991795298428,3.1599705152543285,0.35545400321060583,0.4597315436241611,1.5028335559369643,894,579157223.5528938
0.325,0.2,0.275,0.2,8.616305598632028,1.0642509410483005,3.0462040588510164,0.33927249643275303,0.4749262536873156,1.7345580945939305,678,480815279.9316014
0.3,0.275,0.275,0.15,9.903093411170351,1.1489526789348865,3.039173489484475,0.44638202922143905,0.4782608695652174,1.6595454626957673,759,545154670.5585176
0.275,0.225,0.3,0.2,10.80152124737233,1.2041344706373485,3.0236539557456936,0.3501335196211734,0.4743243243243243,1.6717441182137838,740,590076062.3686165
0.4,0.225,0.2,0.175,7.406961710713933,0.9772996284404885,2.9883870471502294,0.28670419239132455,0.46332046332046334,1.550301539068047,777,420348085.5356966
0.3,0.225,0.3,0.175,7.7074001848941744,0.9996565236216064,2.98237048800563,0.34322059494781215,0.4722222222222222,1.6393151655628584,684,435370009.2447087
0.375,0.2,0.25,0.175,7.701226630989916,0.9992024433418638,2.9151428230801137,0.29916675438688844,0.47126436781609193,1.7643426143138166,696,435061331.5494958
0.325,0.25,0.275,0.15,6.925030453890585,0.9402740305337767,2.856946548202988,0.3622016519760631,0.46264367816091956,1.7525844079327844,696,396251522.69452924
0.4,0.225,0.225,0.15,5.74090952595009,0.8422917231700855,2.724140142767623,0.2748659097821074,0.463623395149786,1.6207701260112368,701,337045476.2975045
0.3,0.2,0.3,0.2,6.500468611825447,0.9063656148824515,2.7129927646178764,0.34561053586343277,0.47900466562986005,1.6264511642960193,643,375023430.59127235
0.375,0.225,0.225,0.175,6.792814737397108,0.9298496580094684,2.7014783719783018,0.2579328333082895,0.4637482900136799,1.6527020909938255,731,389640736.8698554
0.275,0.2,0.3,0.225,7.84295087993132,1.0095719250800381,2.645507550463058,0.3287893673677578,0.4532967032967033,1.5287402041277072,728,442147543.996566
0.35,0.225,0.275,0.15,5.368323576161448,0.8090538733638899,2.6021805170631724,0.36688937818486145,0.46755162241887904,1.6782368570088502,678,318416178.8080724
0.375,0.2,0.225,0.2,6.406505378104512,0.8986856374788867,2.5862169464334333,0.3340096662461863,0.4590604026845638,1.5970343885020093,745,370325268.90522563
0.3,0.25,0.3,0.15,5.924480001941766,0.8582098023563456,2.480795446650192,0.486088735848481,0.46656760772659733,1.7167130985559618,673,346224000.0970883
0.4,0.2,0.225,0.175,4.615474579823906,0.7376248626923245,2.3804345876212523,0.2919474063914341,0.45507246376811594,1.577518291801224,690,280773728.9911953
0.375,0.25,0.225,0.15,4.98737987899947,0.77367398211666,2.272082262635462,0.2836912810781404,0.45989304812834225,1.4633570990375087,748,299368993.9499735
0.35,0.2,0.275,0.175,4.324376875853174,0.7082587953881143,2.2671873635261335,0.37682977438683274,0.4634146341463415,1.5916005625285348,656,266218843.7926587
0.275,0.275,0.3,0.15,4.743069417172606,0.7501708163009768,2.162020707583676,0.5482133512505999,0.46986301369863015,1.5533837705227795,730,287153470.8586303
0.275,0.25,0.3,0.175,4.479342778290413,0.7240239575697394,2.079668530716043,0.448264921300152,0.4587765957446808,1.3555034946506093,752,273967138.9145207
0.4,0.25,0.2,0.15,3.6669814153305484,0.6376744005447512,2.0330748996982986,0.3372326793883385,0.45478036175710596,1.4625179315486772,774,233349070.7665274
0.325,0.2,0.3,0.175,3.710763301435106,0.6425781919540925,1.9901985852530089,0.49103989686175314,0.471875,1.572341250012328,640,235538165.0717553
0.375,0.225,0.25,0.15,3.503003288387321,0.6190251081776064,1.9791420964057924,0.37043796401736284,0.46589259796806964,1.5142117537954234,689,225150164.41936603
0.325,0.225,0.3,0.15,2.6736114948303067,0.5168572708334531,1.6163010933852566,0.5633049661005647,0.47878787878787876,1.5121885476827086,660,183680574.74151534
0.35,0.2,0.3,0.15,1.693977994202013,0.3734523435154926,1.2660765559262797,0.430052783094306,0.46865203761755486,1.4480496885981056,638,134698899.71010065
0.375,0.2,0.275,0.15,1.4482495103369721,0.3320265221502765,1.218957139520336,0.4283064824101741,0.4599686028257457,1.4436585249912268,637,122412475.51684861
0.4,0.2,0.25,0.15,1.2162641787148039,0.29023599830513347,1.0894647795005516,0.3155451566894923,0.44753086419753085,1.3893642929868315,648,110813208.93574019
