value_w,momentum_w,quality_w,growth_w,total_return,annualized_return,sharpe_ratio,max_drawdown,win_rate,profit_factor,total_trades,final_value
0.325,0.325,0.075,0.275,221.527650582478,4.64469013430889,9.562429454297998,0.24719067747320836,0.45125462772521596,1.55113841282701,2431,11126382529.1239
0.375,0.325,0.075,0.225,213.37562234440864,4.577634657093288,9.559098279482532,0.3052095518480203,0.4478114478114478,1.7417740113437812,2376,10718781117.220432
0.3,0.225,0.275,0.2,230.59864394640402,4.717369801519841,9.461300860155273,0.32867188249624624,0.45002201673271686,1.405331026949175,2271,11579932197.320202
0.2,0.4,0.1,0.3,212.542817509307,4.570687325303674,9.415154611490191,0.2326908422535468,0.441826748822037,1.4643075876726688,2759,10677140875.465351
0.325,0.225,0.25,0.2,223.72256215939638,4.662458542128958,9.388181974006832,0.3553852008879854,0.4538530465949821,1.449764826111655,2232,11236128107.969818
0.3,0.325,0.1,0.275,197.75993815109723,4.444180199189107,9.202535500798254,0.24719067747320836,0.44883158742949236,1.4636338868516159,2482,9937996907.554861
0.375,0.3,0.025,0.3,185.94009898380523,4.338344974599576,9.059552045605404,0.27008209440342323,0.45197255574614065,1.664913643082651,2332,9347004949.190262
0.35,0.325,0.05,0.275,188.25294506855715,4.359405011826718,9.051779284619352,0.24719067747320836,0.44737945492662473,1.5440801879424664,2385,9462647253.427858
0.35,0.225,0.225,0.2,197.89409391611244,4.4453565562891875,8.958412675420359,0.3527452907776461,0.4481216457960644,1.3991287911692054,2236,9944704695.805622
0.2,0.425,0.1,0.275,188.10698054049695,4.358081094234972,8.918857268039034,0.2538108870988515,0.4352183249821045,1.4599730302568712,2794,9455349027.024847
0.275,0.225,0.3,0.2,194.79402032924617,4.418034260889131,8.888904523515928,0.3072437324458636,0.4483370288248337,1.3872551140974607,2255,9789701016.462309
0.325,0.25,0.225,0.2,169.70160677463053,4.185251872829493,8.879513945383446,0.24192658088253347,0.44599745870393903,1.493086578545014,2361,8535080338.731527
0.225,0.375,0.125,0.275,175.42155805448067,4.240265138265079,8.825165521295881,0.31274438581435204,0.44422776911076445,1.4436317895439872,2564,8821077902.724033
0.225,0.45,0.025,0.3,176.246476963381,4.248098527409099,8.81376618396327,0.25880071272405464,0.4419869470630892,1.510103315290423,2758,8862323848.16905
0.4,0.25,0.175,0.175,172.78837106641672,4.215092699088699,8.801720140164086,0.42288424504631905,0.44845585036972596,1.5144352856787484,2299,8689418553.320835
0.35,0.35,0.075,0.225,175.10703909135543,4.237271925421015,8.80145191841685,0.27371459206649174,0.44568360181743083,1.5665319921066903,2421,8805351954.567772
0.375,0.35,0.075,0.2,174.0595550265303,4.22727695059731,8.749498661500482,0.271192922535026,0.4437919463087248,1.5993773719097417,2384,8752977751.326515
0.4,0.375,0.025,0.2,172.83778135752408,4.215567424606057,8.742406217104726,0.2752713369826323,0.44458333333333333,1.6431431895461712,2400,8691889067.876204
0.375,0.325,0.025,0.275,169.69210258660567,4.18515942828328,8.741186575466669,0.2587030724202725,0.4473127380448582,1.5338136154128061,2363,8534605129.330284
0.225,0.425,0.05,0.3,175.61854412576102,4.242137967517165,8.726703247720161,0.2389540537672661,0.4395043731778426,1.4798018549767018,2744,8830927206.288052
0.35,0.3,0.05,0.3,167.76449669587024,4.166337368925158,8.706188778281511,0.27008209440342323,0.4485823106220906,1.5641403320570633,2363,8438224834.793511
0.275,0.325,0.125,0.275,167.27576844355423,4.161541990384491,8.629481474710813,0.24719067747320836,0.4478278522127487,1.4135689594900225,2463,8413788422.1777115
0.375,0.35,0.025,0.25,162.67227405102665,4.115901175696462,8.629016007091767,0.24678466977674374,0.4445385266723116,1.5909045252783016,2362,8183613702.551332
0.375,0.35,0.05,0.225,163.98177643762088,4.128971963409081,8.623836404999661,0.29676272901077067,0.4430379746835443,1.5658280330782868,2370,8249088821.881043
0.4,0.35,0.05,0.2,164.32887721836696,4.132424715823813,8.59272435462212,0.2848134948826214,0.4446308724832215,1.5802991834620554,2384,8266443860.918348
0.15,0.35,0.2,0.3,171.19845875625526,4.199767870814318,8.577055740326738,0.24719067747320836,0.44290404961692814,1.429899671313771,2741,8609922937.812763
0.325,0.425,0.025,0.225,174.26036716660323,4.229196221182735,8.56510616573506,0.27702726822215407,0.4472402597402597,1.60329829469336,2464,8763018358.330162
0.375,0.375,0.05,0.2,162.62816692674753,4.11545968519306,8.556975915472982,0.2752713369826323,0.4461985874532613,1.5686662483862077,2407,8181408346.337376
0.4,0.225,0.175,0.2,175.60236799947907,4.241984227826181,8.550908299119516,0.40978084822565486,0.4491371480472298,1.399197267787416,2202,8830118399.973953
0.35,0.35,0.05,0.25,157.85165205922547,4.06716242066268,8.416647452319777,0.24775266499734172,0.4394506866416979,1.5085732192086008,2403,7942582602.961273
0.175,0.45,0.125,0.25,168.91183360441028,4.177558006575892,8.416642235030578,0.2712707004823021,0.43992932862190814,1.4332313093404805,2830,8495591680.220513
0.3,0.35,0.125,0.225,154.37459425859615,4.031379987904929,8.41566945698901,0.2583700562204359,0.44413295955146176,1.47162110917675,2497,7768729712.929808
0.375,0.25,0.2,0.175,156.5835646842868,4.054174783215562,8.412724305666726,0.3914678995577977,0.4457988680888115,1.4146215133916937,2297,7879178234.214341
0.225,0.425,0.125,0.225,162.93657121716103,4.118544966730773,8.401494604642622,0.27702726822215407,0.4452887537993921,1.4913207838273967,2632,8196828560.858051
0.375,0.225,0.2,0.2,168.80818032903466,4.176546426519779,8.397201336493124,0.36947403749894453,0.45417789757412397,1.35824907954935,2226,8490409016.451733
0.4,0.325,0.025,0.25,150.55166584986813,3.9914042522274364,8.39535295973796,0.25291530963474146,0.4437869822485207,1.5605387592043387,2366,7577583292.493406
0.3,0.25,0.275,0.175,153.15512159839122,4.018701509720522,8.379865944407552,0.3612759549436436,0.4473909324208725,1.393912958600515,2338,7707756079.919561
0.325,0.35,0.1,0.225,151.6690445007693,4.003158719821612,8.356631819580906,0.2583700562204359,0.4455852156057495,1.5019435806662689,2435,7633452225.038465
0.2,0.4,0.125,0.275,158.93149914323075,4.078166667885078,8.325071149891937,0.2546424040498096,0.4386347131445171,1.4040001082489877,2754,7996574957.161537
0.175,0.425,0.175,0.225,164.56901161711812,4.1348105473354115,8.315925678657004,0.27702726822215407,0.4372093023255814,1.4832850992389754,2795,8278450580.855906
0.4,0.25,0.15,0.2,140.78486264710835,3.8860622042952446,8.300874397610695,0.26275696544504146,0.44761904761904764,1.4983720593716157,2310,7089243132.355418
0.3,0.4,0.025,0.275,149.59655860419622,3.981310036618547,8.296496845810442,0.2546424040498096,0.44717055797388205,1.506142457554009,2527,7529827930.20981
0.175,0.425,0.1,0.3,154.04154104231398,4.0279240714269955,8.291820284787356,0.2652389958534622,0.43435804701627484,1.4083316283087508,2765,7752077052.115699
0.35,0.35,0.025,0.275,146.5434395047787,3.9487477637058843,8.262273075956486,0.33800408425813383,0.44761904761904764,1.5327298148913293,2415,7377171975.2389345
0.35,0.325,0.075,0.25,141.3293972921894,3.892063076350947,8.26147433902737,0.24537625550694994,0.44552364864864863,1.5110968831639682,2368,7116469864.60947
0.325,0.325,0.125,0.225,145.69469372566928,3.939614417391507,8.26005611676723,0.3052095518480203,0.4446274186908193,1.5130417371058489,2429,7334734686.2834635
0.3,0.35,0.05,0.3,147.92351406178068,3.963522782079804,8.257063798853924,0.2849212057498704,0.44619105199516323,1.5049889523336428,2481,7446175703.089034
0.15,0.4,0.15,0.3,156.11600666402745,4.04936817032252,8.246928137395962,0.2458334866997387,0.43880489560835134,1.4086359903622216,2778,7855800333.201372
0.325,0.3,0.075,0.3,142.70311616326893,3.9071326755063263,8.218260003331023,0.27008209440342323,0.44696969696969696,1.4749221080238957,2376,7185155808.163446
0.3,0.2,0.25,0.25,149.93729534115886,3.98491615180954,8.204766919743912,0.3680195756149382,0.45407052677405313,1.3948364706244105,2297,7546864767.057942
0.325,0.35,0.025,0.3,143.44001964263924,3.9151761292924325,8.196918637926258,0.2849212057498704,0.4465460526315789,1.5109970461698068,2432,7222000982.131963
0.375,0.325,0.05,0.25,139.02166598601838,3.866523292812807,8.16359932868996,0.2439149466571254,0.4451530612244898,1.5152808151897568,2352,7001083299.300919
0.3,0.325,0.125,0.25,138.90449063365065,3.865218897548818,8.154126702448496,0.23437081888271807,0.4413567633837352,1.420960694744618,2447,6995224531.682532
0.3,0.3,0.1,0.3,142.63640255327687,3.9064030997278882,8.153098961572498,0.27008209440342323,0.4494010739363899,1.4626023516582112,2421,7181820127.663843
0.275,0.25,0.3,0.175,142.3173197478705,3.9029104412231517,8.150135793992575,0.32965667384017644,0.4424892703862661,1.3918181887074699,2330,7165865987.393525
0.275,0.375,0.05,0.3,140.3034961465163,3.880744396638999,8.145233085464914,0.39501477263969914,0.4444444444444444,1.5415280709780281,2529,7065174807.325814
0.325,0.375,0.1,0.2,144.3008001497451,3.9245364797257922,8.132738204134215,0.2752713369826323,0.4462843295638126,1.4925640186901001,2476,7265040007.487255
0.325,0.25,0.25,0.175,144.9496022025305,3.931566836771448,8.123613359582583,0.3630386244635768,0.4471195184866724,1.3701215187594504,2326,7297480110.126526
0.35,0.375,0.075,0.2,144.94013847531903,3.9314644415707267,8.118938697382605,0.2752713369826323,0.44421824104234525,1.4656832485031188,2456,7297006923.765951
0.275,0.4,0.05,0.275,144.13780131934698,3.9227668870256878,8.102643446786978,0.2546424040498096,0.4408179315768777,1.4741450331997452,2543,7256890065.967349
0.35,0.3,0.075,0.275,135.092933322643,3.822377458551486,8.092647645675425,0.2911175655960462,0.4514480408858603,1.5513134060522629,2348,6804646666.13215
0.35,0.35,0.1,0.2,140.41873792201423,3.882018628777007,8.082825158091675,0.271192922535026,0.4462167689161554,1.513786252783759,2445,7070936896.100712
0.15,0.475,0.075,0.3,140.13523126800735,3.8788826168765436,8.082301842536529,0.2552737347464967,0.43278805120910385,1.4957402098816421,2812,7056761563.400368
0.325,0.325,0.1,0.25,136.59136351065385,3.839315749182708,8.081957599079528,0.23748126344489812,0.4479166666666667,1.460020608178756,2400,6879568175.532693
0.25,0.325,0.15,0.275,140.4929251666015,3.8828385461756802,8.064266570992775,0.24719067747320836,0.44556859571023877,1.3997295313009481,2471,7074646258.330075
0.325,0.375,0.05,0.25,140.51008456055547,3.883028150174108,8.02465654610619,0.26324384302567627,0.4433115823817292,1.4978970491943129,2452,7075504228.027774
0.15,0.475,0.2,0.175,158.3014155706521,4.071751923323568,8.017087102493647,0.29280526628502457,0.4368457780879274,1.5593684971641373,2866,7965070778.532604
0.3,0.35,0.075,0.275,136.48223764328938,3.8380864335209957,8.006392416061919,0.3226782327187597,0.4496155402670983,1.4895968255872332,2471,6874111882.16447
0.325,0.375,0.025,0.275,136.57545701156704,3.8391366018838715,7.992938792938399,0.33726846820730255,0.4443089430894309,1.4711088225127327,2460,6878772850.578352
0.3,0.375,0.075,0.25,135.64203425382482,3.8285991569682345,7.979496160553977,0.2570258805574477,0.4410235905637745,1.4795616669400065,2501,6832101712.691241
0.175,0.35,0.25,0.225,140.1526117536171,3.8790749944609884,7.976961170046283,0.2583700562204359,0.43663639952625344,1.444317398244421,2533,7057630587.680855
0.225,0.4,0.125,0.25,137.4779495677505,3.8492787620438476,7.959143202453299,0.28267563928715345,0.43958573072497126,1.4628586861666049,2607,6923897478.387526
0.325,0.4,0.05,0.225,139.99891070715594,3.8773731807617615,7.944566359658793,0.2734409107379755,0.44704931285367827,1.5010106908096428,2474,7049945535.357797
0.25,0.35,0.2,0.2,136.40009908645501,3.8371606954577686,7.929780989369326,0.271192922535026,0.4404332129963899,1.438033529139886,2493,6870004954.322751
0.225,0.35,0.125,0.3,133.98165614824347,3.809733500273218,7.925697276392112,0.31855697207275363,0.448,1.4204726440854387,2500,6749082807.412174
0.2,0.425,0.075,0.3,135.86792957091197,3.8311537751066504,7.9162993996179996,0.2389540537672661,0.43577648766328014,1.3748406275693472,2756,6843396478.545599
0.275,0.35,0.125,0.25,131.63849600848306,3.782839584355024,7.907944175790522,0.3203366136435832,0.4440868865647627,1.4289917149940643,2486,6631924800.424152
0.225,0.3,0.175,0.3,131.66847901216488,3.783185749874556,7.907567495218962,0.27008209440342323,0.4456654456654457,1.421484673267839,2457,6633423950.608244
0.25,0.4,0.075,0.275,130.7904265144561,3.773026180514041,7.902797407169035,0.2546424040498096,0.4421052631578947,1.4562374016127995,2565,6589521325.722805
0.15,0.425,0.175,0.25,141.80154849914456,3.8972536492421117,7.902061096366606,0.2799596919988276,0.43730242360379346,1.402753984782684,2847,7140077424.957228
0.175,0.4,0.125,0.3,135.1150518213699,3.8226284061769746,7.899860416336793,0.28261955332775296,0.4355248819469669,1.3648667979598488,2753,6805752591.068495
0.325,0.35,0.075,0.25,129.63799263852025,3.75962179156761,7.895395494134599,0.2540586750287381,0.44553644553644556,1.4775880505678054,2442,6531899631.926012
0.4,0.35,0.025,0.225,129.73021381083453,3.760697402518324,7.890948227342976,0.28046014962602983,0.43924050632911393,1.534211934369419,2370,6536510690.541727
0.275,0.2,0.275,0.25,137.08822118939818,3.8449045456115014,7.882162740828529,0.33971747783245215,0.45032822757111596,1.3483877103083692,2285,6904411059.469909
0.3,0.25,0.25,0.2,123.8112501088203,3.690588891456942,7.8764502009055155,0.24192658088253347,0.44771104577908444,1.410013401233277,2381,6240562505.441015
0.175,0.35,0.275,0.2,137.52283796323448,3.8497820407688677,7.875022071558911,0.271192922535026,0.4384920634920635,1.4334899369525307,2520,6926141898.161724
0.175,0.325,0.25,0.25,131.96780823553914,3.7866387107881767,7.866206202236738,0.2565185223689484,0.4370251899240304,1.3816460532944996,2501,6648390411.776957
0.3,0.325,0.075,0.3,130.4783147604712,3.7694037855653555,7.856794809883114,0.3943190721347371,0.44462540716612375,1.5363116512034471,2456,6573915738.02356
0.15,0.325,0.275,0.25,140.33716619152614,3.881116760471409,7.849190597982659,0.4092502039975139,0.43874303898170247,1.3757262462003403,2514,7066858309.576307
0.15,0.375,0.2,0.275,133.24460692914963,3.801308375934707,7.847511131476482,0.27090808081991224,0.43900683699172366,1.3790636240983645,2779,6712230346.457481
0.4,0.275,0.05,0.275,121.79174406591059,3.666151867565926,7.845966415488177,0.3403287223836716,0.45362637362637365,1.5731483250810656,2275,6139587203.295529
0.175,0.4,0.15,0.275,133.57261183919564,3.805061635272237,7.842247075583593,0.2546424040498096,0.43722943722943725,1.3779227550178441,2772,6728630591.959782
0.275,0.35,0.175,0.2,132.76395424172483,3.7957971374606467,7.829961465721138,0.271192922535026,0.43784860557768923,1.4215481894251054,2510,6688197712.086242
0.175,0.425,0.15,0.25,136.62214648520637,3.8396624031330973,7.828128142359003,0.2693633713516866,0.4354953670705631,1.4139726092475584,2806,6881107324.260319
0.3,0.375,0.05,0.275,129.1973030973524,3.7544747210709843,7.825220593932627,0.35368646343348714,0.44259038537941997,1.448381599675071,2517,6509865154.86762
0.35,0.375,0.025,0.25,130.26172752805047,3.766886619020025,7.81531754840701,0.29071605128415645,0.4438984438984439,1.4982183926011143,2442,6563086376.402524
0.175,0.325,0.225,0.275,141.19587994979275,3.8905931368766256,7.814706186564185,0.28652216126740415,0.4444444444444444,1.4131945816559681,2529,7109793997.489637
0.2,0.425,0.125,0.25,136.31499963128053,3.8362011898742905,7.80671313874234,0.2693633713516866,0.4325382698469206,1.377957517611026,2809,6865749981.564027
0.225,0.4,0.15,0.225,135.77434661887403,3.8300958067665034,7.80065162723736,0.2880422702632153,0.4387596899224806,1.4252876133734191,2580,6838717330.943702
0.2,0.45,0.1,0.25,133.8676479645637,3.80843233394281,7.791435249873305,0.2858782156905912,0.43348705214615113,1.3656094364530869,2819,6743382398.228186
0.275,0.325,0.15,0.25,124.52949191630444,3.6992151516323606,7.790487140981469,0.23437081888271807,0.44073319755600815,1.4053503161910519,2455,6276474595.815222
0.375,0.3,0.05,0.275,121.10739364604845,3.6578089386308275,7.789385942457607,0.2911175655960462,0.4518647007805724,1.5464631401595963,2306,6105369682.302423
0.275,0.4,0.025,0.3,127.13934630426971,3.730280568565072,7.7820633747437755,0.3537550108482494,0.4424743892828999,1.4356602349169887,2538,6406967315.213486
0.3,0.375,0.125,0.2,130.78165546358665,3.7729244626537772,7.772271742084514,0.2752713369826323,0.4437400950871632,1.4399091467875973,2524,6589082773.179333
0.3,0.35,0.15,0.2,128.5388718495568,3.7467624054698563,7.754725600608965,0.271192922535026,0.4429260450160772,1.438200041130223,2488,6476943592.47784
0.3,0.4,0.075,0.225,132.58735542598922,3.79376884634722,7.753674773672648,0.2861685303180937,0.44342993251290197,1.418935513923072,2519,6679367771.299461
0.175,0.375,0.15,0.3,129.0545191273453,3.752804523792806,7.748882935020806,0.2546583471250598,0.4395323346729996,1.3990844614628226,2737,6502725956.367264
0.275,0.375,0.075,0.275,123.07101432621721,3.681663093752473,7.7458650732308305,0.36060014613341695,0.4414201183431953,1.3910282235191367,2535,6203550716.310861
0.3,0.425,0.025,0.25,128.3285843107481,3.744293658868737,7.745842506811591,0.3050745275954823,0.44607454401268837,1.4943527795632374,2522,6466429215.537405
0.325,0.35,0.05,0.275,125.70733239656944,3.713288965622583,7.744211967823643,0.33800408425813383,0.44381107491856675,1.439453310045151,2456,6335366619.828472
0.3,0.3,0.125,0.275,121.48990736282028,3.662476076951709,7.743214297439494,0.2911175655960462,0.4501035196687371,1.4382933926515487,2415,6124495368.141014
0.25,0.3,0.15,0.3,124.76594116674576,3.702047622559098,7.7395125992266305,0.27008209440342323,0.44940598115526426,1.4164910501292116,2441,6288297058.337288
0.4,0.275,0.15,0.175,122.7684053510729,3.6780037954366733,7.73900609116188,0.3755254639989869,0.4451476793248945,1.4974450375919943,2370,6188420267.553645
0.2,0.375,0.225,0.2,134.32482492463944,3.813645554965394,7.735535953685657,0.2752713369826323,0.43996871333594056,1.4637344855843055,2557,6766241246.231972
0.375,0.375,0.025,0.225,126.59871805794901,3.7238809694967774,7.73370920228247,0.2706047362268426,0.4444444444444444,1.497581581070257,2430,6379935902.89745
0.15,0.45,0.15,0.25,135.09240324899258,3.82237144420803,7.72486566629652,0.2712707004823021,0.4371700105596621,1.3948106602282655,2841,6804620162.44963
0.25,0.45,0.05,0.25,130.20900921913503,3.7662735021279916,7.720949647766761,0.2712707004823021,0.4431047475508666,1.4280547334446647,2654,6560450460.956751
0.325,0.35,0.125,0.2,124.34518552256552,3.697004793595167,7.7128131000488205,0.271192922535026,0.44084278768233387,1.464860413575038,2468,6267259276.128276
0.275,0.35,0.1,0.275,122.31649429560898,3.672527721507481,7.708043608431356,0.3415192958420452,0.44680851063829785,1.4393809170173684,2491,6165824714.780449
0.4,0.325,0.05,0.225,120.31472048259975,3.6481056182293496,7.701800864278753,0.3052095518480203,0.44743589743589746,1.5012140103747136,2340,6065736024.129988
0.25,0.25,0.3,0.2,116.75087150325548,3.603938952092932,7.697251998207653,0.24192658088253347,0.4449618966977138,1.386394085519754,2362,5887543575.162774
0.275,0.35,0.075,0.3,122.66044546549885,3.6766968188619593,7.695207251165073,0.3019842931685637,0.44595676541232987,1.4398746087231502,2498,6183022273.274942
0.275,0.325,0.175,0.225,123.62965935353238,3.688402599924001,7.692946977538434,0.3052095518480203,0.4439480097481722,1.423756762600878,2462,6231482967.676619
0.35,0.3,0.1,0.25,121.4506552986536,3.6619976100191867,7.689816465533148,0.3124877067279741,0.44771104577908444,1.4548090032565368,2381,6122532764.93268
0.225,0.325,0.175,0.275,123.90428354413568,3.691708145067186,7.686294225983303,0.24719067747320836,0.44363636363636366,1.4011381397167915,2475,6245214177.206784
0.275,0.2,0.25,0.275,118.31131387326046,3.623387750990103,7.677658978852019,0.3208843320855374,0.45861774744027306,1.400733033243096,2344,5965565693.663023
0.3,0.425,0.05,0.225,126.69178936794101,3.724983997728984,7.669524916102133,0.27702726822215407,0.447483154974237,1.4595372126220476,2523,6384589468.397051
0.175,0.475,0.075,0.275,122.48787128745951,3.674606001252541,7.664684148809455,0.2552801458375799,0.4341306676187076,1.4504134534381266,2801,6174393564.372975
0.275,0.35,0.15,0.225,124.41724973926574,3.697869311466703,7.663014327656002,0.2583700562204359,0.4390832328106152,1.4120370498632884,2487,6270862486.963287
0.2,0.4,0.175,0.225,128.39440057119063,3.7450666258499004,7.66054128713616,0.2734409107379755,0.4415182029434547,1.4182281164697033,2582,6469720028.559532
0.25,0.4,0.125,0.225,128.8317317706346,3.7501960054554475,7.658703451527056,0.2880440156563912,0.4429347826086957,1.4143748826608944,2576,6491586588.531731
0.375,0.25,0.175,0.2,114.83278202012875,3.5797910118905722,7.644742063110166,0.2713522509860429,0.4459227467811159,1.3881389558229849,2330,5791639101.006437
0.15,0.425,0.125,0.3,125.98007761701325,3.716535259182548,7.624909578131744,0.24174004997442392,0.4343000358037952,1.3614608847770282,2793,6349003880.850662
0.4,0.225,0.075,0.3,116.43543857263556,3.599986249712498,7.617613396102444,0.3675215477699739,0.45624167036872504,1.5005885830010446,2251,5871771928.631778
0.275,0.375,0.1,0.25,121.31541911732337,3.6603483362956064,7.614916949998304,0.2694015824340248,0.4430379746835443,1.4216087713211016,2528,6115770955.866169
0.175,0.375,0.175,0.275,127.75820016644519,3.7375836599137413,7.613781970395931,0.23831535256118275,0.4386671548883193,1.354254339228303,2731,6437910008.32226
0.375,0.275,0.075,0.275,115.11163444562477,3.583318449775204,7.61165802750743,0.3403287223836716,0.45426829268292684,1.483534388120931,2296,5805581722.281239
0.275,0.375,0.15,0.2,124.36322759766739,3.6972212669232682,7.599456009270922,0.2752713369826323,0.4407246947617172,1.4008262547129076,2539,6268161379.883369
0.2,0.325,0.225,0.25,123.42237004460928,3.6859042579601384,7.59846233261906,0.23437081888271807,0.446407065435568,1.3916719023652178,2491,6221118502.230464
0.15,0.4,0.225,0.225,126.8862358524084,3.727286704404378,7.597539777418606,0.2734409107379755,0.43489208633093523,1.3830299911038533,2780,6394311792.62042
0.35,0.275,0.1,0.275,115.74151010301321,3.5912651318425794,7.594998231976289,0.3403287223836716,0.44911979390296264,1.4480481122732853,2329,5837075505.1506605
0.225,0.45,0.075,0.25,128.78188113264764,3.7496119099062515,7.585976213547,0.2712707004823021,0.43916486681065514,1.3809235378865292,2778,6489094056.632381
0.3,0.4,0.05,0.25,120.16768109217904,3.646300934967056,7.585431810784364,0.30822513850221983,0.4424673784104389,1.5046276231312503,2529,6058384054.608952
0.25,0.35,0.175,0.225,120.23319210784435,3.64710516610858,7.585115020972939,0.2583700562204359,0.44212218649517687,1.3973584798196945,2488,6061659605.392218
0.35,0.25,0.2,0.2,111.37805747440002,3.5356026227368567,7.58298461535428,0.3012616199680907,0.4475374732334047,1.390094814713291,2335,5618902873.720001
0.225,0.4,0.1,0.275,118.16440474273249,3.621564127679732,7.578015082254659,0.2546424040498096,0.43796188253597823,1.3793155562448363,2571,5958220237.136624
0.25,0.425,0.025,0.3,122.16711951669018,3.6707146593459887,7.5768794058674365,0.25402870280298195,0.44123240775960443,1.4277476139186616,2629,6158355975.834509
0.2,0.325,0.2,0.275,122.75596637356988,3.677853247051523,7.565791517712562,0.24719067747320836,0.4420926517571885,1.35896452271005,2504,6187798318.6784935
0.35,0.375,0.05,0.225,119.1583615149444,3.633872721899082,7.560843055564507,0.2935645911985364,0.4418604651162791,1.4797971734889201,2451,6007918075.74722
0.2,0.35,0.25,0.2,122.2264808825383,3.6714353470523298,7.5599435745198456,0.271192922535026,0.4444886589733386,1.412785996352057,2513,6161324044.126915
0.15,0.3,0.3,0.25,124.76717694106004,3.702062416623339,7.553495070135388,0.285193578965626,0.443593875906527,1.3658547265828538,2482,6288358847.053002
0.3,0.35,0.1,0.25,117.26024029799407,3.6103067032699503,7.552167092612247,0.3203366136435832,0.44373503591380686,1.4092958224052898,2506,5913012014.899704
0.25,0.325,0.175,0.25,114.66557741692448,3.5776731315697283,7.538935987276017,0.23437081888271807,0.442002442002442,1.3714629381188868,2457,5783278870.846224
0.4,0.2,0.15,0.25,120.37540834751759,3.6488500352978956,7.534433480829056,0.42567172493866395,0.44934714092751016,1.3616634601798907,2221,6068770417.375879
0.325,0.2,0.225,0.25,120.70817456644107,3.6529273628050287,7.533951495841038,0.40070553504970957,0.4490431686693369,1.3476192035814347,2247,6085408728.322054
0.225,0.325,0.2,0.25,115.12141111665895,3.5834420185317475,7.5294873941886875,0.23437081888271807,0.44148506860371267,1.3533280925954922,2478,5806070555.832948
0.275,0.25,0.275,0.2,108.32312493843416,3.4957518285361004,7.52768066166141,0.24192658088253347,0.445578231292517,1.3774308808084499,2352,5466156246.921708
0.25,0.425,0.075,0.25,117.73752826716337,3.616256505458729,7.526440584379544,0.29301784096687034,0.44144838212634824,1.4486509688711455,2596,5936876413.358169
0.225,0.475,0.05,0.25,119.68960443577123,3.6404229670106387,7.51949758307317,0.24709933703346224,0.43295988435128296,1.4233784436354013,2767,6034480221.788562
0.35,0.4,0.025,0.225,120.53761993012682,3.650838534058799,7.515244121134095,0.2734409107379755,0.4467382328654005,1.4643811450285034,2422,6076880996.506341
0.2,0.35,0.225,0.225,121.55733874527438,3.6632977952086385,7.511830361208245,0.2583700562204359,0.43938799529227146,1.3994632937625573,2549,6127866937.263719
0.2,0.475,0.025,0.3,116.37113767547224,3.599179607317466,7.50610430810758,0.2822562921975605,0.4352387843704776,1.4304196298507543,2764,5868556883.773612
0.15,0.35,0.3,0.2,128.20984495166286,3.742898469603693,7.504661593366169,0.34458934317404344,0.4375497215592681,1.364582692646125,2514,6460492247.583143
0.35,0.25,0.225,0.175,114.82667810128943,3.5797137337771785,7.501471956407655,0.45117015138782607,0.4442032132001737,1.340661956336104,2303,5791333905.064471
0.175,0.325,0.2,0.3,119.50137347284408,3.638104318369521,7.491880098655875,0.30790228262664626,0.44720252167060676,1.443406831373782,2538,6025068673.642204
0.175,0.325,0.275,0.225,115.93546261086767,3.5937062184369077,7.491464718639365,0.3255123437562439,0.44229995979091274,1.3748102183487145,2487,5846773130.543384
0.35,0.325,0.1,0.225,111.79769110561308,3.5410188784122187,7.488689564450387,0.3052095518480203,0.4437058579144163,1.4539094971664575,2407,5639884555.280654
0.225,0.375,0.1,0.3,111.98007587566966,3.5433686678266643,7.487846399397798,0.36557503789281587,0.4436564223798266,1.4173211542092605,2538,5649003793.783483
0.15,0.425,0.2,0.225,122.63595648133632,3.676400244077291,7.485828828918888,0.27702726822215407,0.4353524619199433,1.354705028532604,2823,6181797824.066816
0.275,0.4,0.1,0.225,120.53920214492355,3.650857921025448,7.474934759123547,0.2938059276384775,0.4444444444444444,1.396482370588529,2565,6076960107.246178
0.225,0.4,0.075,0.3,113.19517971513714,3.558958244505691,7.4747537766807906,0.35076210713016787,0.4416184971098266,1.4150464436508305,2595,5709758985.756857
0.175,0.425,0.125,0.275,117.89374518639325,3.618200350739606,7.4594933448761305,0.2538108870988515,0.43185078909612623,1.371742760156112,2788,5944687259.319662
0.25,0.4,0.05,0.3,111.10792682262282,3.5321087400447535,7.4449287529124755,0.36712927154183195,0.43990665110851807,1.4145608732655068,2571,5605396341.131141
0.4,0.35,0.075,0.175,113.2638228227731,3.559835552073701,7.442256868598913,0.27185121849553784,0.44028595458368375,1.6041488186899793,2378,5713191141.138655
0.375,0.275,0.2,0.15,112.56883801882384,3.550936545514894,7.442183437261612,0.42446228534175545,0.44765494137353434,1.5011081873701626,2388,5678441900.941192
0.4,0.275,0.125,0.2,105.89705985790818,3.463561670261276,7.437752335780544,0.38291975644351917,0.44688172043010754,1.4398251844416763,2325,5344852992.895409
0.2,0.325,0.25,0.225,113.35307057293117,3.560975666006194,7.434071400636487,0.30817311408576165,0.4435062324085243,1.4078439810372028,2487,5717653528.646559
0.25,0.375,0.125,0.25,116.29130929802088,3.598177757572513,7.433219859496339,0.2803939504215484,0.4374264417418596,1.4138173534133165,2549,5864565464.901044
0.275,0.425,0.075,0.225,117.23831364317962,3.6100329769110386,7.429687115595303,0.2880898094286512,0.4476675813406507,1.4364563053788473,2551,5911915682.158981
0.2,0.225,0.275,0.3,114.35832498105829,3.573775916947401,7.425255237266578,0.3675215477699739,0.45220282626766417,1.3825633170582776,2406,5767916249.052915
0.15,0.45,0.175,0.225,119.98369676784641,3.6440407111537434,7.423868985482259,0.2569761281257211,0.43542177108855445,1.421100855567829,2857,6049184838.392321
0.15,0.325,0.3,0.225,123.27152106228567,3.6840843803258103,7.423402732093413,0.4791473625438979,0.4379503602882306,1.396819472055456,2498,6213576053.114284
0.15,0.275,0.3,0.275,115.65291473047611,3.5901491529713185,7.421296573884637,0.33253625070719095,0.4424094424094424,1.387353695017235,2457,5832645736.523806
0.25,0.2,0.3,0.25,116.15615599365928,3.5964805202584014,7.415972351447762,0.35509057095201385,0.44624835454146555,1.3369628426356088,2279,5857807799.682964
0.2,0.45,0.075,0.275,113.19323939396631,3.5589334406165802,7.397709747047531,0.27497737562134333,0.4380883417813179,1.4265090033627785,2762,5709661969.698316
0.225,0.35,0.15,0.275,110.85825909883013,3.5288744330391717,7.39415303368836,0.2937738775137835,0.44466481554938514,1.3634942173578952,2521,5592912954.941506
0.15,0.375,0.175,0.3,116.86873444937169,3.6054140499371456,7.39364607773837,0.29677642821263167,0.43815741748277115,1.371136077269661,2757,5893436722.468584
0.2,0.475,0.075,0.25,115.24919712895449,3.58505647443962,7.364398903706894,0.24709933703346224,0.43335734870317005,1.410662908612389,2776,5812459856.447724
0.2,0.45,0.05,0.3,110.951279394101,3.530080032457059,7.356978617236233,0.2724918966841497,0.43270622286541244,1.4186379968257514,2764,5597563969.7050495
0.3,0.45,0.025,0.225,114.52702541361715,3.5759165991353985,7.336429501957614,0.35771017647965425,0.44391971664698937,1.5033473472145131,2541,5776351270.680858
0.15,0.35,0.225,0.275,114.67192049980021,3.577753513558579,7.329007006416286,0.25009449422709834,0.4363970588235294,1.3553845860254354,2720,5783596024.99001
0.15,0.45,0.2,0.2,122.63348436384285,3.6763703031842807,7.328148091653418,0.29586224613128576,0.43447792571829014,1.479902491744884,2854,6181674218.1921425
0.175,0.45,0.075,0.3,108.11331991228904,3.492987335533721,7.326242912881821,0.25880071272405464,0.4339152119700748,1.4090840542367349,2807,5455665995.614452
0.225,0.35,0.2,0.225,109.76799828239108,3.514692915050084,7.322380672290252,0.2583700562204359,0.4385262314777733,1.360679003181969,2497,5538399914.119554
0.175,0.375,0.225,0.225,114.93404319353786,3.581072616129707,7.320955983577018,0.2706047362268426,0.44082266201008924,1.3898135645142884,2577,5796702159.676893
0.15,0.4,0.175,0.275,113.60927619141663,3.564245260855336,7.313514603256438,0.2864458407808859,0.43747760659261914,1.3609819679745365,2791,5730463809.570831
0.2,0.35,0.15,0.3,109.71189983732391,3.513960655044116,7.313047171871288,0.31373228616781285,0.4434918160561185,1.389419939715571,2566,5535594991.866196
0.3,0.5,0.05,0.15,115.90815530227573,3.5933626951671247,7.303102861608749,0.3839961742946462,0.4410058027079304,1.5165958620776863,2585,5845407765.113787
0.375,0.3,0.075,0.25,106.01480370568781,3.465135353383493,7.29928844824681,0.3124877067279741,0.4514458351316357,1.4586700024260875,2317,5350740185.28439
0.15,0.45,0.1,0.3,107.1219692171731,3.4798757113562875,7.286693133796451,0.25880071272405464,0.4356964731029569,1.3910062954347346,2807,5406098460.858655
0.25,0.3,0.2,0.25,106.30468869929157,3.469004746605524,7.275509862450618,0.3124877067279741,0.4459404324765402,1.3910906457705456,2451,5365234434.964579
0.225,0.375,0.15,0.25,108.80268408377603,3.502057217000397,7.274051497218806,0.26651819087919965,0.43884329816334505,1.3622888340698158,2559,5490134204.188802
0.3,0.325,0.15,0.225,105.17898276844612,3.4539387503595282,7.2738194898504265,0.3052095518480203,0.44330320460147904,1.3748982478907827,2434,5308949138.422306
0.35,0.2,0.2,0.25,109.54029242143261,3.511719074881972,7.265917624743591,0.4056551383099613,0.44727435210008937,1.3401800566794604,2238,5527014621.0716305
0.225,0.35,0.225,0.2,112.40728748960457,3.5488626546907485,7.258699551942749,0.271192922535026,0.4431637519872814,1.3666394710211187,2516,5670364374.480228
0.375,0.275,0.15,0.2,100.91674634961795,3.3958904404950694,7.255531665341912,0.3827840371583334,0.4446344591705857,1.393654500766535,2339,5095837317.480898
0.15,0.5,0.05,0.3,111.91631637458698,3.542547503338983,7.248160333807158,0.25536179737854975,0.42984330484330485,1.4208445886617442,2808,5645815818.729349
0.3,0.375,0.025,0.3,103.73559170806713,3.4344612641871715,7.247554272845681,0.4541950494402888,0.44835868694955966,1.4323462229535977,2498,5236779585.403357
0.25,0.275,0.275,0.2,102.1344810010037,3.412640801862456,7.236828068972622,0.350231113678232,0.4451345755693582,1.3698278266357757,2415,5156724050.050185
0.225,0.45,0.1,0.225,111.06749655281558,3.531585320794118,7.235017498579035,0.32663637241689175,0.4380255941499086,1.4140287022702496,2735,5603374827.6407795
0.15,0.4,0.2,0.25,112.23036826280254,3.5465891642706673,7.234128608698113,0.26873151541676604,0.43256814921090386,1.3875656883302445,2788,5661518413.140127
0.275,0.375,0.125,0.225,107.80662759979872,3.4889396991321178,7.233152206294643,0.30220367363247236,0.44114196323816973,1.3715752653085784,2557,5440331379.989936
0.175,0.4,0.2,0.225,115.21289664939087,3.58459797479974,7.23148645398703,0.2734409107379755,0.4368284549833272,1.367762500416298,2699,5810644832.469543
0.375,0.25,0.1,0.275,100.23759329660248,3.386489289567643,7.227457412337763,0.40812978337817707,0.4553376906318083,1.497438018100868,2295,5061879664.830124
0.25,0.425,0.05,0.275,107.44476651290394,3.484153974766837,7.227351543132059,0.3245601990037174,0.43959861057506755,1.4254670779705625,2591,5422238325.645197
0.325,0.3,0.125,0.25,102.0374931744428,3.411311643910783,7.227270533216431,0.3124877067279741,0.4476309226932668,1.3782829336233553,2406,5151874658.72214
0.275,0.3,0.15,0.275,101.2809715126852,3.4009146790867533,7.2208953812283205,0.2911175655960462,0.4462809917355372,1.3873024420458584,2420,5114048575.63426
0.375,0.225,0.1,0.3,101.3357465357638,3.401669210707965,7.212154211565174,0.3675215477699739,0.45426287744227356,1.4334949137539783,2252,5116787326.78819
0.25,0.4,0.2,0.15,112.17613205309401,3.5458917213790437,7.211937007475196,0.3052548242618326,0.4411764705882353,1.5086992454713006,2550,5658806602.6547
0.325,0.4,0.025,0.25,107.54148813000815,3.4854342096709905,7.21172248821855,0.3108982007104425,0.44216867469879517,1.4831709944285802,2490,5427074406.500407
0.175,0.475,0.05,0.3,102.96918512686221,3.424044930363814,7.211621758118964,0.2552737347464967,0.43087971274685816,1.396201879654605,2785,5198459256.343111
0.3,0.275,0.225,0.2,100.40647938983552,3.3888310845105645,7.2100840940762145,0.350231113678232,0.445,1.370986387653097,2400,5070323969.491776
0.275,0.425,0.05,0.25,107.40885362538376,3.48367842393714,7.208488847456516,0.2750577124784564,0.4418966187329965,1.441658754779886,2573,5420442681.269188
0.175,0.5,0.025,0.3,104.49901881150343,3.444785716379786,7.204456106308276,0.25536179737854975,0.43345195729537367,1.3676018805040977,2810,5274950940.575171
0.35,0.275,0.175,0.2,101.06113947975943,3.397883703588837,7.204353291672055,0.3962721961108973,0.4463157894736842,1.4045420944531066,2375,5103056973.987971
0.15,0.375,0.225,0.25,110.75241795114523,3.527501838396214,7.2017001114625305,0.2570258805574477,0.43173565722585333,1.355424076628099,2754,5587620897.557261
0.375,0.325,0.1,0.2,101.10817716318121,3.39853261743448,7.195426927234747,0.27673263161559786,0.44202595228128927,1.4838876920612787,2389,5105408858.1590605
0.25,0.35,0.125,0.275,103.75518362543495,3.4347268602988548,7.193920968454657,0.3288291992352223,0.44249900517309987,1.355718264798205,2513,5237759181.271748
0.225,0.225,0.3,0.25,101.91317979308968,3.4096067619140094,7.192978058602731,0.4174678714669961,0.45252100840336135,1.380974378904985,2380,5145658989.654484
0.375,0.3,0.1,0.225,97.55359328333961,3.348910892546569,7.189494879252943,0.37128587251325734,0.44799658994032393,1.4514340814040798,2346,4927679664.166981
0.175,0.35,0.2,0.275,105.59881071720325,3.459570198189529,7.186250479827722,0.25009449422709834,0.44013948082138704,1.348876279100691,2581,5329940535.860163
0.375,0.2,0.175,0.25,105.61551478124346,3.459793949439316,7.185610754724516,0.4334939397934471,0.44808988764044944,1.3426677950586507,2225,5330775739.062173
0.225,0.225,0.25,0.3,102.25544354757835,3.414297328273812,7.182767086273945,0.3675215477699739,0.45099667774086377,1.3614743790450141,2408,5162772177.378918
0.4,0.325,0.075,0.2,100.27158261830925,3.3869608029394342,7.173459650495187,0.27673263161559786,0.44416135881104035,1.4738124031602868,2355,5063579130.9154625
0.175,0.3,0.25,0.275,103.12241752210234,3.4261316968456264,7.16850923549399,0.3341623262852242,0.4448426921545201,1.3785392885048031,2511,5206120876.105117
0.25,0.35,0.1,0.3,102.86021422648258,3.4225596582838644,7.168001377532338,0.3522106543725274,0.4431683168316832,1.3776840624422688,2525,5193010711.324129
0.15,0.275,0.275,0.3,106.43136513995094,3.470693396404079,7.167285300884813,0.3200147876615673,0.44806763285024154,1.4053417325785569,2484,5371568256.997547
0.15,0.5,0.15,0.2,113.28728612432045,3.5601353475336195,7.158423989310284,0.28890474986233905,0.4367937853107345,1.4913723681292268,2832,5714364306.2160225
0.25,0.225,0.225,0.3,99.77242929990243,3.380025508418515,7.154291803678373,0.3675215477699739,0.4527986633249791,1.374594266869362,2394,5038621464.995121
0.225,0.45,0.05,0.275,103.2091073792324,3.427311341822839,7.153191148593271,0.25020050821534917,0.43684401013391244,1.3611436286681036,2763,5210455368.96162
0.4,0.375,0.05,0.175,106.05196751014581,3.4656318147829532,7.152231094650675,0.26770907318424475,0.4405010438413361,1.5457861806014497,2395,5352598375.507291
0.15,0.5,0.075,0.275,106.2832998929493,3.468719491188822,7.147401241308721,0.2649230771823559,0.43111427554289783,1.4181119167668321,2809,5364164994.647465
0.15,0.325,0.225,0.3,110.30823754630322,3.5217318551921073,7.145659669712037,0.26346433270611996,0.44285175405507354,1.3890898273729764,2651,5565411877.315161
0.225,0.425,0.075,0.275,103.78891662341599,3.4351840796190976,7.136061031795273,0.28708968920911077,0.43590690801625415,1.4090545450717482,2707,5239445831.170799
0.35,0.325,0.025,0.3,101.87306544097459,3.4090563193575916,7.135330037660626,0.3995818255036142,0.4495798319327731,1.48664610431873,2380,5143653272.048729
0.25,0.225,0.3,0.225,96.10163729326277,3.328291556162486,7.132133213168959,0.3717813845914171,0.44846916774471757,1.3818048671538465,2319,4855081864.663138
0.2,0.4,0.225,0.175,113.44487145666265,3.5621477645549318,7.1305543694673075,0.29585394440743357,0.4377401998462721,1.4783373307084617,2602,5722243572.833133
0.325,0.3,0.1,0.275,97.8506970175029,3.353104593686326,7.12645803692394,0.2911175655960462,0.4461920529801324,1.402876452081771,2416,4942534850.875145
0.4,0.3,0.05,0.25,98.04856111618439,3.355892748800021,7.122689109182512,0.3124877067279741,0.450752688172043,1.4334547442449397,2325,4952428055.809219
0.375,0.3,0.125,0.2,97.84755953395228,3.353060352036133,7.112424416603322,0.29639404656345586,0.4445849136114623,1.4865028151446493,2373,4942377976.697614
0.15,0.475,0.175,0.2,114.31577764257071,3.5732356870671538,7.110755857951072,0.28099276120088534,0.4362745098039216,1.4236760379964786,2856,5765788882.128535
0.15,0.3,0.275,0.275,109.61168607875027,3.5126519243419176,7.109753560029408,0.5045585808722792,0.4438247011952191,1.3699317250972352,2510,5530584303.937513
0.275,0.425,0.025,0.275,101.70253223632356,3.4067146606971477,7.102976598400949,0.3187213734126271,0.44129082426127525,1.4314910940952779,2572,5135126611.816178
0.2,0.2,0.3,0.3,99.01159931445602,3.3694093807135026,7.10004877376637,0.3514871681517642,0.45221052631578945,1.3697452405773396,2375,5000579965.722801
0.25,0.25,0.275,0.225,99.46978683895054,3.3758091800718777,7.098790881288962,0.345802913776306,0.44731361932528113,1.325504486734546,2401,5023489341.947527
0.325,0.325,0.05,0.3,99.78079656635727,3.380141956426308,7.087254766266684,0.3943190721347371,0.44569288389513106,1.4671751876421164,2403,5039039828.317863
0.225,0.3,0.2,0.275,98.8248858713228,3.3667957179631225,7.08666938264919,0.29238327503833544,0.44585726004922066,1.3745254138031209,2438,4991244293.56614
0.25,0.275,0.2,0.275,96.57779203258201,3.3350764240260773,7.077792094455968,0.3403287223836716,0.44639132248644137,1.3922822398612855,2397,4878889601.629101
0.325,0.375,0.125,0.175,104.85403447937391,3.4495695893976697,7.073211163477298,0.26770907318424475,0.4389850986709625,1.510333635276149,2483,5292701723.968696
0.25,0.425,0.1,0.225,102.38570777157717,3.416079762257703,7.063691445579343,0.27702726822215407,0.43795620437956206,1.3662683118140826,2603,5169285388.578858
0.15,0.375,0.25,0.225,104.03110081095251,3.4384637261128175,7.054731354997978,0.2706047362268426,0.43495786002198605,1.3440010201258688,2729,5251555040.547626
0.325,0.275,0.125,0.275,95.20853752254172,3.3155042711288756,7.048244386533016,0.3403287223836716,0.44425817267393125,1.3852265360227831,2386,4810426876.127086
0.2,0.425,0.15,0.225,105.05010151136513,3.452206939276026,7.047529299720397,0.35312683959754254,0.44086021505376344,1.4080659346010969,2697,5302505075.568256
0.2,0.35,0.2,0.25,100.36348670797742,3.3882351945060627,7.0437300468417545,0.3094616427539702,0.4409667194928685,1.3555056732682331,2524,5068174335.39887
0.325,0.475,0.025,0.175,106.25639834144022,3.468360659221692,7.039577171000373,0.34895495980042457,0.4458266452648475,1.530132214438612,2492,5362819917.072011
0.15,0.35,0.25,0.25,102.72001929796654,3.420647244077321,7.036453350273137,0.3000148393349954,0.43538461538461537,1.3546500683754608,2600,5186000964.898327
0.325,0.4,0.075,0.2,102.16313047061489,3.4130332624794013,7.03628755572703,0.3296088038068579,0.4421305566680016,1.4439761154314095,2497,5158156523.530745
0.2,0.25,0.25,0.3,95.58485920129448,3.320902191324951,7.03044434476656,0.32193632317914284,0.4497354497354497,1.397852821846292,2457,4829242960.064724
0.275,0.225,0.2,0.3,95.35571155402414,3.317617026689069,7.030222445590515,0.3675215477699739,0.4526539278131635,1.3677991565019627,2355,4817785577.701207
0.225,0.325,0.225,0.225,99.3495254658869,3.374131335844302,7.028057185926591,0.30817311408576165,0.4455604660506227,1.3436505061396058,2489,5017476273.294345
0.4,0.3,0.025,0.275,94.06048847016962,3.298947565222507,7.028051573423036,0.2911175655960462,0.4449188727583262,1.4652050824862126,2342,4753024423.508481
0.2,0.35,0.175,0.275,99.61123425012445,3.3777808581019784,7.026516463294775,0.3200769608876305,0.4413738649822345,1.3567808738976332,2533,5030561712.506223
0.375,0.25,0.075,0.3,93.34367272680215,3.2885408935083804,7.020399934764773,0.32193632317914284,0.45215100965759436,1.4348210791026181,2278,4717183636.340108
0.175,0.5,0.125,0.2,102.78622278991693,3.4215505519162415,7.019624577437646,0.28890474986233905,0.43610911701363964,1.4547409163413025,2786,5189311139.495847
0.275,0.2,0.225,0.3,94.23213755978962,3.301431630813658,7.016795968188693,0.3514871681517642,0.45442930153321975,1.344257145501694,2348,4761606877.989481
0.275,0.275,0.25,0.2,93.73180266164394,3.2941823780734056,7.015174738343297,0.350231113678232,0.44232365145228214,1.3486278502805564,2410,4736590133.082197
0.25,0.375,0.175,0.2,100.93237472339631,3.3961062737064163,7.012514579500498,0.2800573933661285,0.44089834515366433,1.3990717638156027,2538,5096618736.169815
0.15,0.45,0.125,0.275,99.86837260955852,3.3813603659799147,7.011674606295057,0.25020050821534917,0.43317972350230416,1.3667524541635105,2821,5043418630.477926
0.325,0.225,0.225,0.225,92.69705204557327,3.2791070941829723,7.004498682780301,0.39183316859472966,0.4497835497835498,1.3417346279154578,2310,4684852602.278664
0.225,0.475,0.025,0.275,98.00574964153826,3.355289802246154,6.9987987292789695,0.2552801458375799,0.4350838803792852,1.4020892220196859,2742,4950287482.076913
0.225,0.3,0.275,0.2,94.68514821763421,3.3079729120740105,6.998659726947938,0.29639404656345586,0.44471544715447153,1.3850616136383525,2460,4784257410.88171
0.4,0.3,0.075,0.225,90.35530123948675,3.2445673168643534,6.985594966569772,0.37128587251325734,0.44646727351538795,1.4726060422974014,2307,4567765061.974338
0.25,0.3,0.175,0.275,94.31713182111899,3.3026605213602984,6.984695048202206,0.2911175655960462,0.4439461883408072,1.3858030603342875,2453,4765856591.055949
0.35,0.3,0.15,0.2,92.4451767824142,3.27542041123247,6.978845012890469,0.29639404656345586,0.4432296047098402,1.432147453948498,2378,4672258839.120709
0.25,0.2,0.25,0.3,92.75455078040771,3.27994775491325,6.968715781936481,0.3514871681517642,0.4507462686567164,1.3420243392993438,2345,4687727539.020386
0.15,0.5,0.2,0.15,106.7348399911179,3.4747333444217183,6.96715049628375,0.30823364006039583,0.42857142857142855,1.4111516651775908,2884,5386741999.555895
0.2,0.375,0.2,0.225,98.83248296906444,3.3669021289183823,6.9573861427964445,0.2706047362268426,0.43981117230527145,1.3763089287384163,2542,4991624148.453222
0.25,0.325,0.2,0.225,97.0974915293132,3.3424561341179473,6.9564988194746755,0.3052095518480203,0.4399839421918908,1.3389353615829604,2491,4904874576.46566
0.375,0.275,0.175,0.175,95.16170650208534,3.314831528054534,6.9534846850341046,0.3777143481829782,0.44252631578947366,1.3964281789244672,2375,4808085325.104267
0.15,0.375,0.275,0.2,104.61520264278298,3.4463525086252984,6.952723249268087,0.2956301515452373,0.4380196523053666,1.383486504633376,2646,5280760132.139149
0.3,0.375,0.1,0.225,96.7997930287049,3.3382320894892157,6.952455350091432,0.30292395652970616,0.4407246947617172,1.372084180263444,2539,4889989651.435245
0.2,0.375,0.175,0.25,99.15751234378834,3.371449600726761,6.94926022108753,0.26139588125945123,0.43992172211350294,1.373361339582451,2555,5007875617.189417
0.15,0.325,0.25,0.275,105.59913496541617,3.459574541727232,6.946826696489091,0.25968448284290735,0.44239811912225707,1.3423565731009413,2552,5329956748.270808
0.175,0.45,0.1,0.275,94.61532793238666,3.3069661111595163,6.9464796711264665,0.25020050821534917,0.4333453108156666,1.3495023791957863,2783,4780766396.619333
0.325,0.275,0.225,0.175,94.9220993175026,3.3113860023001456,6.946217048315015,0.3352776313754872,0.439832285115304,1.376655711686231,2385,4796104965.87513
0.325,0.3,0.175,0.2,93.20404605421975,3.2865075555487007,6.944850370754742,0.29639404656345586,0.44320528707145807,1.4048899416987413,2421,4710202302.710987
0.25,0.35,0.15,0.25,95.41910283969379,3.318526363837557,6.944245159206895,0.33127063775071314,0.44033748493370833,1.3524724272065,2489,4820955141.98469
0.2,0.4,0.25,0.15,103.83276204659313,3.4357782139102193,6.939270943030092,0.3052548242618326,0.43829787234042555,1.4735884941154238,2585,5241638102.329657
0.15,0.425,0.225,0.2,103.38142800316997,3.429654240535707,6.938734275715428,0.26770907318424475,0.4317937701396348,1.4539385857132727,2793,5219071400.158499
0.275,0.3,0.125,0.3,93.12140457667613,3.285303109195044,6.938419578854929,0.27008209440342323,0.4478476821192053,1.3314235412996245,2416,4706070228.833806
0.175,0.5,0.175,0.15,105.04581212103848,3.4521492770238877,6.93798081676209,0.31778664830938186,0.4312150837988827,1.4132464763190935,2864,5302290606.051924
0.375,0.4,0.05,0.175,102.63652154513419,3.419507407103512,6.933627107801972,0.3182043626438793,0.4407894736842105,1.5313417708230936,2432,5181826077.256709
0.25,0.375,0.1,0.275,92.39814966968437,3.274731330091684,6.928804116848917,0.3090624035281863,0.43794186959937154,1.3108790211827657,2546,4669907483.484219
0.375,0.4,0.025,0.2,96.96395609355957,3.3405624788355084,6.924559205630113,0.2938284611614636,0.4444444444444444,1.5112762750657915,2430,4898197804.6779785
0.35,0.35,0.125,0.175,95.49429320370564,3.31960442997459,6.918182460510198,0.27185121849553784,0.4447615165103954,1.4827081283649948,2453,4824714660.185282
0.2,0.3,0.2,0.3,93.48510986514408,3.2905985120928616,6.917434899679913,0.27008209440342323,0.44710174300770167,1.383645791759797,2467,4724255493.257204
0.225,0.5,0.05,0.225,100.05297867906914,3.383926360803631,6.910907186031028,0.2964214227821725,0.43208982252806954,1.4938018199861745,2761,5052648933.953457
0.325,0.45,0.05,0.175,99.03165124207203,3.3696898754441262,6.909126288442521,0.28864149959612045,0.44377510040160645,1.5537930896573282,2490,5001582562.103601
0.325,0.375,0.075,0.225,95.32018288495166,3.3171071961580365,6.90440463311066,0.30292395652970616,0.4416733708769107,1.4044163625448152,2486,4816009144.247583
0.2,0.45,0.125,0.225,99.96935136272522,3.3827643496410964,6.904087386349818,0.2569761281257211,0.43212508884150674,1.3632414870259173,2814,5048467568.136261
0.35,0.225,0.175,0.25,92.06734075019794,3.2698773595215016,6.894093474320977,0.44543615609330367,0.44997853155860884,1.3493750288398003,2329,4653367037.509897
0.275,0.45,0.025,0.25,96.2798102741995,3.3308330375895077,6.88369715360872,0.27198548272810935,0.4453125,1.4169164520322923,2560,4863990513.709975
0.225,0.45,0.15,0.175,100.41949079716161,3.3890113922226375,6.88094566068263,0.28864149959612045,0.44013948082138704,1.5031698454383509,2581,5070974539.858081
0.175,0.3,0.275,0.25,93.7087803174477,3.2938481861785416,6.880074033469489,0.27157486148221244,0.44354512343180896,1.3162784254989852,2471,4735439015.872385
0.2,0.3,0.25,0.25,91.85450415213207,3.2667481971483374,6.879490975531598,0.31541936702309686,0.4479674796747967,1.3511441538316615,2460,4642725207.606604
0.3,0.225,0.25,0.225,88.19652912463455,3.212189086549139,6.874534383522194,0.37621115060805316,0.4498714652956298,1.3445198043046893,2334,4459826456.231728
0.25,0.275,0.25,0.225,88.9279063228191,3.2232176916549813,6.872739637153909,0.29225485220422265,0.44777361631294216,1.3503534015179601,2403,4496395316.140955
0.4,0.25,0.125,0.225,88.55036230155793,3.2175322639127115,6.871030237961214,0.345802913776306,0.4473684210526316,1.383855117860969,2318,4477518115.077896
0.375,0.35,0.1,0.175,91.32023059926466,3.2588716695296176,6.864298060683484,0.27185121849553784,0.4440282979608822,1.5027073751003779,2403,4616011529.963233
0.4,0.25,0.075,0.275,86.8176122733037,3.191227714169166,6.857444871256511,0.40812978337817707,0.4554718653079309,1.4652317468703668,2257,4390880613.665185
0.2,0.375,0.25,0.175,98.72810940478325,3.3654397082968286,6.857397291263348,0.26770907318424475,0.4410377358490566,1.4434090547191283,2544,4986405470.239162
0.175,0.225,0.3,0.3,92.02323164872917,3.2692292594174743,6.850190527510412,0.3675215477699739,0.4483333333333333,1.3460650559987308,2400,4651161582.436459
0.3,0.275,0.15,0.275,87.97461138217678,3.2088305865103903,6.849964263373408,0.3403287223836716,0.44875579924082665,1.3460593553376214,2371,4448730569.108839
0.275,0.25,0.175,0.3,88.02542030140793,3.209600030184119,6.849329774045808,0.32193632317914284,0.45222129086336965,1.3672367856083227,2386,4451271015.070396
0.175,0.35,0.225,0.25,95.49519591078251,3.319617369359235,6.848489696746283,0.36344467711029954,0.43548387096774194,1.346582110418109,2542,4824759795.539125
0.3,0.2,0.225,0.275,89.08602683040503,3.2255940045151084,6.842036911626753,0.3311363904686832,0.45345345345345345,1.3212790735287094,2331,4504301341.520251
0.325,0.5,0.025,0.15,96.52535819436503,3.3343303832447893,6.837209996225422,0.4176571318730818,0.4366812227074236,1.4786926443162973,2519,4876267909.718251
0.35,0.2,0.175,0.275,88.55151341080959,3.2175496231852554,6.8351195218548,0.3487376635084331,0.45549283543204516,1.333028738616393,2303,4477575670.54048
0.325,0.3,0.15,0.225,87.80435027645169,3.2062499948417607,6.834500430819759,0.37128587251325734,0.4439799331103679,1.3668532206477737,2392,4440217513.822584
0.3,0.35,0.175,0.175,93.80565238508247,3.2952540067431935,6.825945417153084,0.27185121849553784,0.44266238973536487,1.4123951590319508,2494,4740282619.254124
0.15,0.375,0.3,0.175,104.34218828293636,3.4426689233845877,6.816232244702987,0.29418966327729296,0.4341692789968652,1.414019159770408,2552,5267109414.146818
0.225,0.375,0.175,0.225,93.59712575284081,3.2922266268582643,6.816018117615573,0.2727195563193529,0.4404715127701375,1.3669433760341874,2545,4729856287.64204
0.2,0.275,0.3,0.225,89.1143126601229,3.226018798855285,6.812662118734764,0.29225485220422265,0.44352844187963725,1.3625554672227032,2426,4505715633.0061455
0.175,0.375,0.275,0.175,97.83658149259634,3.352905543179575,6.812641291031312,0.26770907318424475,0.4381933438985737,1.4609555981102398,2524,4941829074.629817
0.225,0.275,0.3,0.2,86.12888275520044,3.1806742410978233,6.81243382639901,0.350231113678232,0.44323873121869783,1.3337780560603882,2396,4356444137.760022
0.3,0.275,0.25,0.175,89.60207348741235,3.2333297361500835,6.810678799708558,0.33121576550760273,0.4449522226838388,1.3571768598520424,2407,4530103674.370618
0.2,0.325,0.175,0.3,92.44041237797516,3.275350609871281,6.810436417743124,0.32110220866966394,0.4445773524720893,1.3646069802466545,2508,4672020618.898758
0.275,0.325,0.1,0.3,88.77843730796843,3.2209687847500987,6.8064402548124745,0.3642724918438623,0.44785772029102666,1.3693128105352976,2474,4488921865.398421
0.2,0.375,0.15,0.275,88.83591053804712,3.221833826438293,6.8044081000452055,0.30659807648011306,0.4414934565050038,1.3226444284157823,2598,4491795526.902356
0.175,0.275,0.275,0.275,89.59817056026161,3.233271342372289,6.801520057776875,0.3735296563286173,0.44634146341463415,1.3680592584442208,2460,4529908528.013081
0.2,0.4,0.15,0.25,93.44097018486664,3.2899565956952577,6.799757022840519,0.26873151541676604,0.43639774859287056,1.3812032784652388,2665,4722048509.243332
0.15,0.4,0.25,0.2,94.37139086914287,3.3034446369399824,6.797521560491141,0.27185121849553784,0.4333816075307748,1.3894634082296249,2762,4768569543.457144
0.35,0.325,0.15,0.175,89.69324191850491,3.2346932695150974,6.792890409023975,0.32138178070724305,0.44948453608247424,1.4379945685157138,2425,4534662095.925245
0.325,0.325,0.15,0.2,86.64301103717695,3.1885576206248203,6.792279278572047,0.27673263161559786,0.4415002038320424,1.387980180573608,2453,4382150551.858848
0.4,0.325,0.1,0.175,88.342843752881,3.214400304091475,6.790064946366948,0.32138178070724305,0.44468085106382976,1.4695033793410068,2350,4467142187.64405
0.35,0.3,0.125,0.225,85.96611251342559,3.178171816668896,6.789977404989175,0.3796612173261848,0.4444908180300501,1.3967507915278514,2396,4348305625.671279
0.3,0.3,0.15,0.25,88.89035366153713,3.2226529144409044,6.789828555411634,0.3124877067279741,0.44343141317861584,1.3258975126288755,2413,4494517683.076857
0.3,0.4,0.1,0.2,93.20405601448681,3.286507700669885,6.786798161236848,0.3266017292617834,0.44343354430379744,1.434320658169899,2528,4710202800.72434
0.2,0.5,0.025,0.275,91.36480187460178,3.259529944418655,6.781761600253959,0.2649230771823559,0.4320720720720721,1.3956928400438908,2775,4618240093.730089
0.25,0.375,0.2,0.175,94.4216781353867,3.304171084250812,6.774824339429718,0.26770907318424475,0.4416403785488959,1.4118165936682006,2536,4771083906.769335
0.3,0.325,0.175,0.2,86.89067477773722,3.1923439532461737,6.772050237611667,0.27673263161559786,0.44218241042345274,1.3889759074353085,2456,4394533738.886861
0.225,0.25,0.3,0.225,88.64412207271896,3.2189457089382314,6.768956174143926,0.345802913776306,0.44337651483493523,1.3432178287030527,2393,4482206103.635948
0.2,0.3,0.225,0.275,89.53116249854563,3.232268532147252,6.767240687455629,0.2923832750383354,0.4478453483689086,1.3755644425076214,2483,4526558124.927281
0.15,0.35,0.275,0.225,96.43056385837838,3.3329809351265824,6.764129723266077,0.2784333315406103,0.4354142127993718,1.346656263588496,2547,4871528192.918919
0.25,0.2,0.275,0.275,88.99332495574751,3.2242011792918595,6.761440152173123,0.3168674117615763,0.4499575911789652,1.3017587227670573,2358,4499666247.787375
0.25,0.375,0.15,0.225,90.83854894849414,3.2517438721791985,6.7563497548794595,0.33788557663629615,0.4403960396039604,1.3870356464041431,2525,4591927447.424706
0.225,0.375,0.225,0.175,95.27088107896542,3.3163995115602907,6.748600185281712,0.26770907318424475,0.4399684044233807,1.4555698496942915,2532,4813544053.948271
0.4,0.3,0.15,0.15,88.88606800566788,3.2225884496708534,6.743605612607463,0.44350199216404435,0.4419866444073456,1.450623835245537,2396,4494303400.283394
0.175,0.45,0.15,0.225,94.02059480969497,3.2983697968539554,6.7416319054376475,0.2569761281257211,0.43482868244436595,1.3526885054535387,2831,4751029740.484749
0.375,0.275,0.05,0.3,86.13664183025081,3.1807934494814454,6.7390238673654155,0.3705799359534681,0.4525862068965517,1.4376171412923364,2320,4356832091.512541
0.35,0.325,0.125,0.2,87.16394819052103,3.1965134042836185,6.735251117752209,0.27673263161559786,0.4444444444444444,1.4247951534261576,2430,4408197409.5260515
0.275,0.225,0.275,0.225,82.87528247237073,3.130037172289696,6.7345093132131515,0.3452000947200211,0.4487510766580534,1.316779905769712,2322,4193764123.6185365
0.175,0.4,0.175,0.25,92.76175316576555,3.280053032745342,6.7298099643019675,0.31192947322143133,0.4340239912758997,1.367437807397649,2751,4688087658.288278
0.4,0.25,0.05,0.3,83.83989449317198,3.145187022608562,6.726438772138391,0.32193632317914284,0.4560559685177088,1.391307543686093,2287,4241994724.6585994
0.15,0.475,0.125,0.25,92.6858842499296,3.2789437746645245,6.722531105456093,0.24709933703346224,0.4302859159901165,1.327443423922592,2833,4684294212.49648
0.175,0.5,0.15,0.175,96.12896579935303,3.328681579068453,6.718037744337513,0.29279390246288106,0.4313655761024182,1.4466430191474688,2812,4856448289.967651
0.175,0.375,0.25,0.2,95.69721115434864,3.3225109843825944,6.7133716646101975,0.39578113367524054,0.44026635330983155,1.3840455809857826,2553,4834860557.717432
0.3,0.25,0.225,0.225,84.0542812962345,3.1485381830007357,6.707048644921188,0.345802913776306,0.44917756221003796,1.3332300352691053,2371,4252714064.8117256
0.2,0.425,0.2,0.175,98.81389836090382,3.3666418084691765,6.706617874170752,0.35233435701758586,0.4376192293017932,1.4301423808286946,2621,4990694918.045191
0.175,0.375,0.2,0.25,91.11411664226368,3.2558247517351155,6.703644255477009,0.28591762636543266,0.43819364714887105,1.3501628156344947,2613,4605705832.113184
0.25,0.375,0.075,0.3,83.79999778238361,3.144562747036211,6.702970049635304,0.38024643992861534,0.4413495488426834,1.362825152229181,2549,4239999889.1191807
0.275,0.4,0.125,0.2,90.10420299836164,3.240828145905156,6.700032482331001,0.32383063352219216,0.43764614185502726,1.3847761358786774,2566,4555210149.918082
0.3,0.3,0.2,0.2,84.51110853817704,3.155659913321485,6.699681408857367,0.29639404656345586,0.44283347141673574,1.395632623277871,2414,4275555426.908852
0.375,0.3,0.15,0.175,85.01392651673338,3.163468780727996,6.698202534742654,0.37820185731762634,0.4416842105263158,1.4311908832384033,2375,4300696325.836669
0.375,0.325,0.125,0.175,84.89531433159424,3.1616295114175292,6.69348581036722,0.32138178070724305,0.44686192468619246,1.4585469956298671,2390,4294765716.5797114
0.25,0.4,0.1,0.25,87.68328536747448,3.2044130070222865,6.692650439439673,0.2754045881109795,0.43735498839907194,1.38169325461277,2586,4434164268.373724
0.275,0.275,0.175,0.275,83.58707809236206,3.141227749509426,6.6832809314141235,0.3403287223836716,0.44254787676935886,1.3335785818868666,2402,4229353904.618103
0.275,0.25,0.25,0.225,83.69902733874713,3.142981940228778,6.676518743730832,0.345802913776306,0.4521410579345088,1.3217657836528836,2382,4234951366.9373565
0.325,0.475,0.05,0.15,92.21305329156127,3.2720168475515896,6.675347662076141,0.37815252310085273,0.4410011918951132,1.4996317805291484,2517,4660652664.578063
0.15,0.475,0.225,0.15,94.24497108992546,3.301617232339942,6.673161050376223,0.2841543527687048,0.4323189926547744,1.4443472680607636,2859,4762248554.496273
0.25,0.25,0.2,0.3,82.87178671750046,3.1299820543599397,6.670027848508625,0.32193632317914284,0.44924496644295303,1.367803477309474,2384,4193589335.875023
0.4,0.25,0.2,0.15,100.75079028538455,3.3935971410412797,6.661099760572468,0.3842457521971633,0.44232558139534883,1.4417976231180798,2150,5087539514.269228
0.2,0.275,0.275,0.25,83.69424234359137,3.1429069939166228,6.658362244722862,0.39396369307710144,0.44672131147540983,1.3575108322373262,2440,4234712117.179569
0.15,0.425,0.15,0.275,89.14108210698699,3.2264207368024955,6.6526455965650975,0.2538108870988515,0.4297842235585426,1.3076027169361364,2827,4507054105.349349
0.3,0.225,0.225,0.25,85.08934219458133,3.1646373234721787,6.6478581463130775,0.42894036575487926,0.4497466216216216,1.3212150588790899,2368,4304467109.729067
0.35,0.275,0.2,0.175,83.86957106406449,3.1456512512240726,6.641723622338528,0.38009644302263945,0.4424445374633738,1.359391378470437,2389,4243478553.2032247
0.175,0.5,0.075,0.25,86.5938806151077,3.18780564064922,6.639102925026125,0.24709808667269628,0.43261648745519715,1.4053388092556474,2790,4379694030.755384
0.375,0.25,0.15,0.225,81.11464561575073,3.102076998701911,6.629200075711451,0.35513158127173555,0.4489883770985794,1.3574609904599517,2323,4105732280.7875366
0.2,0.275,0.25,0.275,83.27132735663581,3.136271569134326,6.624639381957524,0.3448861932608237,0.44642857142857145,1.346192276774396,2464,4213566367.8317904
0.15,0.475,0.1,0.275,86.492174407914,3.1862480350701263,6.618787066969153,0.2559144797049319,0.43048694424841216,1.342173930262552,2834,4374608720.3957
0.35,0.25,0.1,0.3,79.63093708265814,3.078196476748025,6.609525285338479,0.32193632317914284,0.4509466437177281,1.384672282483773,2324,4031546854.132907
0.15,0.425,0.25,0.175,92.71512179643413,3.279371320904307,6.605104968368918,0.28286426708142437,0.4309234073013601,1.3950103303000996,2794,4685756089.821707
0.4,0.2,0.1,0.3,81.38099853511862,3.1063328676062616,6.599115843593851,0.38552079860096694,0.45503840939900586,1.3915012058340452,2213,4119049926.7559314
0.175,0.4,0.25,0.175,94.54692336469013,3.305979239942059,6.598488117657669,0.33178719512869653,0.4402006172839506,1.4387185780108434,2592,4777346168.234507
0.2,0.3,0.275,0.225,81.25065310295366,3.104251338775854,6.597814057997386,0.36499574233229015,0.4439443535188216,1.3424750795318319,2444,4112532655.147683
0.35,0.375,0.1,0.175,86.33276486815228,3.1838042387381797,6.5973943614114186,0.26770907318424475,0.4425357873210634,1.500451708255522,2445,4366638243.407614
0.275,0.4,0.075,0.25,83.63453288384437,3.141971535806598,6.596735586694797,0.3156237785092679,0.43908135461268977,1.3818743229409705,2569,4231726644.192219
0.275,0.275,0.3,0.15,82.88663927067648,3.1302162253300247,6.5927948171956645,0.37158081400925724,0.44625,1.3662706057560328,2400,4194331963.533824
0.4,0.275,0.175,0.15,82.22016595965509,3.119680486105861,6.592136459563448,0.45387973694384326,0.44572649572649575,1.391186604685974,2340,4161008297.982754
0.325,0.275,0.2,0.2,79.44487251348671,3.075180716066063,6.589092038276618,0.350231113678232,0.4473352916491817,1.3220669847158089,2383,4022243625.6743355
0.225,0.325,0.15,0.3,82.58024983154117,3.1253798553334455,6.587772017544041,0.3551848301903623,0.4454691259021652,1.3292526615525735,2494,4179012491.5770583
0.25,0.45,0.025,0.275,83.95864296586798,3.147043934720789,6.5831766840547985,0.323587284533115,0.4416697726425643,1.3876162751294472,2683,4247932148.293399
0.2,0.475,0.05,0.275,83.89497085922855,3.1460484908888873,6.581905674833079,0.2552801458375799,0.4314369073668855,1.368580142065093,2742,4244748542.961427
0.35,0.4,0.1,0.15,86.53179731073854,3.1868549963751933,6.580377136134125,0.3052548242618326,0.4404229361529077,1.5122608677655764,2459,4376589865.536927
0.4,0.2,0.125,0.275,79.11532584994899,3.069827720086434,6.572370805866994,0.3787468096053351,0.4570155902004454,1.3191613105878846,2245,4005766292.4974494
0.225,0.35,0.175,0.25,82.91170800194773,3.1306114045025675,6.56613001393287,0.2835285892124399,0.44285714285714284,1.3312297095154533,2520,4195585400.0973864
0.175,0.5,0.05,0.275,81.42051445545006,3.1069634679672324,6.564682751537609,0.2649230771823559,0.4310406913935902,1.3813520791702947,2777,4121025722.7725034
0.175,0.475,0.175,0.175,91.29446307646583,3.2584910094305384,6.561019448806514,0.29280526628502457,0.4353356890459364,1.4107279690244159,2830,4614723153.823292
0.3,0.25,0.2,0.25,79.39366491391502,3.0743499041432525,6.560497065527227,0.37601597084122235,0.45063829787234044,1.3708491892666521,2350,4019683245.695751
0.15,0.475,0.15,0.225,89.23262399456792,3.2277946072517025,6.5599517985037155,0.2668511128465147,0.43394237526352775,1.4583976883567034,2846,4511631199.728395
0.225,0.2,0.3,0.275,80.84429868416483,3.0977477048847275,6.557190245112666,0.3168674117615763,0.45122985581000846,1.2893898873544576,2358,4092214934.2082415
0.15,0.45,0.225,0.175,90.51634851625214,3.2469618387838146,6.5563998040480085,0.28864149959612045,0.43112513144058884,1.4277553412801607,2853,4575817425.812607
0.3,0.275,0.2,0.225,78.93137737643532,3.0668332384393935,6.555775007820192,0.29225485220422265,0.44735729386892176,1.320418992099044,2365,3996568868.8217664
0.3,0.3,0.175,0.225,80.18470404596103,3.0871441100893735,6.555195198447234,0.37128587251325734,0.44439834024896263,1.33710227066385,2410,4059235202.2980514
0.2,0.35,0.275,0.175,84.69058259750742,3.1584507562057365,6.553003252654877,0.27185121849553784,0.43992015968063874,1.3696834285852124,2505,4284529129.875371
0.35,0.275,0.075,0.3,79.60673441444632,3.0778044643449594,6.549967829280746,0.3705799359534681,0.45012787723785164,1.3954400882398506,2346,4030336720.722316
0.325,0.45,0.075,0.15,91.15502915058569,3.256429916881056,6.549225702901229,0.40843063337786323,0.44210107441305213,1.5034541186818553,2513,4607751457.5292845
0.25,0.475,0.025,0.25,84.81933890054991,3.1604504850014727,6.545822984530526,0.3131524541500689,0.43943870014771047,1.413080461800382,2708,4290966945.0274954
0.25,0.275,0.3,0.175,81.03359805376645,3.100780133901834,6.544552874158666,0.36730384005093847,0.4386401326699834,1.3608348284944487,2412,4101679902.6883225
0.375,0.2,0.125,0.3,80.14893236977449,3.0865673756416143,6.540361474688289,0.3676516155245067,0.4526967285587975,1.3680637141825531,2262,4057446618.488724
0.325,0.4,0.125,0.15,85.90484448587658,3.177229059224766,6.536931252820767,0.3052548242618326,0.43730031948881787,1.4712972065286478,2504,4345242224.293829
0.15,0.5,0.125,0.225,86.98869643256931,3.1938405244561885,6.535135726535862,0.2964214227821725,0.43110795454545453,1.394516604398953,2816,4399434821.628466
0.325,0.4,0.1,0.175,88.44714484652569,3.215975078800021,6.5321167316136215,0.3182043626438793,0.4417202572347267,1.473484621934846,2488,4472357242.326284
0.35,0.225,0.125,0.3,78.93022923415043,3.0668145332242256,6.530678641687369,0.3675215477699739,0.45672031317964334,1.3508770652028732,2299,3996511461.707522
0.175,0.45,0.175,0.2,91.96932383949783,3.26843690203311,6.521201325367039,0.29586224613128576,0.4332981344596973,1.4314322848823322,2841,4648466191.974892
0.325,0.25,0.125,0.3,76.6104971954351,3.0286429342568617,6.519320294214537,0.32193632317914284,0.45113102859581733,1.3620396231666316,2343,3880524859.771755
0.15,0.25,0.3,0.3,80.73276376644756,3.0959587692409247,6.512161167597211,0.3139346562771904,0.4445354072861236,1.3417178294757144,2443,4086638188.322378
0.4,0.275,0.1,0.225,75.14807303630636,3.0041782462231774,6.512150132983103,0.3304889585266024,0.4460215053763441,1.3725993878811076,2325,3807403651.8153176
0.35,0.25,0.25,0.15,94.93812817761082,3.3116166780887264,6.510260184817952,0.32575284411442845,0.44055299539170506,1.3560262853698493,2170,4796906408.880541
0.375,0.275,0.125,0.225,76.12565035395625,3.020566993417016,6.501622405163235,0.32719707392855185,0.44633008061094614,1.347800492979859,2357,3856282517.697812
0.325,0.3,0.225,0.15,80.26498637479791,3.0884378458732904,6.501019241121315,0.4265179287888051,0.4434854089601315,1.4104581734891537,2433,4063249318.739896
0.275,0.3,0.175,0.25,80.26369670067854,3.0884170698669706,6.491220193439776,0.3124877067279741,0.44627418690819265,1.3130339991008904,2429,4063184835.033927
0.225,0.375,0.25,0.15,86.34076440106074,3.1839269462253865,6.490623169028077,0.28863341057230973,0.4399684044233807,1.4543800420062747,2532,4367038220.053037
0.25,0.475,0.125,0.15,87.03896162658644,3.194607521853646,6.489060563059327,0.3755795476272346,0.4336115326251897,1.4397218453719864,2636,4401948081.329322
0.4,0.275,0.075,0.25,76.17328941600056,3.021362028542658,6.485003908747146,0.39396369307710144,0.44814004376367617,1.4101704350771354,2285,3858664470.800028
0.4,0.3,0.125,0.175,78.05128102163616,3.0524410290275137,6.483469193651196,0.36996546156573795,0.4415749364944962,1.4154617982402207,2362,3952564051.081808
0.225,0.25,0.25,0.275,78.3902256039372,3.0579966220790107,6.482526668552793,0.40812978337817707,0.44937759336099586,1.3494812049434834,2410,3969511280.19686
0.225,0.3,0.25,0.225,78.18444897324353,3.054625693833003,6.472407002612437,0.37128587251325734,0.44258275439313444,1.323001954593746,2447,3959222448.6621766
0.3,0.25,0.15,0.3,75.68485256828994,3.0131947573114397,6.465392386154528,0.32193632317914284,0.4517637059073523,1.3399262721963228,2353,3834242628.4144974
0.175,0.3,0.225,0.3,80.73904363137594,3.0960595375941162,6.464451552033145,0.2827574582917404,0.4402086677367576,1.3256663922604606,2492,4086952181.568797
0.3,0.25,0.3,0.15,92.4775545249572,3.2758947003605936,6.463024893036037,0.280106995273952,0.43707093821510296,1.3585818016144426,2185,4673877726.24786
0.2,0.475,0.15,0.175,86.51860101112166,3.1866528703172863,6.461459966087405,0.29280526628502457,0.43423423423423424,1.449947292733019,2775,4375930050.556083
0.175,0.475,0.15,0.2,87.69416627584543,3.2045781790301193,6.457066193726822,0.28099276120088534,0.43461265103056146,1.3840338741986506,2814,4434708313.792272
0.225,0.375,0.2,0.2,82.04385115557679,3.116883678769602,6.455594044022996,0.2752713369826323,0.4379391100702576,1.3285144352738902,2562,4152192557.778839
0.325,0.25,0.275,0.15,91.65044650780325,3.2637435228931757,6.4533312114612,0.2908532429230363,0.4394845835250805,1.3689482084686722,2173,4632522325.390162
0.325,0.225,0.15,0.3,77.09639262486762,3.0367020056607004,6.447874242665285,0.3675215477699739,0.45226781857451404,1.312993161157831,2315,3904819631.243381
0.4,0.375,0.075,0.15,83.10296664638514,3.1336237341788005,6.445028102034301,0.28863341057230973,0.43929173693086004,1.5184753394551673,2372,4205148332.319257
0.2,0.425,0.225,0.15,88.51192806748477,3.216952570358111,6.4391701012308715,0.299702103980171,0.43694562283069804,1.4107634344981452,2593,4475596403.374239
0.225,0.475,0.1,0.2,87.7900897477601,3.2060337000902397,6.437973893583509,0.28099276120088534,0.43725278676734985,1.3849236321222287,2781,4439504487.388005
0.25,0.4,0.15,0.2,82.744608161623,3.1279757540670694,6.435823841457476,0.3154642880737479,0.4405785770132916,1.3615416779376277,2558,4187230408.08115
0.225,0.425,0.1,0.25,80.69305652994355,3.0953214946678385,6.435363790420601,0.30919870205399014,0.43471754582865696,1.3217275442476628,2673,4084652826.497177
0.35,0.425,0.05,0.175,83.83348648239264,3.1450867680331642,6.42972254507506,0.35624265111252246,0.44567445674456746,1.4871405602921655,2439,4241674324.1196322
0.4,0.225,0.15,0.225,73.28862390259845,2.97260610596886,6.429487059158033,0.42286000145725183,0.44731088762571053,1.3119859865807415,2287,3714431195.1299224
0.35,0.375,0.125,0.15,82.30513106327078,3.1210268135707837,6.42635699650069,0.28863341057230973,0.4424959216965742,1.473670800862172,2452,4165256553.163539
0.3,0.45,0.05,0.2,85.44077037280896,3.1700734374772965,6.425492814838847,0.35274384262074837,0.4462809917355372,1.4768957993735128,2541,4322038518.640448
0.25,0.425,0.15,0.175,84.86779865703018,3.16120259072315,6.422776756507803,0.28286426708142437,0.43839320200849746,1.3797597735900533,2589,4293389932.8515086
0.2,0.225,0.3,0.275,76.0960963265066,3.020073606625827,6.421938383644245,0.420819767506744,0.4501043841336117,1.364462331577384,2395,3854804816.32533
0.275,0.225,0.25,0.25,76.33321291615597,3.024028510216424,6.418360437314398,0.43683605073497983,0.4527112232030265,1.2873626540666716,2379,3866660645.807799
0.3,0.45,0.075,0.175,87.64722133949915,3.2038654571573364,6.418017730495139,0.28864149959612045,0.44317284925019734,1.5238702166581743,2534,4432361066.974957
0.15,0.45,0.25,0.15,85.86783580054963,3.176659371786683,6.416687717625161,0.2829978691051353,0.43370067543547813,1.3893935396802155,2813,4343391790.027481
0.3,0.275,0.175,0.25,77.28111274729375,3.0397568346331845,6.414677959393482,0.39396369307710144,0.44569757727652465,1.3557133916641841,2394,3914055637.3646874
0.225,0.3,0.225,0.25,77.35034301989126,3.040900475274504,6.398692941286432,0.3124877067279741,0.4435813573180703,1.3026449311343387,2446,3917517150.994563
0.275,0.275,0.275,0.175,75.64489046717486,3.012524978023359,6.396941207683797,0.33503849453401063,0.44111527257594674,1.3158061305415045,2403,3832244523.358743
0.275,0.375,0.175,0.175,81.31819561282049,3.1053302269093592,6.38871183239887,0.26770907318424475,0.4388202471104026,1.4060731560053052,2509,4115909780.6410246
0.35,0.275,0.225,0.15,76.04519705992638,3.019223572363207,6.381292613592203,0.4451359568993943,0.4461343472750317,1.3591853669115157,2367,3852259852.996319
0.175,0.25,0.3,0.275,77.48910055263086,3.043190596034595,6.376069824260917,0.40812978337817707,0.44631147540983607,1.3472127964236822,2440,3924455027.631543
0.3,0.325,0.2,0.175,77.53184827800692,3.0438955703620083,6.375674687011371,0.32138178070724305,0.44471644226846185,1.376278103992428,2451,3926592413.900346
0.175,0.4,0.225,0.2,81.3627802384958,3.106042068327951,6.3755937977458315,0.32509011018127776,0.43926288078224895,1.3874986667639368,2659,4118139011.92479
0.225,0.5,0.025,0.25,79.7449515074641,3.0800421015973107,6.3691076805929665,0.30214073009975784,0.4308529945553539,1.4253727437574124,2755,4037247575.3732047
0.375,0.25,0.125,0.25,70.78929055637109,2.9293112843165106,6.367628382094382,0.4039540337213548,0.4489795918367347,1.3561192026044588,2303,3589464527.818554
0.2,0.4,0.2,0.2,81.48743140608399,3.1080308690975933,6.364607694393459,0.27432301435436635,0.4357476635514019,1.3636041969085635,2568,4124371570.304199
0.325,0.275,0.25,0.15,74.1495741784974,2.9872904310717088,6.3644451693211535,0.40905257715233606,0.44804375262936474,1.3596551931559522,2377,3757478708.9248705
0.2,0.325,0.275,0.2,76.07150528556153,3.019662975913854,6.361062300745661,0.2817244253572226,0.4406099518459069,1.3268881395442762,2492,3853575264.278076
0.25,0.325,0.125,0.3,75.979027807123,3.0181179534635802,6.360155381537983,0.3805650431603773,0.4445344129554656,1.3332827640374403,2470,3848951390.35615
0.225,0.35,0.25,0.175,78.47689308015846,3.059414587124066,6.356574208448813,0.27185121849553784,0.44057623049219685,1.3655269796840341,2499,3973844654.007923
0.4,0.3,0.1,0.2,71.86228754657728,2.9480218750264218,6.34961030559693,0.29639404656345586,0.4423743500866551,1.408616848086004,2308,3643114377.3288636
0.3,0.275,0.125,0.3,73.51798417530652,2.97652931991117,6.344893240313659,0.3705799359534681,0.45048056832427913,1.3529307829015662,2393,3725899208.7653265
0.375,0.2,0.15,0.275,72.61449712579505,2.9610272707276906,6.344352383869916,0.38985831058631487,0.4528301886792453,1.290538519074478,2279,3680724856.2897525
0.15,0.5,0.1,0.25,78.19101563928184,3.0547333575492424,6.333945548966409,0.2615525668258044,0.4282707821816906,1.3440235302814156,2851,3959550781.9640923
0.325,0.2,0.2,0.275,74.388583489228,2.9913466657211267,6.330688330452244,0.34433350794913264,0.452862677572105,1.2673336886034905,2323,3769429174.4613996
0.275,0.45,0.05,0.225,78.00785054652228,3.051727996573267,6.328463895911512,0.33385279461699197,0.439766081871345,1.3831541330299804,2565,3950392527.326114
0.3,0.475,0.05,0.175,81.16575722544047,3.10289440257686,6.327231388557237,0.35405652405096344,0.44391971664698937,1.4512370321899355,2541,4108287861.2720237
0.175,0.25,0.275,0.3,74.23202140147086,2.988690635044274,6.326451229419878,0.32662024430026365,0.44603434178250206,1.3356767755713206,2446,3761601070.073543
0.25,0.225,0.275,0.25,74.16273594330777,2.9875140277920025,6.323977158248998,0.4174678714669961,0.44926315789473686,1.2771972821267832,2375,3758136797.165388
0.2,0.475,0.1,0.225,78.19300425848347,3.0547659607409123,6.321450366554669,0.2668511128465147,0.4321822712709149,1.383002746190386,2809,3959650212.9241734
0.175,0.275,0.3,0.25,76.28008413760212,3.023143084613217,6.320926194528122,0.3900046632979711,0.44380639868744876,1.334596285617075,2438,3864004206.8801055
0.375,0.275,0.1,0.25,71.47318856703166,2.941258669369828,6.320395197848852,0.39396369307710144,0.4486021505376344,1.3781819298000524,2325,3623659428.351583
0.225,0.425,0.15,0.2,79.67850840276122,3.0789667598629196,6.319139847792594,0.26770907318424475,0.43953934740882916,1.398198917009281,2605,4033925420.1380615
0.225,0.25,0.275,0.25,71.1143687770607,2.934999855474459,6.316924889322885,0.37601597084122235,0.44467816575515356,1.3317145982979586,2377,3605718438.8530354
0.35,0.275,0.15,0.225,71.47135643756651,2.941226765507,6.313165765287357,0.29952774134551186,0.44533898305084746,1.3291777858510492,2360,3623567821.8783255
0.325,0.25,0.2,0.225,72.53492498520521,2.9596557860426467,6.303202413006646,0.345802913776306,0.4459574468085106,1.3062609804762444,2350,3676746249.2602606
0.325,0.35,0.15,0.175,74.5089538621555,2.9933861658366765,6.297738511499261,0.27185121849553784,0.43935091277890465,1.3789643430163065,2465,3775447693.1077747
0.35,0.25,0.125,0.275,71.70556311793561,2.945300696495643,6.29082850258023,0.40812978337817707,0.4538031800601633,1.3838092676350342,2327,3635278155.8967805
0.2,0.375,0.125,0.3,73.73810381744293,2.9802867607742005,6.285091600918376,0.40591317252206865,0.4414792222645825,1.3150601603033045,2623,3736905190.8721466
0.25,0.45,0.15,0.15,81.02073125861149,3.100574168594415,6.277242631462976,0.3548482890137637,0.43690065209052553,1.4060469891978105,2607,4101036562.9305744
0.175,0.475,0.125,0.225,77.04620690124932,3.0358712054474157,6.268105019365821,0.2668511128465147,0.43416370106761565,1.371204771035243,2810,3902310345.062466
0.325,0.3,0.2,0.175,72.4119865583079,2.9575348665111636,6.267528161443538,0.3524194051110247,0.44098360655737706,1.3473282635645545,2440,3670599327.915395
0.325,0.275,0.15,0.25,72.03473050398362,2.951011377925316,6.265926273006072,0.39396369307710144,0.44435075885328834,1.3257677897628803,2372,3651736525.1991816
0.25,0.3,0.275,0.175,72.199781643541,2.95386824399609,6.265699937643882,0.3358667717635422,0.4416222859483818,1.3274974672650137,2441,3659989082.17705
0.325,0.325,0.175,0.175,73.39748344610126,2.9744691766108167,6.265452473978333,0.32138178070724305,0.4408381265406738,1.3856404468883583,2434,3719874172.3050632
0.3,0.2,0.2,0.3,71.64292700252477,2.944212041411257,6.2651196405399245,0.365129342891821,0.4516267123287671,1.30721843457514,2336,3632146350.126239
0.375,0.225,0.15,0.25,69.74772657895717,2.910966083994367,6.259375607229565,0.4693596440134421,0.4532590051457976,1.2874021071776243,2332,3537386328.9478583
0.2,0.475,0.175,0.15,81.44181698559183,3.107303331342721,6.2510949862548335,0.2842262937342393,0.43413929989173583,1.4123582424603935,2771,4122090849.2795916
0.275,0.25,0.225,0.25,69.59229095359119,2.9082126635623897,6.247927169739196,0.37601597084122235,0.44717138103161397,1.318462681695982,2404,3529614547.6795597
0.3,0.25,0.175,0.275,70.68530302758226,2.927487901809257,6.246057347845869,0.40812978337817707,0.45095541401273886,1.3410027401489628,2355,3584265151.379113
0.225,0.2,0.275,0.3,69.90481950891076,2.913744687098144,6.244314893286187,0.3514871681517642,0.4479254868755292,1.2814179028921953,2362,3545240975.445538
0.2,0.425,0.175,0.2,77.38285890933297,3.041437380272786,6.2397690540896305,0.26770907318424475,0.4356060606060606,1.40433953247074,2640,3919142945.4666486
0.375,0.425,0.025,0.175,76.42448863729061,3.0255487144114737,6.234639490989239,0.3591171789998584,0.4431678292983176,1.4738268230324583,2437,3871224431.86453
0.15,0.5,0.175,0.175,79.62878071740847,3.0781615531871616,6.232425930516832,0.29279390246288106,0.42872191011235955,1.3986199372131873,2848,4031439035.870424
0.2,0.5,0.05,0.25,74.60483826903719,2.99500920610181,6.231762228988289,0.24709808667269628,0.42826321467098166,1.3662948791339733,2781,3780241913.4518595
0.275,0.45,0.125,0.15,78.07698286089509,3.0528628710253667,6.226110668335203,0.4147553489013891,0.4357281553398058,1.4152105913850728,2575,3953849143.0447545
0.275,0.275,0.225,0.225,68.89576197724338,2.895823326730106,6.224925413750133,0.29225485220422265,0.44602510460251044,1.3022654326710008,2390,3494788098.862169
0.225,0.275,0.275,0.225,69.05665981330314,2.8986926859314646,6.2239191201546165,0.29225485220422265,0.44439834024896263,1.3142880164405013,2410,3502832990.6651573
0.35,0.45,0.025,0.175,77.41919062695004,3.0420371134611814,6.223153955508138,0.2918810783153228,0.4425963488843813,1.4453662021915519,2465,3920959531.3475018
0.225,0.325,0.275,0.175,73.14423596368215,2.9701321210789176,6.221422217101057,0.32138178070724305,0.4424778761061947,1.3242626299840456,2486,3707211798.184108
0.175,0.3,0.3,0.225,72.00825585813067,2.950552720599603,6.221237942896192,0.35152615189174014,0.4419642857142857,1.2924676465663532,2464,3650412792.9065332
0.4,0.4,0.025,0.175,76.80485854368271,3.0318707200503763,6.216829562116552,0.3182043626438793,0.44073455759599334,1.467835512993752,2396,3890242927.184136
0.275,0.3,0.225,0.2,70.60580937451418,2.926092797243735,6.215841684849879,0.29639404656345586,0.43907476249483685,1.32925921692875,2421,3580290468.725709
0.225,0.475,0.15,0.15,77.82557152243528,3.048732468387181,6.211838177305198,0.36063101014433324,0.43394077448747154,1.3825694542731894,2634,3941278576.121764
0.4,0.275,0.025,0.3,69.57746512223741,2.9079498203416296,6.2062433317051955,0.3705799359534681,0.45271453590192645,1.4113174863599753,2284,3528873256.111871
0.35,0.4,0.05,0.2,74.42477286939483,2.9919600744782646,6.205742542595507,0.3296088038068579,0.43897477624084624,1.3746386834497868,2458,3771238643.4697413
0.325,0.45,0.025,0.2,77.18662416789594,3.038194832493156,6.201567219542069,0.34574233019863326,0.4432410750100281,1.4767943124469833,2493,3909331208.3947973
0.35,0.25,0.175,0.225,70.31157262078787,2.920919796068819,6.199697111395901,0.345802913776306,0.4474691620586984,1.313455798174978,2351,3565578631.0393934
0.4,0.4,0.05,0.15,73.76834051504882,2.980802313088282,6.191209267170007,0.3052548242618326,0.4356312292358804,1.4584528826624965,2408,3738417025.752441
0.2,0.25,0.3,0.25,67.66099682574414,2.873652367282108,6.190331334912053,0.37601597084122235,0.447029497299543,1.3220240781191361,2407,3433049841.2872066
0.25,0.3,0.25,0.2,70.09168859647289,2.917044515583481,6.185161127846682,0.29639404656345586,0.4399504746182418,1.3251680672688346,2423,3554584429.8236446
0.2,0.5,0.1,0.2,74.16978702753188,2.9876338031580993,6.18476091454645,0.28890474986233905,0.4326750448833034,1.3539567570672892,2785,3758489351.376594
0.2,0.375,0.275,0.15,75.95268170470175,3.0176775578626893,6.1788717183224895,0.28863341057230973,0.43846458250890386,1.4127311751706269,2527,3847634085.2350874
0.3,0.3,0.225,0.175,69.58064682577428,2.9080062310803583,6.170144798713405,0.3358667717635422,0.4408381265406738,1.332318724517432,2434,3529032341.288714
0.275,0.275,0.2,0.25,70.39025254619433,2.9223044935243276,6.168890721192742,0.39396369307710144,0.4453255425709516,1.3270026448038688,2396,3569512627.3097167
0.275,0.325,0.2,0.2,69.62065477950121,2.908715413734872,6.166195280576071,0.27673263161559786,0.4388663967611336,1.3350821186813338,2470,3531032738.9750605
0.25,0.5,0.1,0.15,73.07630004115838,2.968966954134758,6.16246361283401,0.43120993297535243,0.43314285714285716,1.3820388055209145,2625,3703815002.0579185
0.225,0.4,0.225,0.15,75.31649349882483,3.007011914054143,6.159186867303535,0.3052548242618326,0.4356667970277669,1.390353482110684,2557,3815824674.9412413
0.25,0.45,0.075,0.225,72.00895487701786,2.950564832134752,6.158231796802101,0.3461692139139431,0.4403528960490986,1.3673549144131303,2607,3650447743.850893
0.25,0.225,0.25,0.275,67.35556042737508,2.8681263155679715,6.153101090349197,0.420819767506744,0.44837758112094395,1.324507812474687,2373,3417778021.3687544
0.175,0.275,0.25,0.3,70.17564255506583,2.9185250974338564,6.152128090503935,0.3359055828999961,0.44413295955146176,1.3039558311101094,2497,3558782127.753292
0.25,0.35,0.225,0.175,73.50160010873638,2.976249342455887,6.1482528018114,0.27185121849553784,0.4372501998401279,1.3406623874871337,2502,3725080005.436819
0.175,0.475,0.1,0.25,72.06396767307844,2.9515177629956852,6.146767908865265,0.24709933703346224,0.43080754180007114,1.297635541275556,2811,3653198383.6539216
0.25,0.25,0.25,0.25,65.8619109193616,2.84085822504007,6.145321876301832,0.37601597084122235,0.44837758112094395,1.3127535475110983,2373,3343095545.9680805
0.325,0.275,0.1,0.3,68.88047252987359,2.8955504300201436,6.14038890020368,0.3705799359534681,0.4477987421383648,1.3739173392204014,2385,3494023626.4936795
0.35,0.225,0.2,0.225,67.27684975440188,2.8666995379495783,6.140147052626123,0.4108256838827936,0.4495213228894691,1.2769063761499777,2298,3413842487.720094
0.375,0.375,0.075,0.175,72.25130959191416,2.954759242927784,6.139405763926663,0.27012168506710044,0.43729096989966554,1.4451037958133435,2392,3662565479.5957084
0.175,0.375,0.3,0.15,77.6607973120611,3.0460205549508608,6.1374580948566555,0.28863341057230973,0.43628423977768954,1.3882458821713406,2519,3933039865.603055
0.175,0.35,0.3,0.175,73.76616319905561,2.9807651933898502,6.130344498374482,0.27185121849553784,0.43502598960415834,1.3359388390771907,2501,3738308159.9527807
0.3,0.425,0.1,0.175,73.90179838917291,2.9830761513828334,6.124469299108508,0.324123012891113,0.4402540690750298,1.3980874559110834,2519,3745089919.4586453
0.375,0.4,0.075,0.15,71.6122859664217,2.9436792484854,6.122427233939471,0.3052548242618326,0.4337899543378995,1.462967541574532,2409,3630614298.3210845
0.375,0.225,0.175,0.225,65.9102742471132,2.841747599658579,6.1214642423758985,0.42175041421432813,0.4455100261551874,1.2868154003680916,2294,3345513712.35566
0.4,0.25,0.1,0.25,62.809264349906044,2.7838136152112,6.116576055780041,0.4036756420521057,0.45148427115640233,1.3597144435285329,2257,3190463217.495302
0.225,0.325,0.25,0.2,67.76470121125725,2.8755248190712046,6.10917411464921,0.27673263161559786,0.44016064257028115,1.323461187901826,2490,3438235060.5628624
0.275,0.275,0.15,0.3,66.96696342498542,2.8610713790858116,6.106237365167162,0.3705799359534681,0.4483333333333333,1.3343169917621165,2400,3398348171.249271
0.2,0.475,0.125,0.2,76.02537600598008,3.0188924510568835,6.105189901230118,0.31638027712789746,0.43223052294557096,1.3468328027974477,2811,3851268800.299004
0.175,0.425,0.2,0.2,76.34719638587791,3.024261485076585,6.100508954565302,0.3062472112556948,0.43216984526808205,1.3887700440607142,2779,3867359819.2938952
0.225,0.5,0.075,0.2,72.66669694699917,2.961926425930298,6.091331543529619,0.28890474986233905,0.4316441851986876,1.3672523236743883,2743,3683334847.3499584
0.35,0.3,0.175,0.175,68.01952973026945,2.8801177779151237,6.089777289634276,0.4009037229699267,0.44064303380049463,1.3479775744595632,2426,3450976486.513473
0.4,0.225,0.125,0.25,65.52161127298275,2.834587906580738,6.084594981718473,0.455294765303509,0.45037166593790995,1.290331431114947,2287,3326080563.6491375
0.275,0.5,0.075,0.15,70.82298178008787,2.929901662232036,6.083310965064127,0.3915702659660803,0.4343277799302596,1.3520655527414907,2581,3591149089.0043936
0.375,0.25,0.225,0.15,79.32867728575367,3.0732950015572698,6.0768366249617864,0.3799961410563264,0.43949930458970793,1.3559112630276688,2157,4016433864.2876835
0.2,0.3,0.3,0.2,67.174401104812,2.8648407894793078,6.069170974928614,0.29639404656345586,0.43870438704387044,1.309501042606804,2439,3408720055.2406
0.35,0.425,0.025,0.2,70.51310378633842,2.9244644942012576,6.059010688268648,0.26770907318424475,0.44357495881383857,1.4565439266743367,2428,3575655189.3169208
0.3,0.275,0.275,0.15,66.34052659593831,2.849640529369966,6.056231621574481,0.3862639815759811,0.44607637431808644,1.306384595888809,2383,3367026329.7969155
0.3,0.425,0.125,0.15,72.38558406916326,2.957079058922118,6.054423079194993,0.38257785733467736,0.43974713551955746,1.4715220825279798,2531,3669279203.458163
0.35,0.4,0.075,0.175,72.39644964599472,2.957266653686156,6.051515864582292,0.3182043626438793,0.43844580777096115,1.4332828842362297,2445,3669822482.299736
0.175,0.425,0.225,0.175,72.22381368959898,2.9542838487497756,6.050963147858683,0.28286426708142437,0.4385443743037505,1.3864760022775664,2693,3661190684.479949
0.275,0.25,0.2,0.275,66.32930163199282,2.849435044882933,6.0459302172176494,0.40812978337817707,0.4481745698699119,1.3131888306176176,2383,3366465081.599641
0.15,0.3,0.25,0.3,70.54329200870244,2.9249948848051455,6.044801186856934,0.4052554235515384,0.4454691259021652,1.295547456825875,2494,3577164600.435122
0.225,0.425,0.175,0.175,72.1458549921167,2.9529353110070145,6.03470494435944,0.28286426708142437,0.4374273537388609,1.3729914290373215,2581,3657292749.605835
0.275,0.3,0.2,0.225,65.47541651423866,2.8337350480712833,6.031146751399739,0.37128587251325734,0.4432006633499171,1.3067563917342269,2412,3323770825.711933
0.3,0.225,0.2,0.275,63.58819896605821,2.798542821580855,6.0290056571614485,0.43219419954913363,0.4504237288135593,1.3161758189148298,2360,3229409948.3029103
0.3,0.375,0.175,0.15,71.2429254726912,2.9372446699524946,6.026176465219411,0.28863341057230973,0.4408343361411953,1.4105258854177536,2493,3612146273.6345596
0.325,0.425,0.05,0.2,69.22633401787846,2.901713708880122,6.0209585733283895,0.2821200664481823,0.4405960531614982,1.4243803867548894,2483,3511316700.893923
0.15,0.4,0.275,0.175,74.09800977175152,2.986414180135101,6.013717795272786,0.29585394440743357,0.43310911808669655,1.397991036665624,2676,3754900488.587576
0.35,0.3,0.2,0.15,67.2853800684249,2.8668542197923177,6.010381257497199,0.4423957905057883,0.4434389140271493,1.3588027580021538,2431,3414269003.4212446
0.225,0.275,0.2,0.3,65.62238669652703,2.8364470499551477,6.006666733702041,0.3705799359534681,0.4468349193214729,1.3419283984262211,2417,3331119334.826351
0.225,0.25,0.225,0.3,63.098679604639784,2.7893004877869503,5.995945232965115,0.32193632317914284,0.44582814445828145,1.2947148925901018,2409,3204933980.2319894
0.2,0.5,0.15,0.15,70.31374853257198,2.9209581041618358,5.995273193291262,0.3510063035226884,0.42750797589507267,1.3529830084076366,2821,3565687426.628599
0.35,0.275,0.125,0.25,63.54191711327401,2.7976710429814426,5.990317302084605,0.39396369307710144,0.44383213225943197,1.3281620750179475,2359,3227095855.6637006
0.275,0.3,0.25,0.175,64.52265789420473,2.816054433692383,5.98554325139364,0.3434345977150326,0.4423714759535655,1.344568463300172,2412,3276132894.7102365
0.25,0.325,0.25,0.175,66.3681847376687,2.8501467406946834,5.983974730671553,0.32138178070724305,0.4434389140271493,1.3351532665942023,2431,3368409236.8834352
0.275,0.3,0.275,0.15,65.40785331783707,2.832486954589009,5.981159439303361,0.40496770918531894,0.4425287356321839,1.3453063011415352,2436,3320392665.8918533
0.3,0.475,0.025,0.2,69.28542352441538,2.9027646234369207,5.977541040644698,0.35140126304838987,0.44382691544263597,1.3978661717214966,2519,3514271176.220769
0.25,0.275,0.225,0.25,64.1006283116118,2.808166832478413,5.974848232149874,0.39396369307710144,0.443981674302374,1.3048133521097156,2401,3255031415.5805902
0.375,0.3,0.175,0.15,65.35480880826672,2.831506459464988,5.973485816844231,0.44545177522817986,0.4427257525083612,1.375235789456245,2392,3317740440.4133363
0.3,0.4,0.15,0.15,67.89814649005793,2.877931440259056,5.970811365303706,0.3052548242618326,0.43621236133122027,1.3934739898216808,2524,3444907324.5028963
0.35,0.25,0.15,0.25,60.69873083024414,2.743280427938294,5.969511183834954,0.4180846533316881,0.4477547495682211,1.3135642640340195,2316,3084936541.512207
0.275,0.475,0.05,0.2,69.7601491128717,2.9111859619257943,5.9670690520223015,0.3464881340980466,0.44279578289730576,1.4135532065888545,2561,3538007455.6435847
0.25,0.25,0.225,0.275,63.72485577609447,2.801114453860192,5.961811127514924,0.40812978337817707,0.4497907949790795,1.3277029343084001,2390,3236242788.8047237
0.275,0.425,0.1,0.2,67.58545917346488,2.872287274091771,5.9602585841948095,0.30706432744175016,0.4414519906323185,1.3773406308462575,2562,3429272958.6732445
0.25,0.425,0.125,0.2,69.12143313284645,2.8998465512100853,5.9496660222961815,0.26770907318424475,0.43524904214559385,1.3495794063329498,2610,3506071656.6423225
0.2,0.5,0.075,0.225,67.72285317803427,2.87476945612294,5.946154100713565,0.2964214227821725,0.43212996389891695,1.3537389271427276,2770,3436142658.9017134
0.3,0.425,0.075,0.2,67.49217702827305,2.8706000967716894,5.934061752041843,0.29956819249678873,0.4381139489194499,1.3972866925518914,2545,3424608851.4136524
0.35,0.2,0.15,0.3,61.23913684337446,2.7537477014321743,5.9241925453337645,0.3927723421894045,0.4506736201651456,1.274420266525064,2301,3111956842.168723
0.275,0.225,0.225,0.275,61.88172376949749,2.766114043448795,5.917611526507094,0.420819767506744,0.4499579478553406,1.291189914087436,2378,3144086188.4748745
0.325,0.2,0.175,0.3,62.34209773293029,2.7749210420545576,5.916537289187865,0.36386636605069206,0.45419018671298306,1.275517816468999,2303,3167104886.6465144
0.175,0.35,0.175,0.3,64.9988181887364,2.8249123654024384,5.907354528204469,0.3940307904673081,0.4387832699619772,1.2855981699753285,2630,3299940909.43682
0.25,0.3,0.3,0.15,63.39750337954138,2.7949480885788214,5.905178467322699,0.4244945832004325,0.4409221902017291,1.3414810019551668,2429,3219875168.977069
0.325,0.375,0.15,0.15,67.20317655859512,2.865363060549262,5.9047182493274075,0.28863341057230973,0.43933897621926643,1.3765756993054787,2481,3410158827.929756
0.225,0.5,0.1,0.175,68.01512154616498,2.8800384240886436,5.9042906440424,0.29279390246288106,0.4277456647398844,1.3534049137413615,2768,3450756077.3082485
0.4,0.425,0.025,0.15,67.95642230791293,2.8789814225094967,5.9012626326531255,0.3157604389851438,0.4350891746163418,1.4492438634970315,2411,3447821115.3956466
0.225,0.4,0.175,0.2,65.60285584506937,2.8360868867962945,5.899408644305942,0.2848468050005267,0.4358674463937622,1.34061480937132,2565,3330142792.2534685
0.225,0.5,0.125,0.15,68.1532698454821,2.8825236614077823,5.898440701460987,0.3884932919826948,0.4334779464931309,1.3675931020103396,2766,3457663492.274105
0.325,0.25,0.15,0.275,61.88428278574213,2.7661631186255495,5.897587521681184,0.40812978337817707,0.4514066496163683,1.3117368294671519,2346,3144214139.2871065
0.325,0.275,0.175,0.225,59.45701448017625,2.7189909169006,5.895108646799085,0.32958946454655474,0.44740177439797213,1.2953030472560048,2367,3022850724.0088124
0.3,0.225,0.175,0.3,62.08059247701428,2.7699237806172565,5.89029595051797,0.3675215477699739,0.4514066496163683,1.257189955120523,2346,3154029623.8507137
0.175,0.325,0.3,0.2,63.82386697026726,2.802975359212917,5.879290838769112,0.2690237902394979,0.4344882516925528,1.292440208313928,2511,3241193348.513363
0.175,0.45,0.225,0.15,71.3755034973329,2.9395568610515745,5.874203798713667,0.30015661123138265,0.43102215868477484,1.3538633727959433,2798,3618775174.866645
0.275,0.475,0.075,0.175,66.87761403504707,2.8594453754262172,5.860799375178863,0.3184362921131287,0.4385150812064965,1.3659628076467891,2586,3393880701.7523537
0.225,0.275,0.225,0.275,60.83828246441856,2.745989392232533,5.858851802019322,0.3403287223836716,0.44255495644960596,1.2649770180236293,2411,3091914123.220928
0.3,0.3,0.25,0.15,61.580695304312,2.7603316133176925,5.851780470770368,0.4169297713856715,0.44156378600823043,1.3330034567000226,2430,3129034765.2156
0.35,0.45,0.05,0.15,67.68120417992327,2.8740173752640663,5.849171967820631,0.40843063337786323,0.4386035313001605,1.423747077268592,2492,3434060208.996164
0.375,0.375,0.1,0.15,64.43942913125032,2.8145016537873846,5.848682316531597,0.28863341057230973,0.44137353433835846,1.443317617519483,2388,3271971456.5625157
0.175,0.425,0.25,0.15,70.29165492581507,2.92056909744253,5.843040580233758,0.299702103980171,0.4381852551984877,1.4101217679831406,2645,3564582746.2907534
0.175,0.45,0.2,0.175,70.0565161370318,2.916423873428818,5.8355005975847005,0.32570882772761894,0.4318101310662416,1.3694260317729834,2823,3552825806.8515906
0.325,0.425,0.075,0.175,65.5120886164394,2.8344121300049308,5.821937552977757,0.324123012891113,0.4387019230769231,1.3840958926111881,2496,3325604430.82197
0.375,0.325,0.15,0.15,61.96769556068018,2.7677620126816382,5.815395634206405,0.36142462848554335,0.4458730817088345,1.4414422570721026,2411,3148384778.034009
0.275,0.5,0.025,0.2,64.66907948502549,2.8187829364581902,5.807243473415474,0.28890474986233905,0.4375244810027419,1.4183812907052384,2553,3283453974.2512746
0.4,0.225,0.1,0.275,57.46523329979402,2.6793108119261073,5.799865266519706,0.4423832376982349,0.450354609929078,1.3378578065230446,2256,2923261664.9897013
0.175,0.475,0.2,0.15,66.90972485688478,2.8600299039923462,5.798377070041401,0.29703281923749736,0.4292768959435626,1.3433398692772907,2835,3395486242.844239
0.15,0.4,0.3,0.15,67.73726144800355,2.8750295627307243,5.79802642213435,0.3052548242618326,0.43170450173143515,1.3537553718411937,2599,3436863072.4001775
0.3,0.475,0.075,0.15,65.21889748588109,2.8289917882946045,5.785811034332825,0.38480504856603626,0.439281530652089,1.3954493447158982,2561,3310944874.2940545
0.225,0.45,0.175,0.15,65.15772020574772,2.8278587231267314,5.76947506359026,0.3935162170136243,0.4345146379044684,1.383693232207715,2596,3307886010.287386
0.35,0.475,0.025,0.15,64.70333792093804,2.8194207304021903,5.762370216720426,0.3807723281370309,0.4379214597381991,1.3905764927151505,2521,3285166896.0469017
0.25,0.45,0.125,0.175,64.35009641629209,2.8128334993005457,5.762277526206713,0.28864149959612045,0.4345812427634118,1.3633555507964144,2591,3267504820.8146048
0.2,0.325,0.3,0.175,60.92294842793316,2.7476308956349764,5.760264186910184,0.3153612886372065,0.4406021155410903,1.2893948285609727,2458,3096147421.396658
0.275,0.4,0.175,0.15,62.88803709950633,2.785308699461573,5.7583771068737875,0.3052548242618326,0.43549027391822154,1.3629555096377883,2519,3194401854.9753165
0.325,0.25,0.175,0.25,57.06486943976087,2.671224266418148,5.7555289568306245,0.41164445760128077,0.4484076433121019,1.2915458302823515,2355,2903243471.9880433
0.175,0.5,0.1,0.225,62.00908487475733,2.7685548474670285,5.754982531729161,0.2964214227821725,0.4305157593123209,1.325157893535853,2792,3150454243.7378664
0.225,0.275,0.25,0.25,59.24321208112637,2.714774538699885,5.749689763585574,0.39396369307710144,0.4425144747725393,1.2778831927367365,2418,3012160604.0563188
0.2,0.25,0.275,0.275,57.974393362382095,2.689540625531472,5.735078657550883,0.40812978337817707,0.44618556701030926,1.2908220783042228,2425,2948719668.119105
0.25,0.3,0.225,0.225,57.25173416916731,2.6750032598986953,5.717352337505925,0.37128587251325734,0.44128553770086526,1.2706524641848729,2427,2912586708.4583654
0.275,0.425,0.125,0.175,61.59625167490381,2.760630897083487,5.696791331735488,0.31119001287299625,0.4375,1.3254496397151516,2576,3129812583.7451906
0.25,0.5,0.025,0.225,60.36091234884755,2.7367054345816726,5.679934881707586,0.2964214227821725,0.43301258327165065,1.3598574464088802,2702,3068045617.4423776
0.275,0.475,0.1,0.15,61.5714775705121,2.760154252584167,5.673746643139654,0.3474126061448588,0.43138010794140325,1.3438382909101372,2594,3128573878.525605
0.275,0.325,0.225,0.175,58.17541226440472,2.6935628752151364,5.664609641145628,0.32138178070724305,0.441452468380253,1.3017229183516703,2451,2958770613.220236
0.3,0.4,0.125,0.175,61.32669136872463,2.7554377468682447,5.663891500774265,0.3847804908149502,0.4373765310154089,1.3756447131111325,2531,3116334568.4362316
0.275,0.325,0.25,0.15,57.60108016258419,2.6820460902811427,5.662172193199426,0.33150359926927997,0.4409127954360228,1.4078261302980215,2454,2930054008.1292095
0.3,0.45,0.1,0.15,62.80625606429999,2.7837564939442565,5.658349811123688,0.40843063337786323,0.4367816091954023,1.387482925514642,2523,3190312803.214999
0.325,0.225,0.2,0.25,56.32830497044821,2.6562475742019016,5.653398697853739,0.46031920477356963,0.4505727619855749,1.2215233025579153,2357,2866415248.5224104
0.3,0.375,0.15,0.175,58.91062645455018,2.708195380474538,5.652741491463088,0.26770907318424475,0.43725178713264495,1.3236741535882501,2518,2995531322.727509
0.275,0.45,0.1,0.175,61.339932232819784,2.7556931917900016,5.649093785478103,0.28864149959612045,0.4393175649476541,1.3502846485488003,2579,3116996611.6409893
0.225,0.475,0.075,0.225,59.57822794560888,2.72137685605937,5.647783619659916,0.2668511128465147,0.4310595065312046,1.347911564262168,2756,3028911397.280444
0.2,0.5,0.125,0.175,59.76152779556879,2.724978732987759,5.643596871567164,0.29279390246288106,0.4286225402504472,1.346977815983321,2795,3038076389.7784395
0.225,0.3,0.3,0.175,55.287168622142524,2.6348531824259513,5.615297924523566,0.3358667717635422,0.43408624229979464,1.282300813810774,2435,2814358431.107126
0.2,0.45,0.15,0.2,62.16188929453222,2.7714788365369136,5.615183852523527,0.3771070878705156,0.43399638336347196,1.3749630625256026,2765,3158094464.726611
0.225,0.45,0.125,0.2,60.94636950893635,2.748084714038664,5.614812606887987,0.40586329534482934,0.43798882681564244,1.3639707865011874,2685,3097318475.4468174
0.35,0.325,0.175,0.15,57.19074461219827,2.6737707660119705,5.612209415961617,0.362675053574592,0.44239442394423945,1.3948562211298239,2439,2909537230.609914
0.4,0.325,0.125,0.15,55.62413656600694,2.6418067904749276,5.589834506416105,0.41928663459258486,0.4434561626429479,1.4471367041926062,2361,2831206828.300347
0.25,0.325,0.225,0.2,55.65309050551446,2.6424029648614793,5.583219582423993,0.27673263161559786,0.4394853236831524,1.2773147439646486,2487,2832654525.275723
0.2,0.275,0.225,0.3,54.87177245516006,2.6262420888219262,5.57774456581083,0.37318784497151586,0.4489051094890511,1.2825698746037746,2466,2793588622.758003
0.325,0.225,0.175,0.275,52.77800648901384,2.5821629859258133,5.573902199026987,0.4457980848659226,0.4516824849007765,1.3077527127814224,2318,2688900324.450692
0.225,0.4,0.2,0.175,59.44520728249451,2.718758332868517,5.566925116882839,0.29585394440743357,0.43558994197292067,1.3289485846838027,2585,3022260364.1247253
0.375,0.45,0.025,0.15,58.87714749275047,2.7075317305551083,5.5612653102550205,0.40843063337786323,0.4354707792207792,1.3807020740146851,2464,2993857374.637523
0.375,0.425,0.05,0.15,57.0588260870586,2.6711019128678712,5.508705661540476,0.32237350870831105,0.437192118226601,1.422086985150888,2436,2902941304.35293
0.275,0.475,0.025,0.225,55.36365259990626,2.6364339691087237,5.50633679428934,0.2668511128465147,0.43855516293678837,1.3907288545655065,2547,2818182629.995313
0.2,0.45,0.2,0.15,60.8758106948144,2.7467171778278803,5.497998848567932,0.3585005460427133,0.4314318095957688,1.3397590507486359,2647,3093790534.74072
0.15,0.425,0.275,0.15,58.38285363015972,2.697703907428777,5.488624186587613,0.299702103980171,0.42950108459869846,1.3282275249288396,2766,2969142681.507986
0.275,0.35,0.2,0.175,54.863974889785474,2.626080031080837,5.4868979858080476,0.27185121849553784,0.43594875900720576,1.3032168575051812,2498,2793198744.4892735
0.225,0.225,0.275,0.275,50.23294796323138,2.5269828541585433,5.450771155353526,0.420819767506744,0.44472256987901543,1.2705483534018975,2397,2561647398.161569
0.25,0.4,0.175,0.175,56.32767129975326,2.6562346335082188,5.442809131961731,0.3913629551048809,0.4354142127993718,1.3524047730246744,2547,2866383564.9876633
0.25,0.45,0.1,0.2,54.6060406592645,2.6207106634338393,5.420058246850774,0.33386777710597365,0.43894009216589863,1.3449814651738168,2604,2780302032.963225
0.275,0.45,0.075,0.2,55.36277127089262,2.636415761925584,5.417702790133443,0.31339545069560976,0.44024436807941963,1.3342244190089307,2619,2818138563.544631
0.25,0.275,0.175,0.3,50.35318687889009,2.5296312246340036,5.413892451268039,0.3705799359534681,0.4448559670781893,1.2873283217062372,2430,2567659343.9445047
0.2,0.45,0.175,0.175,55.18712335404076,2.63278322035738,5.399198705668709,0.32043744208879743,0.4334077380952381,1.3596491659907566,2688,2809356167.702038
0.25,0.475,0.075,0.2,53.26431017354622,2.5925035405466623,5.387552546012192,0.34469629343076463,0.4374286801065044,1.3211719123724266,2629,2713215508.677311
0.3,0.5,0.025,0.175,52.80766589960632,2.5827954670552185,5.377427324701898,0.29279390246288106,0.436608557844691,1.3654822248918852,2524,2690383294.980316
0.225,0.475,0.125,0.175,53.534734566530545,2.59822649614688,5.363406129872821,0.42745426526503577,0.43309988942130484,1.3488051954478362,2713,2726736728.326527
0.25,0.375,0.225,0.15,54.56603757700069,2.619876411279463,5.353918661122243,0.28863341057230973,0.43345252284465635,1.311277979848283,2517,2778301878.8500347
0.25,0.5,0.05,0.2,52.408320382002614,2.5742595294002104,5.328433045034946,0.28890474986233905,0.43252336448598133,1.3295363031628518,2675,2670416019.1001306
0.375,0.225,0.125,0.275,46.25611344252108,2.4369006926108376,5.308620767327735,0.4539682356507421,0.4485776805251641,1.2743011750445228,2285,2362805672.126054
0.325,0.425,0.1,0.15,51.2296802983423,2.5488105579822307,5.255542446591102,0.38257785733467736,0.436971405557793,1.3691431917505117,2483,2611484014.917115
0.275,0.375,0.2,0.15,51.27944265585061,2.549892867840065,5.254887502019727,0.28863341057230973,0.43516659975913285,1.315954111895094,2491,2613972132.7925305
0.225,0.425,0.2,0.15,52.047404874636975,2.5665076199166696,5.24580603987644,0.299702103980171,0.43312836279784783,1.3366339097837503,2602,2652370243.7318487
0.25,0.325,0.275,0.15,46.59151791662321,2.444692869698615,5.177539523819,0.31849780517421467,0.43996743996744,1.3259193513844427,2457,2379575895.8311605
0.325,0.35,0.175,0.15,47.81787221923867,2.472869987620966,5.150983726696445,0.3708962269497641,0.4402592142567841,1.3285487573156245,2469,2440893610.9619336
0.275,0.425,0.15,0.15,49.289039763169534,2.506044189865972,5.1410302387142455,0.3640161609987484,0.4344612991054065,1.3323760569117118,2571,2514451988.158477
0.35,0.425,0.075,0.15,48.866077404103024,2.4965749044811893,5.13689177174906,0.38257785733467736,0.43633414436334145,1.3585369634307485,2466,2493303870.205151
0.275,0.4,0.15,0.175,48.959370974094334,2.498668241623143,5.135253716334765,0.3847804908149502,0.4346978557504873,1.2985586365799204,2565,2497968548.7047167
0.25,0.475,0.1,0.175,46.5980722247286,2.444844768127566,5.091425155982085,0.3381247007498308,0.4333715158457426,1.29366859067917,2619,2379903611.2364297
0.25,0.425,0.175,0.15,47.43196798316066,2.4640557338939995,5.091010963631405,0.3524060679342722,0.4318535825545171,1.339526487780269,2568,2421598399.158033
0.275,0.5,0.05,0.175,46.29107095196307,2.437714583352899,5.078669693331505,0.29279390246288106,0.43666927286942925,1.3354610355677352,2558,2364553547.5981536
0.3,0.325,0.225,0.15,44.76952639285049,2.401904010589346,5.071569728225833,0.3439713073839552,0.4392828035859821,1.3443793151703842,2454,2288476319.6425242
0.225,0.325,0.3,0.15,44.27797533196688,2.3901622798888242,5.069438524118274,0.3184537168490951,0.4377542717656631,1.3081368253584889,2458,2263898766.598344
0.325,0.325,0.2,0.15,43.59287694796046,2.3736518225114116,5.029631295197374,0.3460291372547466,0.43610547667342797,1.3158373122962586,2465,2229643847.398023
0.35,0.225,0.15,0.275,40.30861118928841,2.2920129663618436,4.989997917481282,0.4572370248227954,0.44885627967198966,1.2448916701350292,2317,2065430559.4644208
0.175,0.4,0.275,0.15,46.145756287221104,2.434328637141039,4.958268399051666,0.4462698283027445,0.43452615021628,1.3263795845325939,2543,2357287814.3610554
0.25,0.475,0.05,0.225,41.84346220599674,2.330694708503831,4.902459713712917,0.40506605946632906,0.4349146110056926,1.32782931945185,2635,2142173110.2998369
0.4,0.35,0.1,0.15,41.145541159964814,2.3132243241561863,4.8614288035069,0.39683470966646806,0.4377104377104377,1.3402725212418705,2376,2107277057.9982407
0.35,0.35,0.15,0.15,41.35914311589572,2.318591966464939,4.846541831326449,0.39126495164377,0.4415002038320424,1.310004861622419,2453,2117957155.794786
0.25,0.5,0.075,0.175,40.31182959070461,2.2920950913767775,4.8140506411117725,0.3641560629975129,0.428997390980246,1.2850125035308884,2683,2065591479.5352306
0.25,0.35,0.25,0.15,41.031951993459714,2.310362386323158,4.813653886642094,0.3708962269497641,0.4410339256865913,1.314197591039102,2476,2101597599.6729856
0.275,0.35,0.225,0.15,41.06654803815733,2.311234607797926,4.784832784291753,0.3708962269497641,0.43623890234059726,1.286409259678624,2478,2103327401.9078665
0.2,0.35,0.3,0.15,38.30865801314381,2.2401147775591275,4.671814430936251,0.36531995837677944,0.4368932038834951,1.2794019883499332,2472,1965432900.6571908
0.225,0.35,0.275,0.15,37.97117718296293,2.2311813380254404,4.668596216846778,0.3708962269497641,0.43925985518905875,1.2826571351325413,2486,1948558859.1481466
0.375,0.35,0.125,0.15,36.95450765807315,2.203947166924713,4.645440226719277,0.38876109346658155,0.44165621079046424,1.31225690558269,2391,1897725382.9036574
0.3,0.35,0.2,0.15,35.72126301290439,2.1702374265337183,4.554978760022769,0.3708962269497641,0.4398695474928659,1.2843410112878675,2453,1836063150.6452193
0.3,0.2,0.275,0.225,8.523363877274468,1.057841459924607,2.231575887664447,0.5341797140797264,0.4261294261294261,1.2247513485249366,1638,476168193.8637234
0.275,0.2,0.3,0.225,7.304280728249924,0.9695342819262383,2.0815334160018404,0.5341797140797264,0.4210850801479655,1.1997466739295664,1622,415214036.4124962
0.375,0.2,0.2,0.225,6.792340619238309,0.9298120612421628,2.0132180753153706,0.5440767619967478,0.4245460237946149,1.1943382201049688,1597,389617030.96191543
0.3,0.2,0.3,0.2,2.4609630335593944,0.48817035218507554,2.0009121705605653,0.17680156791451385,0.43948126801152737,1.5147275827622246,694,173048151.67796972
0.35,0.2,0.225,0.225,6.255364176770956,0.8861921124797913,1.9394837433532093,0.5341797140797264,0.42545227698066124,1.1730620285473348,1603,362768208.8385478
0.325,0.2,0.25,0.225,6.180207173186117,0.8799135920048426,1.9286794218567265,0.5341797140797264,0.42501555693839455,1.1766474979113815,1607,359010358.6593059
0.325,0.2,0.3,0.175,2.3292231013771523,0.46979214510898926,1.8642490263250588,0.16174301707544803,0.43593519882179677,1.475685321334112,679,166461155.0688576
0.4,0.2,0.175,0.225,5.396288913416271,0.8115938231247033,1.8117874633393876,0.5341797140797264,0.4170403587443946,1.162382034258299,1561,319814445.67081356
0.325,0.225,0.3,0.15,2.254374454993583,0.4591293513541863,1.7810982699214903,0.17535608742145425,0.4279475982532751,1.4410784653314357,687,162718722.74967915
0.35,0.225,0.275,0.15,1.6859080568633265,0.3721336063987728,1.572899686454625,0.18067279765331598,0.4383561643835616,1.478975798979335,657,134295402.84316632
0.35,0.2,0.3,0.15,1.7816377806601726,0.38760709694604323,1.5552781098660542,0.16971651358852632,0.4444444444444444,1.4201020973508822,684,139081889.03300864
0.325,0.2,0.275,0.2,1.6996519529345369,0.3743779382678434,1.5455121119233273,0.16854290596107052,0.4310595065312046,1.3729321856733374,689,134982597.64672685
0.4,0.225,0.225,0.15,1.6277473625237113,0.36254877535181795,1.5238008201249278,0.2782103932328695,0.44126984126984126,1.5139786565467195,630,131387368.12618557
0.375,0.225,0.25,0.15,1.5232870954296531,0.34496522229568294,1.406197229336,0.20397730250604845,0.4462025316455696,1.404117282753746,632,126164354.77148266
0.4,0.2,0.25,0.15,1.4142274335535443,0.3260711847005897,1.3991900407103723,0.1801861662286364,0.4288,1.4525269122883766,625,120711371.67767721
0.375,0.2,0.25,0.175,1.422540870340181,0.3275316371707995,1.3722009717508392,0.20222470213203808,0.43134087237479807,1.437884945594727,619,121127043.51700905
0.35,0.2,0.275,0.175,1.4201897959572303,0.3271189611250722,1.357086041834287,0.155134807714831,0.42962962962962964,1.3907876945626332,675,121009489.79786152
0.375,0.2,0.225,0.2,1.3572306329819703,0.31596511022937634,1.335036376709196,0.19882305737089156,0.4385432473444613,1.3582562768965987,659,117861531.64909852
0.4,0.2,0.225,0.175,1.3607074009600824,0.3165863027486686,1.3282193819722012,0.24827018411964433,0.4326465927099842,1.4016662721544444,631,118035370.04800412
0.35,0.2,0.25,0.2,1.2829968392795474,0.3025505443560119,1.2302185320272372,0.18322185145878267,0.4350453172205438,1.3403663108136796,662,114149841.96397737
0.375,0.2,0.275,0.15,1.2470216445725057,0.29594271565062913,1.1954807012357538,0.18204418477126735,0.4341906202723147,1.3739077559202442,661,112351082.22862528
0.4,0.2,0.2,0.2,1.1547635249836952,0.2786617041854429,1.1343768489925632,0.19788044831231072,0.43206106870229005,1.3179106546521668,655,107738176.24918476
0.3,0.225,0.3,0.175,0.16941844757899047,0.051390865437802136,0.638431405945653,0.9085240460151633,0.41766109785202865,1.0136356891242932,1257,58470922.37894952
0.325,0.225,0.275,0.175,0.12650455081709772,0.03887922527910459,0.6144303909391028,0.9118314154479493,0.4171974522292994,1.0111267285905354,1256,56325227.540854886
0.4,0.225,0.2,0.175,-0.043055664163761734,-0.01399333507492262,0.5291366096081443,0.9162843078141545,0.41127694859038144,1.0009831648841765,1206,47847216.79181191
0.35,0.225,0.25,0.175,-0.20394381262976854,-0.07043052798436156,0.4312548345273216,0.9142261127701822,0.41459369817578773,0.9911453951702778,1206,39802809.36851157
0.375,0.225,0.225,0.175,-0.3220474081473711,-0.11702284707956967,0.3605277088473441,0.9190869727421245,0.4115702479338843,0.9838984916958832,1210,33897629.592631444
