날짜,종목코드,종목명,매매,수량,가격,금액,사유,손익,수익률,거래비용,국면
2023-01-02,293580,나우IB,BUY,3906,1280,4999680,"리밸런싱 매수 (1위, 66.4점)",0,0.0000,6250,하락
2023-01-02,032190,다우데이타,BUY,161,30950,4982950,"리밸런싱 매수 (2위, 65.1점)",0,0.0000,6229,하락
2023-01-02,006110,삼아알미늄,BUY,120,41650,4998000,"리밸런싱 매수 (3위, 65.0점)",0,0.0000,6248,하락
2023-01-02,071970,HD현대마린엔진,BUY,706,7080,4998480,"리밸런싱 매수 (4위, 64.8점)",0,0.0000,6248,하락
2023-01-02,004360,세방,BUY,169,29550,4993950,"리밸런싱 매수 (5위, 64.8점)",0,0.0000,6242,하락
2023-01-02,017390,서울가스,BUY,11,433000,4763000,"리밸런싱 매수 (6위, 64.2점)",0,0.0000,5954,하락
2023-01-02,010470,오리콤,BUY,316,15800,4992800,"리밸런싱 매수 (7위, 63.7점)",0,0.0000,6241,하락
2023-01-02,207760,미스터블루,BUY,1545,3235,4998075,"리밸런싱 매수 (8위, 63.1점)",0,0.0000,6248,하락
2023-01-02,091810,티웨이항공,BUY,2142,2334,4999428,"리밸런싱 매수 (9위, 63.0점)",0,0.0000,6249,하락
2023-01-02,068050,팬엔터테인먼트,BUY,954,5240,4998960,"리밸런싱 매수 (10위, 62.9점)",0,0.0000,6249,하락
2023-01-02,207760,미스터블루,SELL,1545,3882,5997690,목표 익절 도달 (20.0%),992118,0.2000,7497,하락
2023-01-03,071970,HD현대마린엔진,SELL,706,6620,4673720,[리밸런싱] 긴급 매도 (점수 64.1 < 65.0),-330602,-0.0650,5842,하락
2023-01-03,004360,세방,SELL,169,33050,5585450,[리밸런싱] 긴급 매도 (점수 64.5 < 65.0),584518,0.1184,6982,하락
2023-01-03,017390,서울가스,SELL,11,434500,4779500,[리밸런싱] 긴급 매도 (점수 63.9 < 65.0),10526,0.0035,5974,하락
2023-01-03,010470,오리콤,SELL,316,15500,4898000,[리밸런싱] 긴급 매도 (점수 63.5 < 65.0),-100922,-0.0190,6122,하락
2023-01-03,091810,티웨이항공,SELL,2142,2419,5181498,[리밸런싱] 긴급 매도 (점수 63.7 < 65.0),175593,0.0364,6477,하락
2023-01-03,068050,팬엔터테인먼트,SELL,954,5340,5094360,[리밸런싱] 긴급 매도 (점수 64.3 < 65.0),89032,0.0191,6368,하락
2023-01-03,004360,세방,BUY,162,32000,5184000,"리밸런싱 매수 (4위, 64.5점)",0,0.0000,6480,하락
2023-01-03,068050,팬엔터테인먼트,BUY,1049,4950,5192550,"리밸런싱 매수 (5위, 64.3점)",0,0.0000,6491,하락
2023-01-03,071970,HD현대마린엔진,BUY,765,6790,5194350,"리밸런싱 매수 (6위, 64.1점)",0,0.0000,6493,하락
2023-01-03,008870,금비,BUY,47,110000,5170000,"리밸런싱 매수 (7위, 64.0점)",0,0.0000,6462,하락
2023-01-03,017390,서울가스,BUY,11,436000,4796000,"리밸런싱 매수 (8위, 63.9점)",0,0.0000,5995,하락
2023-01-03,091810,티웨이항공,BUY,2236,2324,5196464,"리밸런싱 매수 (9위, 63.7점)",0,0.0000,6496,하락
2023-01-03,010470,오리콤,BUY,347,14950,5187650,"리밸런싱 매수 (10위, 63.5점)",0,0.0000,6485,하락
2023-01-04,004360,세방,SELL,162,35200,5702400,[리밸런싱] 긴급 매도 (점수 65.0 < 65.0),511272,0.1000,7128,하락
2023-01-04,068050,팬엔터테인먼트,SELL,1049,5210,5465290,[리밸런싱] 긴급 매도 (점수 63.8 < 65.0),265908,0.0525,6832,하락
2023-01-04,071970,HD현대마린엔진,SELL,765,7090,5423850,[리밸런싱] 긴급 매도 (점수 64.7 < 65.0),222720,0.0442,6780,하락
2023-01-04,008870,금비,SELL,47,112000,5264000,[리밸런싱] 팩터 데이터 없음,87420,0.0182,6580,하락
2023-01-04,017390,서울가스,SELL,11,435500,4790500,[리밸런싱] 긴급 매도 (점수 62.9 < 65.0),-11488,-0.0011,5988,하락
2023-01-04,091810,티웨이항공,SELL,2236,2419,5408884,[리밸런싱] 긴급 매도 (점수 64.3 < 65.0),205659,0.0409,6761,하락
2023-01-04,010470,오리콤,SELL,347,15000,5205000,[리밸런싱] 긴급 매도 (점수 63.4 < 65.0),10844,0.0033,6506,하락
2023-01-04,004360,세방,BUY,160,33400,5344000,"리밸런싱 매수 (4위, 65.0점)",0,0.0000,6680,하락
2023-01-04,071970,HD현대마린엔진,BUY,826,6500,5369000,"리밸런싱 매수 (5위, 64.7점)",0,0.0000,6711,하락
2023-01-04,091810,티웨이항공,BUY,2230,2410,5374300,"리밸런싱 매수 (6위, 64.3점)",0,0.0000,6718,하락
2023-01-04,267270,HD건설기계,BUY,93,57500,5347500,"리밸런싱 매수 (7위, 63.8점)",0,0.0000,6684,하락
2023-01-04,068050,팬엔터테인먼트,BUY,1010,5320,5373200,"리밸런싱 매수 (8위, 63.8점)",0,0.0000,6716,하락
2023-01-04,010470,오리콤,BUY,350,15350,5372500,"리밸런싱 매수 (9위, 63.4점)",0,0.0000,6716,하락
2023-01-04,207760,미스터블루,BUY,1143,4700,5372100,"리밸런싱 매수 (10위, 63.4점)",0,0.0000,6715,하락
2023-01-05,006110,삼아알미늄,SELL,120,39600,4752000,[리밸런싱] 긴급 매도 (점수 64.7 < 65.0),-251940,-0.0492,5940,하락
2023-01-05,004360,세방,SELL,160,36000,5760000,[리밸런싱] 긴급 매도 (점수 64.8 < 65.0),408800,0.0778,7200,하락
2023-01-05,071970,HD현대마린엔진,SELL,826,6680,5517680,[리밸런싱] 긴급 매도 (점수 63.5 < 65.0),141783,0.0277,6897,하락
2023-01-05,091810,티웨이항공,SELL,2230,2476,5521480,[리밸런싱] 긴급 매도 (점수 64.5 < 65.0),140278,0.0274,6902,하락
2023-01-05,267270,HD건설기계,SELL,93,55800,5189400,[리밸런싱] 긴급 매도 (점수 62.3 < 65.0),-164587,-0.0296,6487,하락
2023-01-05,068050,팬엔터테인먼트,SELL,1010,5160,5211600,[리밸런싱] 긴급 매도 (점수 63.3 < 65.0),-168114,-0.0301,6514,하락
2023-01-05,010470,오리콤,SELL,350,14600,5110000,[리밸런싱] 긴급 매도 (점수 63.7 < 65.0),-268888,-0.0489,6388,하락
2023-01-05,207760,미스터블루,SELL,1143,3995,4566285,[리밸런싱] 긴급 매도 (점수 62.7 < 65.0),-811523,-0.1500,5708,하락
2023-01-05,088350,한화생명,BUY,1929,2695,5198655,"리밸런싱 매수 (3위, 65.4점)",0,0.0000,6498,하락
2023-01-05,004360,세방,BUY,146,35500,5183000,"리밸런싱 매수 (4위, 64.8점)",0,0.0000,6479,하락
2023-01-05,006110,삼아알미늄,BUY,125,41450,5181250,"리밸런싱 매수 (5위, 64.7점)",0,0.0000,6477,하락
2023-01-05,091810,티웨이항공,BUY,2100,2476,5199600,"리밸런싱 매수 (6위, 64.5점)",0,0.0000,6500,하락
2023-01-05,010470,오리콤,BUY,343,15150,5196450,"리밸런싱 매수 (7위, 63.7점)",0,0.0000,6496,하락
2023-01-05,071970,HD현대마린엔진,BUY,737,7050,5195850,"리밸런싱 매수 (8위, 63.5점)",0,0.0000,6495,하락
2023-01-05,068050,팬엔터테인먼트,BUY,998,5210,5199580,"리밸런싱 매수 (9위, 63.3점)",0,0.0000,6499,하락
2023-01-05,114090,GKL,BUY,279,18600,5189400,"리밸런싱 매수 (10위, 62.9점)",0,0.0000,6487,하락
2023-01-05,032190,다우데이타,SELL,161,37140,5979540,목표 익절 도달 (20.0%),989116,0.2000,7474,하락
2023-01-06,006110,삼아알미늄,SELL,125,38600,4825000,[리밸런싱] 긴급 매도 (점수 64.4 < 65.0),-362281,-0.0688,6031,횡보
2023-01-06,091810,티웨이항공,SELL,2100,2572,5401200,[리밸런싱] 긴급 매도 (점수 64.6 < 65.0),194848,0.0388,6752,횡보
2023-01-06,010470,오리콤,SELL,343,15450,5299350,[리밸런싱] 긴급 매도 (점수 62.8 < 65.0),96276,0.0198,6624,횡보
2023-01-06,071970,HD현대마린엔진,SELL,737,7040,5188480,[리밸런싱] 긴급 매도 (점수 64.4 < 65.0),-13856,-0.0014,6486,횡보
2023-01-06,068050,팬엔터테인먼트,SELL,998,5030,5019940,[리밸런싱] 긴급 매도 (점수 62.4 < 65.0),-185915,-0.0345,6275,횡보
2023-01-06,114090,GKL,SELL,279,18900,5273100,[리밸런싱] 긴급 매도 (점수 61.6 < 65.0),77109,0.0161,6591,횡보
2023-01-06,032190,다우데이타,BUY,140,37600,5264000,"리밸런싱 매수 (3위, 66.4점)",0,0.0000,6580,횡보
2023-01-06,066980,한성크린텍,BUY,1370,3850,5274500,"리밸런싱 매수 (4위, 66.0점)",0,0.0000,6593,횡보
2023-01-06,091810,티웨이항공,BUY,2139,2467,5276913,"리밸런싱 매수 (6위, 64.6점)",0,0.0000,6596,횡보
2023-01-06,071970,HD현대마린엔진,BUY,783,6740,5277420,"리밸런싱 매수 (7위, 64.4점)",0,0.0000,6597,횡보
2023-01-06,006110,삼아알미늄,BUY,136,38750,5270000,"리밸런싱 매수 (8위, 64.4점)",0,0.0000,6588,횡보
2023-01-06,008870,금비,BUY,45,116000,5220000,"리밸런싱 매수 (9위, 64.0점)",0,0.0000,6525,횡보
2023-01-06,017390,서울가스,BUY,12,432000,5184000,"리밸런싱 매수 (10위, 63.6점)",0,0.0000,6480,횡보
2023-01-09,088350,한화생명,SELL,1929,2845,5488005,[리밸런싱] 긴급 매도 (점수 63.9 < 65.0),282490,0.0557,6860,상승
2023-01-09,071970,HD현대마린엔진,SELL,783,7150,5598450,[리밸런싱] 긴급 매도 (점수 64.4 < 65.0),314032,0.0608,6998,상승
2023-01-09,008870,금비,SELL,45,127000,5715000,[리밸런싱] 긴급 매도 (점수 63.4 < 65.0),487856,0.0948,7144,상승
2023-01-09,017390,서울가스,SELL,12,439000,5268000,[리밸런싱] 긴급 매도 (점수 63.4 < 65.0),77415,0.0162,6585,상승
2023-01-09,068790,DMS,BUY,873,6350,5543550,"리밸런싱 매수 (1위, 66.8점)",0,0.0000,6929,상승
2023-01-09,267270,HD건설기계,BUY,97,57000,5529000,"리밸런싱 매수 (8위, 64.5점)",0,0.0000,6911,상승
2023-01-09,071970,HD현대마린엔진,BUY,787,7040,5540480,"리밸런싱 매수 (9위, 64.4점)",0,0.0000,6926,상승
2023-01-09,227610,아우딘퓨쳐스,BUY,1108,5000,5540000,"리밸런싱 매수 (10위, 64.0점)",0,0.0000,6925,상승
2023-01-10,006110,삼아알미늄,SELL,136,39450,5365200,[리밸런싱] 긴급 매도 (점수 64.2 < 65.0),88494,0.0181,6706,상승
2023-01-10,267270,HD건설기계,SELL,97,57300,5558100,[리밸런싱] 긴급 매도 (점수 62.4 < 65.0),22152,0.0053,6948,상승
2023-01-10,071970,HD현대마린엔진,SELL,787,7340,5776580,[리밸런싱] 긴급 매도 (점수 64.2 < 65.0),228879,0.0426,7221,상승
2023-01-10,227610,아우딘퓨쳐스,SELL,1108,5690,6304520,[리밸런싱] 긴급 매도 (점수 63.5 < 65.0),756639,0.1380,7881,상승
2023-01-10,071970,HD현대마린엔진,BUY,814,7050,5738700,"리밸런싱 매수 (7위, 64.2점)",0,0.0000,7173,상승
2023-01-10,006110,삼아알미늄,BUY,140,40800,5712000,"리밸런싱 매수 (8위, 64.2점)",0,0.0000,7140,상승
2023-01-10,227610,아우딘퓨쳐스,BUY,1042,5510,5741420,"리밸런싱 매수 (9위, 63.5점)",0,0.0000,7177,상승
2023-01-10,017390,서울가스,BUY,13,436500,5674500,"리밸런싱 매수 (10위, 63.3점)",0,0.0000,7093,상승
2023-01-11,071970,HD현대마린엔진,SELL,814,7100,5779400,[리밸런싱] 긴급 매도 (점수 63.5 < 65.0),33476,0.0071,7224,상승
2023-01-11,006110,삼아알미늄,SELL,140,41150,5761000,[리밸런싱] 긴급 매도 (점수 64.9 < 65.0),41799,0.0086,7201,상승
2023-01-11,227610,아우딘퓨쳐스,SELL,1042,5510,5741420,[리밸런싱] 긴급 매도 (점수 64.0 < 65.0),-7177,0.0000,7177,상승
2023-01-11,017390,서울가스,SELL,13,445500,5791500,[리밸런싱] 긴급 매도 (점수 62.9 < 65.0),109761,0.0206,7239,상승
2023-01-11,006110,삼아알미늄,BUY,145,39800,5771000,"리밸런싱 매수 (7위, 64.9점)",0,0.0000,7214,상승
2023-01-11,227610,아우딘퓨쳐스,BUY,1032,5600,5779200,"리밸런싱 매수 (8위, 64.0점)",0,0.0000,7224,상승
2023-01-11,071970,HD현대마린엔진,BUY,795,7270,5779650,"리밸런싱 매수 (9위, 63.5점)",0,0.0000,7225,상승
2023-01-11,008870,금비,BUY,44,128500,5654000,"리밸런싱 매수 (10위, 63.4점)",0,0.0000,7068,상승
2023-01-12,006110,삼아알미늄,SELL,145,39650,5749250,[리밸런싱] 긴급 매도 (점수 60.8 < 65.0),-28937,-0.0038,7187,상승
2023-01-12,227610,아우딘퓨쳐스,SELL,1032,4265,4401480,[리밸런싱] 긴급 매도 (점수 58.8 < 65.0),-1383222,-0.2384,5502,상승
2023-01-12,071970,HD현대마린엔진,SELL,795,7080,5628600,[리밸런싱] 긴급 매도 (점수 63.1 < 65.0),-158086,-0.0261,7036,상승
2023-01-12,008870,금비,SELL,44,118000,5192000,[리밸런싱] 긴급 매도 (점수 63.4 < 65.0),-468490,-0.0817,6490,상승
2023-01-12,008870,금비,BUY,40,129500,5180000,"리밸런싱 매수 (7위, 63.4점)",0,0.0000,6475,상승
2023-01-12,267270,HD건설기계,BUY,89,58900,5242100,"리밸런싱 매수 (8위, 63.4점)",0,0.0000,6553,상승
2023-01-12,071970,HD현대마린엔진,BUY,740,7110,5261400,"리밸런싱 매수 (9위, 63.1점)",0,0.0000,6577,상승
2023-01-12,010470,오리콤,BUY,319,16450,5247550,"리밸런싱 매수 (10위, 62.6점)",0,0.0000,6559,상승
2023-01-13,008870,금비,SELL,40,114500,4580000,[리밸런싱] 긴급 매도 (점수 62.8 < 65.0),-605725,-0.1158,5725,횡보
2023-01-13,267270,HD건설기계,SELL,89,62600,5571400,[리밸런싱] 긴급 매도 (점수 64.0 < 65.0),322336,0.0628,6964,횡보
2023-01-13,071970,HD현대마린엔진,SELL,740,7340,5431600,[리밸런싱] 긴급 매도 (점수 63.3 < 65.0),163410,0.0323,6790,횡보
2023-01-13,010470,오리콤,SELL,319,15800,5040200,[리밸런싱] 긴급 매도 (점수 62.4 < 65.0),-213650,-0.0395,6300,횡보
2023-01-13,267270,HD건설기계,BUY,87,59300,5159100,"리밸런싱 매수 (7위, 64.0점)",0,0.0000,6449,횡보
2023-01-13,071970,HD현대마린엔진,BUY,729,7090,5168610,"리밸런싱 매수 (8위, 63.3점)",0,0.0000,6461,횡보
2023-01-13,175330,JB금융지주,BUY,556,9300,5170800,"리밸런싱 매수 (9위, 63.0점)",0,0.0000,6464,횡보
2023-01-13,008870,금비,BUY,44,116000,5104000,"리밸런싱 매수 (10위, 62.8점)",0,0.0000,6380,횡보
2023-01-16,267270,HD건설기계,SELL,87,60700,5280900,[리밸런싱] 긴급 매도 (점수 63.7 < 65.0),115199,0.0236,6601,상승
2023-01-16,071970,HD현대마린엔진,SELL,729,7260,5292540,[리밸런싱] 긴급 매도 (점수 62.2 < 65.0),117314,0.0240,6616,상승
2023-01-16,008870,금비,SELL,44,112500,4950000,[리밸런싱] 팩터 데이터 없음,-160188,-0.0302,6188,상승
2023-01-16,267270,HD건설기계,BUY,82,63200,5182400,"리밸런싱 매수 (8위, 63.7점)",0,0.0000,6478,상승
2023-01-16,086790,하나금융지주,BUY,103,49900,5139700,"리밸런싱 매수 (9위, 63.5점)",0,0.0000,6425,상승
2023-01-16,008730,율촌화학,BUY,126,41100,5178600,"리밸런싱 매수 (10위, 63.4점)",0,0.0000,6473,상승
2023-01-17,068790,DMS,SELL,873,6660,5814180,[리밸런싱] 긴급 매도 (점수 64.3 < 65.0),263362,0.0488,7268,상승
2023-01-17,267270,HD건설기계,SELL,82,59800,4903600,[리밸런싱] 긴급 매도 (점수 63.4 < 65.0),-284930,-0.0538,6130,상승
2023-01-17,086790,하나금융지주,SELL,103,52200,5376600,[리밸런싱] 긴급 매도 (점수 64.1 < 65.0),230179,0.0461,6721,상승
2023-01-17,008730,율촌화학,SELL,126,40800,5140800,[리밸런싱] 긴급 매도 (점수 63.4 < 65.0),-44226,-0.0073,6426,상승
2023-01-17,068790,DMS,BUY,770,6900,5313000,"리밸런싱 매수 (7위, 64.3점)",0,0.0000,6641,상승
2023-01-17,086790,하나금융지주,BUY,101,52600,5312600,"리밸런싱 매수 (8위, 64.1점)",0,0.0000,6641,상승
2023-01-17,008730,율촌화학,BUY,128,41400,5299200,"리밸런싱 매수 (9위, 63.4점)",0,0.0000,6624,상승
2023-01-17,267270,HD건설기계,BUY,87,60900,5298300,"리밸런싱 매수 (10위, 63.4점)",0,0.0000,6623,상승
2023-01-18,293580,나우IB,SELL,3906,1185,4628610,[리밸런싱] 긴급 매도 (점수 62.4 < 65.0),-376856,-0.0742,5786,상승
2023-01-18,068790,DMS,SELL,770,6530,5028100,[리밸런싱] 긴급 매도 (점수 62.9 < 65.0),-291185,-0.0536,6285,상승
2023-01-18,086790,하나금융지주,SELL,101,51100,5161100,[리밸런싱] 긴급 매도 (점수 62.0 < 65.0),-157951,-0.0285,6451,상승
2023-01-18,008730,율촌화학,SELL,128,39450,5049600,[리밸런싱] 긴급 매도 (점수 61.8 < 65.0),-255912,-0.0471,6312,상승
2023-01-18,267270,HD건설기계,SELL,87,58000,5046000,[리밸런싱] 긴급 매도 (점수 63.0 < 65.0),-258608,-0.0476,6308,상승
2023-01-18,114090,GKL,BUY,256,19400,4966400,"리밸런싱 매수 (6위, 65.1점)",0,0.0000,6208,상승
2023-01-18,237880,클리오,BUY,278,17900,4976200,"리밸런싱 매수 (7위, 64.7점)",0,0.0000,6220,상승
2023-01-18,272450,진에어,BUY,282,17600,4963200,"리밸런싱 매수 (8위, 64.3점)",0,0.0000,6204,상승
2023-01-18,080160,모두투어,BUY,241,20650,4976650,"리밸런싱 매수 (9위, 63.8점)",0,0.0000,6221,상승
2023-01-18,277810,레인보우로보틱스,BUY,78,63200,4929600,"리밸런싱 매수 (10위, 63.3점)",0,0.0000,6162,상승
2023-01-18,004360,세방,SELL,146,42600,6219600,목표 익절 도달 (20.0%),1028826,0.2000,7774,상승
2023-01-18,091810,티웨이항공,SELL,2139,2886,6173988,목표 익절 도달 (17.0%),889358,0.1700,7717,상승
2023-01-19,066980,한성크린텍,SELL,1370,3825,5240250,[리밸런싱] 긴급 매도 (점수 63.4 < 65.0),-40800,-0.0065,6550,상승
2023-01-19,237880,클리오,SELL,278,18450,5129100,[리밸런싱] 긴급 매도 (점수 64.8 < 65.0),146489,0.0307,6411,상승
2023-01-19,272450,진에어,SELL,282,17750,5005500,[리밸런싱] 긴급 매도 (점수 62.7 < 65.0),36043,0.0085,6257,상승
2023-01-19,080160,모두투어,SELL,241,20900,5036900,[리밸런싱] 긴급 매도 (점수 62.8 < 65.0),53954,0.0121,6296,상승
2023-01-19,277810,레인보우로보틱스,SELL,78,61700,4812600,[리밸런싱] 긴급 매도 (점수 63.3 < 65.0),-123016,-0.0237,6016,상승
2023-01-19,091810,티웨이항공,BUY,1853,2900,5373700,"리밸런싱 매수 (2위, 66.9점)",0,0.0000,6717,상승
2023-01-19,082920,비츠로셀,BUY,667,8049,5368683,"리밸런싱 매수 (3위, 66.5점)",0,0.0000,6711,상승
2023-01-19,004360,세방,BUY,133,40200,5346600,"리밸런싱 매수 (5위, 65.4점)",0,0.0000,6683,상승
2023-01-19,237880,클리오,BUY,292,18400,5372800,"리밸런싱 매수 (7위, 64.8점)",0,0.0000,6716,상승
2023-01-19,088350,한화생명,BUY,1859,2890,5372510,"리밸런싱 매수 (8위, 64.4점)",0,0.0000,6716,상승
2023-01-19,068790,DMS,BUY,812,6610,5367320,"리밸런싱 매수 (9위, 64.0점)",0,0.0000,6709,상승
2023-01-19,267270,HD건설기계,BUY,92,57900,5326800,"리밸런싱 매수 (10위, 63.5점)",0,0.0000,6658,상승
2023-01-20,082920,비츠로셀,SELL,667,8377,5587459,[리밸런싱] 긴급 매도 (점수 63.9 < 65.0),211792,0.0408,6984,상승
2023-01-20,237880,클리오,SELL,292,18350,5358200,[리밸런싱] 긴급 매도 (점수 64.1 < 65.0),-21298,-0.0027,6698,상승
2023-01-20,088350,한화생명,SELL,1859,2885,5363215,[리밸런싱] 긴급 매도 (점수 61.3 < 65.0),-15999,-0.0017,6704,상승
2023-01-20,068790,DMS,SELL,812,6630,5383560,[리밸런싱] 긴급 매도 (점수 63.4 < 65.0),9511,0.0030,6729,상승
2023-01-20,267270,HD건설기계,SELL,92,55700,5124400,[리밸런싱] 긴급 매도 (점수 61.0 < 65.0),-208806,-0.0380,6406,상승
2023-01-20,066980,한성크린텍,BUY,1402,3825,5362650,"리밸런싱 매수 (6위, 64.8점)",0,0.0000,6703,상승
2023-01-20,293580,나우IB,BUY,4415,1215,5364225,"리밸런싱 매수 (7위, 64.2점)",0,0.0000,6705,상승
2023-01-20,237880,클리오,BUY,288,18600,5356800,"리밸런싱 매수 (8위, 64.1점)",0,0.0000,6696,상승
2023-01-20,082920,비츠로셀,BUY,629,8529,5364741,"리밸런싱 매수 (9위, 63.9점)",0,0.0000,6706,상승
2023-01-20,068790,DMS,BUY,812,6600,5359200,"리밸런싱 매수 (10위, 63.4점)",0,0.0000,6699,상승
2023-01-25,066980,한성크린텍,SELL,1402,4000,5608000,[리밸런싱] 긴급 매도 (점수 64.3 < 65.0),238340,0.0458,7010,상승
2023-01-25,293580,나우IB,SELL,4415,1269,5602635,[리밸런싱] 긴급 매도 (점수 63.4 < 65.0),231407,0.0444,7003,상승
2023-01-25,237880,클리오,SELL,288,17530,5048640,[리밸런싱] 긴급 매도 (점수 61.6 < 65.0),-314471,-0.0575,6311,상승
2023-01-25,082920,비츠로셀,SELL,629,8241,5183589,[리밸런싱] 긴급 매도 (점수 63.6 < 65.0),-187631,-0.0338,6479,상승
2023-01-25,068790,DMS,SELL,812,6580,5342960,[리밸런싱] 긴급 매도 (점수 62.8 < 65.0),-22919,-0.0030,6679,상승
2023-01-25,066980,한성크린텍,BUY,1310,4080,5344800,"리밸런싱 매수 (6위, 64.3점)",0,0.0000,6681,상승
2023-01-25,090360,로보스타,BUY,193,27650,5336450,"리밸런싱 매수 (7위, 64.3점)",0,0.0000,6671,상승
2023-01-25,068050,팬엔터테인먼트,BUY,939,5690,5342910,"리밸런싱 매수 (8위, 63.7점)",0,0.0000,6679,상승
2023-01-25,082920,비츠로셀,BUY,637,8382,5339334,"리밸런싱 매수 (9위, 63.6점)",0,0.0000,6674,상승
2023-01-25,006220,제주은행,BUY,408,13100,5344800,"리밸런싱 매수 (10위, 63.4점)",0,0.0000,6681,상승
2023-01-25,006220,제주은행,SELL,408,15720,6413760,목표 익절 도달 (20.0%),1060943,0.2000,8017,상승
2023-01-26,066980,한성크린텍,SELL,1310,4000,5240000,[리밸런싱] 긴급 매도 (점수 64.1 < 65.0),-111350,-0.0196,6550,상승
2023-01-26,090360,로보스타,SELL,193,27500,5307500,[리밸런싱] 긴급 매도 (점수 62.0 < 65.0),-35584,-0.0054,6634,상승
2023-01-26,068050,팬엔터테인먼트,SELL,939,5310,4986090,[리밸런싱] 긴급 매도 (점수 62.4 < 65.0),-363053,-0.0668,6233,상승
2023-01-26,082920,비츠로셀,SELL,637,7903,5034211,[리밸런싱] 긴급 매도 (점수 62.0 < 65.0),-311416,-0.0571,6293,상승
2023-01-26,066980,한성크린텍,BUY,1348,3995,5385260,"리밸런싱 매수 (6위, 64.1점)",0,0.0000,6732,상승
2023-01-26,293580,나우IB,BUY,4290,1256,5388240,"리밸런싱 매수 (7위, 64.0점)",0,0.0000,6735,상승
2023-01-26,065370,위세아이텍,BUY,316,17050,5387800,"리밸런싱 매수 (8위, 63.8점)",0,0.0000,6735,상승
2023-01-26,006220,제주은행,BUY,343,15670,5374810,"리밸런싱 매수 (9위, 63.4점)",0,0.0000,6719,상승
2023-01-26,277810,레인보우로보틱스,BUY,62,86200,5344400,"리밸런싱 매수 (10위, 63.4점)",0,0.0000,6680,상승
2023-01-26,175330,JB금융지주,SELL,556,10881,6049836,목표 익절 도달 (17.0%),871474,0.1700,7562,상승
2023-01-27,114090,GKL,SELL,256,20050,5132800,[리밸런싱] 긴급 매도 (점수 64.1 < 65.0),159984,0.0335,6416,상승
2023-01-27,066980,한성크린텍,SELL,1348,4005,5398740,[리밸런싱] 긴급 매도 (점수 63.9 < 65.0),6732,0.0025,6748,상승
2023-01-27,293580,나우IB,SELL,4290,1370,5877300,[리밸런싱] 긴급 매도 (점수 64.6 < 65.0),481713,0.0908,7347,상승
2023-01-27,065370,위세아이텍,SELL,316,16620,5251920,[리밸런싱] 긴급 매도 (점수 63.3 < 65.0),-142445,-0.0252,6565,상승
2023-01-27,006220,제주은행,SELL,343,17540,6016220,[리밸런싱] 긴급 매도 (점수 63.4 < 65.0),633890,0.1193,7520,상승
2023-01-27,277810,레인보우로보틱스,SELL,62,80600,4997200,[리밸런싱] 긴급 매도 (점수 63.4 < 65.0),-353446,-0.0650,6246,상승
2023-01-27,175330,JB금융지주,BUY,510,10840,5528400,"리밸런싱 매수 (1위, 70.3점)",0,0.0000,6910,상승
2023-01-27,058850,KTcs,BUY,1900,2910,5529000,"리밸런싱 매수 (5위, 64.6점)",0,0.0000,6911,상승
2023-01-27,242040,나무기술,BUY,1909,2895,5526555,"리밸런싱 매수 (6위, 64.6점)",0,0.0000,6908,상승
2023-01-27,293580,나우IB,BUY,4163,1328,5528464,"리밸런싱 매수 (7위, 64.6점)",0,0.0000,6911,상승
2023-01-27,114090,GKL,BUY,277,19920,5517840,"리밸런싱 매수 (8위, 64.1점)",0,0.0000,6897,상승
2023-01-27,066980,한성크린텍,BUY,1373,4025,5526325,"리밸런싱 매수 (9위, 63.9점)",0,0.0000,6908,상승
2023-01-27,006220,제주은행,BUY,339,16310,5529090,"리밸런싱 매수 (10위, 63.4점)",0,0.0000,6911,상승
2023-01-27,242040,나무기술,SELL,1909,3474,6631866,목표 익절 도달 (20.0%),1097021,0.2000,8290,상승
2023-01-30,175330,JB금융지주,SELL,510,9890,5043900,[리밸런싱] 긴급 매도 (점수 65.0 < 65.0),-490805,-0.0876,6305,상승
2023-01-30,058850,KTcs,SELL,1900,4240,8056000,[리밸런싱] 긴급 매도 (점수 63.0 < 65.0),2516930,0.4570,10070,상승
2023-01-30,293580,나우IB,SELL,4163,1411,5873993,[리밸런싱] 긴급 매도 (점수 64.9 < 65.0),338187,0.0625,7342,상승
2023-01-30,066980,한성크린텍,SELL,1373,4035,5540055,[리밸런싱] 긴급 매도 (점수 63.2 < 65.0),6805,0.0025,6925,상승
2023-01-30,006220,제주은행,SELL,339,16100,5457900,[리밸런싱] 긴급 매도 (점수 63.7 < 65.0),-78012,-0.0129,6822,상승
2023-01-30,175330,JB금융지주,BUY,564,10780,6079920,"리밸런싱 매수 (5위, 65.0점)",0,0.0000,7600,상승
2023-01-30,242040,나무기술,BUY,1785,3410,6086850,"리밸런싱 매수 (6위, 65.0점)",0,0.0000,7609,상승
2023-01-30,293580,나우IB,BUY,4440,1371,6087240,"리밸런싱 매수 (7위, 64.9점)",0,0.0000,7609,상승
2023-01-30,056080,유진로봇,BUY,967,6290,6082430,"리밸런싱 매수 (8위, 63.8점)",0,0.0000,7603,상승
2023-01-30,006220,제주은행,BUY,338,17970,6073860,"리밸런싱 매수 (9위, 63.7점)",0,0.0000,7592,상승
2023-01-30,277810,레인보우로보틱스,BUY,75,81100,6082500,"리밸런싱 매수 (10위, 63.4점)",0,0.0000,7603,상승
2023-01-30,032190,다우데이타,SELL,140,45120,6316800,목표 익절 도달 (20.0%),1044904,0.2000,7896,상승
2023-01-31,114090,GKL,SELL,277,20400,5650800,[리밸런싱] 긴급 매도 (점수 64.8 < 65.0),125896,0.0241,7064,상승
2023-01-31,293580,나우IB,SELL,4440,1372,6091680,[리밸런싱] 긴급 매도 (점수 64.4 < 65.0),-3175,0.0007,7615,상승
2023-01-31,056080,유진로봇,SELL,967,6170,5966390,[리밸런싱] 긴급 매도 (점수 64.1 < 65.0),-123498,-0.0191,7458,상승
2023-01-31,006220,제주은행,SELL,338,16490,5573620,[리밸런싱] 긴급 매도 (점수 64.1 < 65.0),-507207,-0.0824,6967,상승
2023-01-31,277810,레인보우로보틱스,SELL,75,78200,5865000,[리밸런싱] 긴급 매도 (점수 63.5 < 65.0),-224831,-0.0358,7331,상승
2023-01-31,032190,다우데이타,BUY,126,46800,5896800,"리밸런싱 매수 (4위, 65.6점)",0,0.0000,7371,상승
2023-01-31,145720,덴티움,BUY,52,112200,5834400,"리밸런싱 매수 (6위, 64.9점)",0,0.0000,7293,상승
2023-01-31,114090,GKL,BUY,290,20350,5901500,"리밸런싱 매수 (7위, 64.8점)",0,0.0000,7377,상승
2023-01-31,293580,나우IB,BUY,4182,1411,5900802,"리밸런싱 매수 (8위, 64.4점)",0,0.0000,7376,상승
2023-01-31,090360,로보스타,BUY,198,29700,5880600,"리밸런싱 매수 (9위, 64.3점)",0,0.0000,7351,상승
2023-01-31,058970,엠로,BUY,331,17800,5891800,"리밸런싱 매수 (10위, 64.2점)",0,0.0000,7365,상승
2023-01-31,175330,JB금융지주,SELL,564,9918,5593526,손절 실행 (-8.0%),-493386,-0.0800,6992,상승
2023-01-31,090360,로보스타,SELL,198,35640,7056720,목표 익절 도달 (20.0%),1167299,0.2000,8821,상승
2023-02-01,145720,덴티움,SELL,52,114500,5954000,[리밸런싱] 긴급 매도 (점수 64.5 < 65.0),112158,0.0205,7442,상승
2023-02-01,114090,GKL,SELL,290,20300,5887000,[리밸런싱] 긴급 매도 (점수 62.5 < 65.0),-21859,-0.0025,7359,상승
2023-02-01,293580,나우IB,SELL,4182,1382,5779524,[리밸런싱] 긴급 매도 (점수 64.6 < 65.0),-128502,-0.0206,7224,상승
2023-02-01,058970,엠로,SELL,331,18330,6067230,[리밸런싱] 긴급 매도 (점수 62.7 < 65.0),167846,0.0298,7584,상승
2023-02-01,053300,한국정보인증,BUY,936,6470,6055920,"리밸런싱 매수 (5위, 64.9점)",0,0.0000,7570,상승
2023-02-01,293580,나우IB,BUY,4387,1381,6058447,"리밸런싱 매수 (6위, 64.6점)",0,0.0000,7573,상승
2023-02-01,145720,덴티움,BUY,51,117800,6007800,"리밸런싱 매수 (7위, 64.5점)",0,0.0000,7510,상승
2023-02-01,090360,로보스타,BUY,174,34700,6037800,"리밸런싱 매수 (8위, 64.5점)",0,0.0000,7547,상승
2023-02-01,304100,솔트룩스,BUY,211,28650,6045150,"리밸런싱 매수 (9위, 64.0점)",0,0.0000,7556,상승
2023-02-01,033240,자화전자,BUY,217,27800,6032600,"리밸런싱 매수 (10위, 63.9점)",0,0.0000,7541,상승
2023-02-01,004360,세방,SELL,133,48240,6415920,목표 익절 도달 (20.0%),1061300,0.2000,8020,상승
2023-02-01,242040,나무기술,SELL,1785,3137,5599902,손절 실행 (-8.0%),-493948,-0.0800,7000,상승
2023-02-02,053300,한국정보인증,SELL,936,6770,6336720,[리밸런싱] 긴급 매도 (점수 62.7 < 65.0),272879,0.0464,7921,상승
2023-02-02,293580,나우IB,SELL,4387,1452,6369924,[리밸런싱] 긴급 매도 (점수 64.9 < 65.0),303515,0.0514,7962,상승
2023-02-02,145720,덴티움,SELL,51,113100,5768100,[리밸런싱] 긴급 매도 (점수 62.4 < 65.0),-246910,-0.0399,7210,상승
2023-02-02,090360,로보스타,SELL,174,32650,5681100,[리밸런싱] 긴급 매도 (점수 64.3 < 65.0),-363801,-0.0591,7101,상승
2023-02-02,304100,솔트룩스,SELL,211,24900,5253900,[리밸런싱] 긴급 매도 (점수 63.9 < 65.0),-797817,-0.1309,6567,상승
2023-02-02,033240,자화전자,SELL,217,28300,6141100,[리밸런싱] 긴급 매도 (점수 64.1 < 65.0),100824,0.0180,7676,상승
2023-02-02,242040,나무기술,BUY,2150,3160,6794000,"리밸런싱 매수 (2위, 65.4점)",0,0.0000,8492,상승
2023-02-02,004360,세방,BUY,134,50500,6767000,"리밸런싱 매수 (4위, 65.3점)",0,0.0000,8459,상승
2023-02-02,003920,남양유업,BUY,130,52093,6772090,"리밸런싱 매수 (5위, 65.1점)",0,0.0000,8465,상승
2023-02-02,293580,나우IB,BUY,4935,1377,6795495,"리밸런싱 매수 (6위, 64.9점)",0,0.0000,8494,상승
2023-02-02,090360,로보스타,BUY,211,32150,6783650,"리밸런싱 매수 (7위, 64.3점)",0,0.0000,8480,상승
2023-02-02,033240,자화전자,BUY,243,27950,6791850,"리밸런싱 매수 (8위, 64.1점)",0,0.0000,8490,상승
2023-02-02,058970,엠로,BUY,363,18700,6788100,"리밸런싱 매수 (9위, 64.0점)",0,0.0000,8485,상승
2023-02-03,032190,다우데이타,SELL,126,49200,6199200,[리밸런싱] 긴급 매도 (점수 64.7 < 65.0),294651,0.0513,7749,상승
2023-02-03,004360,세방,SELL,134,48200,6458800,[리밸런싱] 긴급 매도 (점수 64.9 < 65.0),-316274,-0.0455,8074,상승
2023-02-03,090360,로보스타,SELL,211,31000,6541000,[리밸런싱] 긴급 매도 (점수 64.1 < 65.0),-250826,-0.0358,8176,상승
2023-02-03,033240,자화전자,SELL,243,28250,6864750,[리밸런싱] 긴급 매도 (점수 62.8 < 65.0),64319,0.0107,8581,상승
2023-02-03,058970,엠로,SELL,363,19250,6987750,[리밸런싱] 긴급 매도 (점수 63.4 < 65.0),190915,0.0294,8735,상승
2023-02-03,078520,에이블씨엔씨,BUY,803,6850,5500550,"리밸런싱 매수 (2위, 66.5점)",0,0.0000,6876,상승
2023-02-03,004360,세방,BUY,112,49150,5504800,"리밸런싱 매수 (6위, 64.9점)",0,0.0000,6881,상승
2023-02-03,032190,다우데이타,BUY,110,49950,5494500,"리밸런싱 매수 (7위, 64.7점)",0,0.0000,6868,상승
2023-02-03,090360,로보스타,BUY,166,33050,5486300,"리밸런싱 매수 (8위, 64.1점)",0,0.0000,6858,상승
2023-02-03,068050,팬엔터테인먼트,BUY,908,6060,5502480,"리밸런싱 매수 (9위, 63.9점)",0,0.0000,6878,상승
2023-02-03,304100,솔트룩스,BUY,219,25050,5485950,"리밸런싱 매수 (10위, 63.9점)",0,0.0000,6857,상승
2023-02-06,004360,세방,SELL,112,48200,5398400,[리밸런싱] 긴급 매도 (점수 64.8 < 65.0),-113148,-0.0193,6748,상승
2023-02-06,090360,로보스타,SELL,166,29950,4971700,[리밸런싱] 긴급 매도 (점수 63.6 < 65.0),-520815,-0.0938,6215,상승
2023-02-06,068050,팬엔터테인먼트,SELL,908,5760,5230080,[리밸런싱] 긴급 매도 (점수 63.9 < 65.0),-278938,-0.0495,6538,상승
2023-02-06,304100,솔트룩스,SELL,219,24450,5354550,[리밸런싱] 긴급 매도 (점수 63.8 < 65.0),-138093,-0.0240,6693,상승
2023-02-06,004360,세방,BUY,109,47700,5199300,"리밸런싱 매수 (7위, 64.8점)",0,0.0000,6499,상승
2023-02-06,093640,케이알엠,BUY,437,11980,5235260,"리밸런싱 매수 (8위, 64.1점)",0,0.0000,6544,상승
2023-02-06,277810,레인보우로보틱스,BUY,66,78800,5200800,"리밸런싱 매수 (9위, 64.0점)",0,0.0000,6501,상승
2023-02-06,041510,에스엠,BUY,57,90500,5158500,"리밸런싱 매수 (10위, 63.9점)",0,0.0000,6448,상승
2023-02-06,242040,나무기술,SELL,2150,3792,8152800,목표 익절 도달 (20.0%),1348609,0.2000,10191,상승
2023-02-07,003920,남양유업,SELL,130,51795,6733350,[리밸런싱] 긴급 매도 (점수 62.3 < 65.0),-47157,-0.0057,8417,상승
2023-02-07,293580,나우IB,SELL,4935,1417,6992895,[리밸런싱] 긴급 매도 (점수 64.5 < 65.0),188659,0.0290,8741,상승
2023-02-07,032190,다우데이타,SELL,110,53200,5852000,[리밸런싱] 긴급 매도 (점수 64.2 < 65.0),350185,0.0651,7315,상승
2023-02-07,004360,세방,SELL,109,51800,5646200,[리밸런싱] 긴급 매도 (점수 64.6 < 65.0),439842,0.0860,7058,상승
2023-02-07,093640,케이알엠,SELL,437,10580,4623460,[리밸런싱] 긴급 매도 (점수 64.0 < 65.0),-617579,-0.1169,5779,상승
2023-02-07,277810,레인보우로보틱스,SELL,66,76400,5042400,[리밸런싱] 긴급 매도 (점수 64.0 < 65.0),-164703,-0.0305,6303,상승
2023-02-07,041510,에스엠,SELL,57,90100,5135700,[리밸런싱] 긴급 매도 (점수 62.9 < 65.0),-29220,-0.0044,6420,상승
2023-02-07,058970,엠로,BUY,314,19200,6028800,"리밸런싱 매수 (3위, 65.4점)",0,0.0000,7536,상승
2023-02-07,058860,KTis,BUY,1720,3505,6028600,"리밸런싱 매수 (4위, 65.0점)",0,0.0000,7536,상승
2023-02-07,204620,글로벌텍스프리,BUY,1982,3042,6029244,"리밸런싱 매수 (5위, 64.9점)",0,0.0000,7537,상승
2023-02-07,242040,나무기술,BUY,1718,3510,6030180,"리밸런싱 매수 (6위, 64.8점)",0,0.0000,7538,상승
2023-02-07,004360,세방,BUY,125,47900,5987500,"리밸런싱 매수 (7위, 64.6점)",0,0.0000,7484,상승
2023-02-07,293580,나우IB,BUY,4136,1458,6030288,"리밸런싱 매수 (8위, 64.5점)",0,0.0000,7538,상승
2023-02-07,032190,다우데이타,BUY,124,48400,6001600,"리밸런싱 매수 (9위, 64.2점)",0,0.0000,7502,상승
2023-02-07,320000,한울반도체,BUY,1595,3780,6029100,"리밸런싱 매수 (10위, 64.1점)",0,0.0000,7536,상승
2023-02-08,091810,티웨이항공,SELL,1853,2948,5462644,[리밸런싱] 긴급 매도 (점수 64.8 < 65.0),82116,0.0166,6828,상승
2023-02-08,078520,에이블씨엔씨,SELL,803,7100,5701300,[리밸런싱] 긴급 매도 (점수 63.4 < 65.0),193623,0.0365,7127,상승
2023-02-08,058970,엠로,SELL,314,19690,6182660,[리밸런싱] 긴급 매도 (점수 64.3 < 65.0),146132,0.0255,7728,상승
2023-02-08,204620,글로벌텍스프리,SELL,1982,3186,6314652,[리밸런싱] 긴급 매도 (점수 64.1 < 65.0),277515,0.0473,7893,상승
2023-02-08,004360,세방,SELL,125,49800,6225000,[리밸런싱] 긴급 매도 (점수 64.3 < 65.0),229719,0.0397,7781,상승
2023-02-08,293580,나우IB,SELL,4136,1319,5455384,[리밸런싱] 긴급 매도 (점수 62.8 < 65.0),-581723,-0.0953,6819,상승
2023-02-08,032190,다우데이타,SELL,124,50000,6200000,[리밸런싱] 긴급 매도 (점수 63.8 < 65.0),190650,0.0331,7750,상승
2023-02-08,320000,한울반도체,SELL,1595,3635,5797825,[리밸런싱] 긴급 매도 (점수 61.9 < 65.0),-238522,-0.0384,7247,상승
2023-02-08,035290,골드앤에스,BUY,397,14866,5901802,"리밸런싱 매수 (1위, 67.6점)",0,0.0000,7377,상승
2023-02-08,041510,에스엠,BUY,62,95000,5890000,"리밸런싱 매수 (3위, 65.5점)",0,0.0000,7362,상승
2023-02-08,091810,티웨이항공,BUY,1924,3072,5910528,"리밸런싱 매수 (5위, 64.8점)",0,0.0000,7388,상승
2023-02-08,004360,세방,BUY,113,52000,5876000,"리밸런싱 매수 (6위, 64.3점)",0,0.0000,7345,상승
2023-02-08,003920,남양유업,BUY,114,51497,5870658,"리밸런싱 매수 (7위, 64.3점)",0,0.0000,7338,상승
2023-02-08,058970,엠로,BUY,299,19770,5911230,"리밸런싱 매수 (8위, 64.3점)",0,0.0000,7389,상승
2023-02-08,338220,뷰노,BUY,566,10440,5909040,"리밸런싱 매수 (9위, 64.2점)",0,0.0000,7386,상승
2023-02-08,204620,글로벌텍스프리,BUY,1876,3151,5911276,"리밸런싱 매수 (10위, 64.1점)",0,0.0000,7389,상승
2023-02-09,242040,나무기술,SELL,1718,3715,6382370,[리밸런싱] 긴급 매도 (점수 64.8 < 65.0),344212,0.0584,7978,상승
2023-02-09,035290,골드앤에스,SELL,397,14810,5879570,[리밸런싱] 팩터 데이터 없음,-29581,-0.0038,7349,상승
2023-02-09,091810,티웨이항공,SELL,1924,2886,5552664,[리밸런싱] 긴급 매도 (점수 63.5 < 65.0),-364805,-0.0605,6941,상승
2023-02-09,004360,세방,SELL,113,49150,5553950,[리밸런싱] 긴급 매도 (점수 64.2 < 65.0),-328992,-0.0548,6942,상승
2023-02-09,003920,남양유업,SELL,114,51696,5893344,[리밸런싱] 긴급 매도 (점수 60.4 < 65.0),15319,0.0039,7367,상승
2023-02-09,338220,뷰노,SELL,566,12010,6797660,[리밸런싱] 긴급 매도 (점수 64.6 < 65.0),880123,0.1504,8497,상승
2023-02-09,204620,글로벌텍스프리,SELL,1876,3178,5961928,[리밸런싱] 긴급 매도 (점수 64.1 < 65.0),43200,0.0086,7452,상승
2023-02-09,242040,나무기술,BUY,1638,3665,6003270,"리밸런싱 매수 (4위, 64.8점)",0,0.0000,7504,상승
2023-02-09,338220,뷰노,BUY,543,11040,5994720,"리밸런싱 매수 (5위, 64.6점)",0,0.0000,7493,상승
2023-02-09,078520,에이블씨엔씨,BUY,839,7150,5998850,"리밸런싱 매수 (6위, 64.5점)",0,0.0000,7499,상승
2023-02-09,320000,한울반도체,BUY,1651,3635,6001385,"리밸런싱 매수 (7위, 64.5점)",0,0.0000,7502,상승
2023-02-09,004360,세방,BUY,120,50000,6000000,"리밸런싱 매수 (8위, 64.2점)",0,0.0000,7500,상승
2023-02-09,204620,글로벌텍스프리,BUY,1881,3191,6002271,"리밸런싱 매수 (9위, 64.1점)",0,0.0000,7503,상승
2023-02-09,093640,케이알엠,BUY,561,10700,6002700,"리밸런싱 매수 (10위, 64.1점)",0,0.0000,7503,상승
2023-02-10,058860,KTis,SELL,1720,3880,6673600,[리밸런싱] 긴급 매도 (점수 63.7 < 65.0),636658,0.1070,8342,상승
2023-02-10,058970,엠로,SELL,299,19960,5968040,[리밸런싱] 긴급 매도 (점수 64.1 < 65.0),49350,0.0096,7460,상승
2023-02-10,242040,나무기술,SELL,1638,3370,5520060,[리밸런싱] 긴급 매도 (점수 63.6 < 65.0),-490110,-0.0805,6900,상승
2023-02-10,338220,뷰노,SELL,543,10980,5962140,[리밸런싱] 긴급 매도 (점수 64.4 < 65.0),-40033,-0.0054,7453,상승
2023-02-10,078520,에이블씨엔씨,SELL,839,6990,5864610,[리밸런싱] 긴급 매도 (점수 60.6 < 65.0),-141571,-0.0224,7331,상승
2023-02-10,320000,한울반도체,SELL,1651,3790,6257290,[리밸런싱] 긴급 매도 (점수 64.9 < 65.0),248083,0.0426,7822,상승
2023-02-10,004360,세방,SELL,120,49100,5892000,[리밸런싱] 긴급 매도 (점수 63.5 < 65.0),-115365,-0.0180,7365,상승
2023-02-10,204620,글로벌텍스프리,SELL,1881,3026,5691906,[리밸런싱] 긴급 매도 (점수 61.4 < 65.0),-317480,-0.0517,7115,상승
2023-02-10,093640,케이알엠,SELL,561,10300,5778300,[리밸런싱] 긴급 매도 (점수 64.0 < 65.0),-231623,-0.0374,7223,상승
2023-02-10,035290,골드앤에스,BUY,401,14828,5946028,"리밸런싱 매수 (2위, 67.8점)",0,0.0000,7433,상승
2023-02-10,320000,한울반도체,BUY,1568,3790,5942720,"리밸런싱 매수 (3위, 64.9점)",0,0.0000,7428,상승
2023-02-10,032190,다우데이타,BUY,120,49200,5904000,"리밸런싱 매수 (4위, 64.6점)",0,0.0000,7380,상승
2023-02-10,008730,율촌화학,BUY,124,47800,5927200,"리밸런싱 매수 (5위, 64.4점)",0,0.0000,7409,상승
2023-02-10,338220,뷰노,BUY,506,11750,5945500,"리밸런싱 매수 (6위, 64.4점)",0,0.0000,7432,상승
2023-02-10,058970,엠로,BUY,298,19950,5945100,"리밸런싱 매수 (7위, 64.1점)",0,0.0000,7431,상승
2023-02-10,108860,셀바스AI,BUY,433,13711,5936863,"리밸런싱 매수 (8위, 64.1점)",0,0.0000,7421,상승
2023-02-10,093640,케이알엠,BUY,553,10750,5944750,"리밸런싱 매수 (9위, 64.0점)",0,0.0000,7431,상승
2023-02-10,058860,KTis,BUY,1479,4020,5945580,"리밸런싱 매수 (10위, 63.7점)",0,0.0000,7432,상승
2023-02-10,041510,에스엠,SELL,62,114000,7068000,목표 익절 도달 (20.0%),1169165,0.2000,8835,상승
2023-02-13,032190,다우데이타,SELL,120,48550,5826000,[리밸런싱] 긴급 매도 (점수 64.8 < 65.0),-85282,-0.0132,7282,상승
2023-02-13,008730,율촌화학,SELL,124,48300,5989200,[리밸런싱] 긴급 매도 (점수 64.6 < 65.0),54514,0.0105,7486,상승
2023-02-13,338220,뷰노,SELL,506,10680,5404080,[리밸런싱] 긴급 매도 (점수 63.7 < 65.0),-548175,-0.0911,6755,상승
2023-02-13,058970,엠로,SELL,298,19680,5864640,[리밸런싱] 긴급 매도 (점수 63.2 < 65.0),-87791,-0.0135,7331,상승
2023-02-13,108860,셀바스AI,SELL,433,16910,7322030,[리밸런싱] 긴급 매도 (점수 63.4 < 65.0),1376014,0.2333,9153,상승
2023-02-13,093640,케이알엠,SELL,553,9910,5480230,[리밸런싱] 긴급 매도 (점수 64.0 < 65.0),-471370,-0.0781,6850,상승
2023-02-13,041510,에스엠,BUY,53,115000,6095000,"리밸런싱 매수 (1위, 67.4점)",0,0.0000,7619,상승
2023-02-13,032190,다우데이타,BUY,126,48600,6123600,"리밸런싱 매수 (5위, 64.8점)",0,0.0000,7654,상승
2023-02-13,008730,율촌화학,BUY,121,50500,6110500,"리밸런싱 매수 (6위, 64.6점)",0,0.0000,7638,상승
2023-02-13,003380,하림지주,BUY,564,10860,6125040,"리밸런싱 매수 (7위, 64.5점)",0,0.0000,7656,상승
2023-02-13,006220,제주은행,BUY,331,18480,6116880,"리밸런싱 매수 (8위, 64.0점)",0,0.0000,7646,상승
2023-02-13,093640,케이알엠,BUY,612,10010,6126120,"리밸런싱 매수 (9위, 64.0점)",0,0.0000,7658,상승
2023-02-13,277810,레인보우로보틱스,BUY,85,72100,6128500,"리밸런싱 매수 (10위, 63.8점)",0,0.0000,7661,상승
2023-02-14,035290,골드앤에스,SELL,401,14509,5818109,[리밸런싱] 팩터 데이터 없음,-135192,-0.0215,7273,상승
2023-02-14,058860,KTis,SELL,1479,4020,5945580,[리밸런싱] 긴급 매도 (점수 64.3 < 65.0),-7432,0.0000,7432,상승
2023-02-14,032190,다우데이타,SELL,126,49500,6237000,[리밸런싱] 긴급 매도 (점수 61.8 < 65.0),105604,0.0185,7796,상승
2023-02-14,008730,율촌화학,SELL,121,46500,5626500,[리밸런싱] 긴급 매도 (점수 63.0 < 65.0),-491033,-0.0792,7033,상승
2023-02-14,006220,제주은행,SELL,331,16610,5497910,[리밸런싱] 긴급 매도 (점수 63.3 < 65.0),-625842,-0.1012,6872,상승
2023-02-14,093640,케이알엠,SELL,612,10130,6199560,[리밸런싱] 긴급 매도 (점수 64.0 < 65.0),65691,0.0120,7749,상승
2023-02-14,277810,레인보우로보틱스,SELL,85,75100,6383500,[리밸런싱] 긴급 매도 (점수 62.4 < 65.0),247021,0.0416,7979,상승
2023-02-14,003920,남양유업,BUY,103,57660,5938980,"리밸런싱 매수 (4위, 64.3점)",0,0.0000,7424,상승
2023-02-14,058860,KTis,BUY,1452,4100,5953200,"리밸런싱 매수 (5위, 64.3점)",0,0.0000,7442,상승
2023-02-14,091810,티웨이항공,BUY,2084,2857,5953988,"리밸런싱 매수 (6위, 64.3점)",0,0.0000,7442,상승
2023-02-14,145720,덴티움,BUY,45,131000,5895000,"리밸런싱 매수 (7위, 64.1점)",0,0.0000,7369,상승
2023-02-14,093640,케이알엠,BUY,597,9960,5946120,"리밸런싱 매수 (8위, 64.0점)",0,0.0000,7433,상승
2023-02-14,338220,뷰노,BUY,557,10680,5948760,"리밸런싱 매수 (9위, 63.9점)",0,0.0000,7436,상승
2023-02-14,041830,인바디,BUY,234,25350,5931900,"리밸런싱 매수 (10위, 63.9점)",0,0.0000,7415,상승
2023-02-15,003380,하림지주,SELL,564,10870,6130680,[리밸런싱] 긴급 매도 (점수 64.4 < 65.0),-2023,0.0009,7663,상승
2023-02-15,003920,남양유업,SELL,103,57860,5959580,[리밸런싱] 긴급 매도 (점수 64.7 < 65.0),13151,0.0035,7449,상승
2023-02-15,058860,KTis,SELL,1452,3760,5459520,[리밸런싱] 긴급 매도 (점수 62.7 < 65.0),-500504,-0.0829,6824,상승
2023-02-15,091810,티웨이항공,SELL,2084,2943,6133212,[리밸런싱] 긴급 매도 (점수 64.4 < 65.0),171557,0.0301,7667,상승
2023-02-15,145720,덴티움,SELL,45,129100,5809500,[리밸런싱] 긴급 매도 (점수 62.3 < 65.0),-92762,-0.0145,7262,상승
2023-02-15,093640,케이알엠,SELL,597,10030,5987910,[리밸런싱] 긴급 매도 (점수 63.4 < 65.0),34305,0.0070,7485,상승
2023-02-15,338220,뷰노,SELL,557,10720,5971040,[리밸런싱] 긴급 매도 (점수 63.7 < 65.0),14816,0.0037,7464,상승
2023-02-15,041830,인바디,SELL,234,25300,5920200,[리밸런싱] 긴급 매도 (점수 62.4 < 65.0),-19100,-0.0020,7400,상승
2023-02-15,012030,DB,BUY,5355,1106,5922630,"리밸런싱 매수 (2위, 66.9점)",0,0.0000,7403,상승
2023-02-15,032190,다우데이타,BUY,118,49800,5876400,"리밸런싱 매수 (4위, 65.7점)",0,0.0000,7346,상승
2023-02-15,003920,남양유업,BUY,103,57263,5898089,"리밸런싱 매수 (5위, 64.7점)",0,0.0000,7373,상승
2023-02-15,204270,제이앤티씨,BUY,883,6700,5916100,"리밸런싱 매수 (6위, 64.5점)",0,0.0000,7395,상승
2023-02-15,091810,티웨이항공,BUY,1999,2962,5921038,"리밸런싱 매수 (7위, 64.4점)",0,0.0000,7401,상승
2023-02-15,003380,하림지주,BUY,534,11080,5916720,"리밸런싱 매수 (8위, 64.4점)",0,0.0000,7396,상승
2023-02-15,058850,KTcs,BUY,1377,4300,5921100,"리밸런싱 매수 (9위, 64.1점)",0,0.0000,7401,상승
2023-02-15,108860,셀바스AI,BUY,338,17518,5921084,"리밸런싱 매수 (10위, 64.0점)",0,0.0000,7401,상승
2023-02-15,320000,한울반도체,SELL,1568,4548,7131264,목표 익절 도달 (20.0%),1179630,0.2000,8914,상승
2023-02-16,032190,다우데이타,SELL,118,48150,5681700,[리밸런싱] 긴급 매도 (점수 64.0 < 65.0),-201802,-0.0331,7102,상승
2023-02-16,003920,남양유업,SELL,103,56965,5867395,[리밸런싱] 긴급 매도 (점수 63.4 < 65.0),-38028,-0.0052,7334,상승
2023-02-16,204270,제이앤티씨,SELL,883,7250,6401750,[리밸런싱] 긴급 매도 (점수 64.2 < 65.0),477648,0.0821,8002,상승
2023-02-16,091810,티웨이항공,SELL,1999,2991,5979009,[리밸런싱] 긴급 매도 (점수 64.5 < 65.0),50497,0.0098,7474,상승
2023-02-16,058850,KTcs,SELL,1377,4215,5804055,[리밸런싱] 긴급 매도 (점수 64.0 < 65.0),-124300,-0.0198,7255,상승
2023-02-16,108860,셀바스AI,SELL,338,16504,5578352,[리밸런싱] 긴급 매도 (점수 63.9 < 65.0),-349705,-0.0579,6973,상승
2023-02-16,108230,톱텍,BUY,590,10270,6059300,"리밸런싱 매수 (2위, 67.9점)",0,0.0000,7574,상승
2023-02-16,320000,한울반도체,BUY,1485,4080,6058800,"리밸런싱 매수 (4위, 66.9점)",0,0.0000,7574,상승
2023-02-16,078520,에이블씨엔씨,BUY,812,7460,6057520,"리밸런싱 매수 (5위, 66.3점)",0,0.0000,7572,상승
2023-02-16,064550,바이오니아,BUY,116,52000,6032000,"리밸런싱 매수 (7위, 64.9점)",0,0.0000,7540,상승
2023-02-16,086900,메디톡스,BUY,32,185300,5929600,"리밸런싱 매수 (8위, 64.8점)",0,0.0000,7412,상승
2023-02-16,058970,엠로,BUY,319,18970,6051430,"리밸런싱 매수 (9위, 64.6점)",0,0.0000,7564,상승
2023-02-16,091810,티웨이항공,BUY,2016,3005,6058080,"리밸런싱 매수 (10위, 64.5점)",0,0.0000,7573,상승
2023-02-16,003380,하림지주,SELL,534,10083,5384215,손절 실행 (-9.0%),-539235,-0.0900,6730,상승
2023-02-17,320000,한울반도체,SELL,1485,3860,5732100,[리밸런싱] 긴급 매도 (점수 64.1 < 65.0),-333865,-0.0539,7165,상승
2023-02-17,078520,에이블씨엔씨,SELL,812,7360,5976320,[리밸런싱] 긴급 매도 (점수 64.9 < 65.0),-88670,-0.0134,7470,상승
2023-02-17,064550,바이오니아,SELL,116,52600,6101600,[리밸런싱] 긴급 매도 (점수 64.8 < 65.0),61973,0.0115,7627,상승
2023-02-17,086900,메디톡스,SELL,32,204500,6544000,[리밸런싱] 긴급 매도 (점수 64.8 < 65.0),606220,0.1036,8180,상승
2023-02-17,058970,엠로,SELL,319,19070,6083330,[리밸런싱] 긴급 매도 (점수 64.1 < 65.0),24296,0.0053,7604,상승
2023-02-17,091810,티웨이항공,SELL,2016,2967,5981472,[리밸런싱] 긴급 매도 (점수 64.0 < 65.0),-84085,-0.0126,7477,상승
2023-02-17,204270,제이앤티씨,BUY,826,7240,5980240,"리밸런싱 매수 (4위, 66.0점)",0,0.0000,7475,상승
2023-02-17,003380,하림지주,BUY,560,10670,5975200,"리밸런싱 매수 (5위, 65.4점)",0,0.0000,7469,상승
2023-02-17,078520,에이블씨엔씨,BUY,806,7420,5980520,"리밸런싱 매수 (6위, 64.9점)",0,0.0000,7476,상승
2023-02-17,064550,바이오니아,BUY,112,53000,5936000,"리밸런싱 매수 (7위, 64.8점)",0,0.0000,7420,상승
2023-02-17,086900,메디톡스,BUY,30,195100,5853000,"리밸런싱 매수 (8위, 64.8점)",0,0.0000,7316,상승
2023-02-17,145720,덴티움,BUY,46,129700,5966200,"리밸런싱 매수 (9위, 64.7점)",0,0.0000,7458,상승
2023-02-17,216080,제테마,BUY,620,9641,5977420,"리밸런싱 매수 (10위, 64.6점)",0,0.0000,7472,상승
2023-02-20,003380,하림지주,SELL,560,11050,6188000,[리밸런싱] 긴급 매도 (점수 63.0 < 65.0),205065,0.0356,7735,상승
2023-02-20,078520,에이블씨엔씨,SELL,806,7550,6085300,[리밸런싱] 팩터 데이터 없음,97173,0.0175,7607,상승
2023-02-20,086900,메디톡스,SELL,30,198200,5946000,[리밸런싱] 긴급 매도 (점수 64.6 < 65.0),85568,0.0159,7432,상승
2023-02-20,216080,제테마,SELL,620,10556,6544720,[리밸런싱] 긴급 매도 (점수 62.7 < 65.0),559119,0.0949,8181,상승
2023-02-20,003920,남양유업,BUY,144,57561,8288784,"리밸런싱 매수 (7위, 65.1점)",0,0.0000,10361,상승
2023-02-20,320000,한울반도체,BUY,2171,3820,8293220,"리밸런싱 매수 (8위, 65.1점)",0,0.0000,10367,상승
2023-02-20,058970,엠로,BUY,428,19340,8277520,"리밸런싱 매수 (10위, 64.3점)",0,0.0000,10347,상승
2023-02-20,012030,DB,SELL,5355,1327,7107156,목표 익절 도달 (20.0%),1175642,0.2000,8884,상승
2023-02-21,108230,톱텍,SELL,590,10420,6147800,[리밸런싱] 긴급 매도 (점수 63.2 < 65.0),80815,0.0146,7685,상승
2023-02-21,204270,제이앤티씨,SELL,826,7400,6112400,[리밸런싱] 긴급 매도 (점수 63.6 < 65.0),124520,0.0221,7640,상승
2023-02-21,064550,바이오니아,SELL,112,48400,5420800,[리밸런싱] 긴급 매도 (점수 60.6 < 65.0),-521976,-0.0868,6776,상승
2023-02-21,145720,덴티움,SELL,46,123900,5699400,[리밸런싱] 긴급 매도 (점수 62.9 < 65.0),-273924,-0.0447,7124,상승
2023-02-21,003920,남양유업,SELL,144,61936,8918784,[리밸런싱] 긴급 매도 (점수 64.3 < 65.0),618852,0.0760,11148,상승
2023-02-21,058970,엠로,SELL,428,18310,7836680,[리밸런싱] 긴급 매도 (점수 60.4 < 65.0),-450636,-0.0533,9796,상승
2023-02-21,012030,DB,BUY,5007,1346,6739422,"리밸런싱 매수 (1위, 71.4점)",0,0.0000,8424,상승
2023-02-21,003380,하림지주,BUY,608,11080,6736640,"리밸런싱 매수 (4위, 65.4점)",0,0.0000,8421,상승
2023-02-21,058860,KTis,BUY,1706,3950,6738700,"리밸런싱 매수 (5위, 65.1점)",0,0.0000,8423,상승
2023-02-21,086900,메디톡스,BUY,33,199900,6596700,"리밸런싱 매수 (6위, 64.7점)",0,0.0000,8246,상승
2023-02-21,003920,남양유업,BUY,108,61935,6688980,"리밸런싱 매수 (7위, 64.3점)",0,0.0000,8361,상승
2023-02-21,064480,브리지텍,BUY,728,9250,6734000,"리밸런싱 매수 (9위, 64.0점)",0,0.0000,8418,상승
2023-02-21,247540,에코프로비엠,BUY,45,147300,6628500,"리밸런싱 매수 (10위, 63.9점)",0,0.0000,8286,상승
2023-02-21,058860,KTis,SELL,1706,4740,8086440,목표 익절 도달 (20.0%),1337632,0.2000,10108,상승
2023-02-22,320000,한울반도체,SELL,2171,3890,8445190,[리밸런싱] 긴급 매도 (점수 64.5 < 65.0),141414,0.0183,10556,상승
2023-02-22,003380,하림지주,SELL,608,11110,6754880,[리밸런싱] 긴급 매도 (점수 64.4 < 65.0),9796,0.0027,8444,상승
2023-02-22,086900,메디톡스,SELL,33,210000,6930000,[리밸런싱] 긴급 매도 (점수 64.8 < 65.0),324638,0.0505,8662,상승
2023-02-22,003920,남양유업,SELL,108,59351,6409908,[리밸런싱] 긴급 매도 (점수 63.3 < 65.0),-287084,-0.0417,8012,상승
2023-02-22,064480,브리지텍,SELL,728,8750,6370000,[리밸런싱] 긴급 매도 (점수 63.8 < 65.0),-371962,-0.0541,7962,상승
2023-02-22,247540,에코프로비엠,SELL,45,160500,7222500,[리밸런싱] 긴급 매도 (점수 62.5 < 65.0),584972,0.0896,9028,상승
2023-02-22,086900,메디톡스,BUY,30,203500,6105000,"리밸런싱 매수 (3위, 64.8점)",0,0.0000,7631,상승
2023-02-22,320000,한울반도체,BUY,1569,4015,6299535,"리밸런싱 매수 (4위, 64.5점)",0,0.0000,7874,상승
2023-02-22,058860,KTis,BUY,1437,4385,6301245,"리밸런싱 매수 (5위, 64.4점)",0,0.0000,7877,상승
2023-02-22,003380,하림지주,BUY,549,11460,6291540,"리밸런싱 매수 (6위, 64.4점)",0,0.0000,7864,상승
2023-02-22,256940,킵스파마,BUY,650,9690,6298500,"리밸런싱 매수 (7위, 64.2점)",0,0.0000,7873,상승
2023-02-22,200710,에이디테크놀로지,BUY,345,18250,6296250,"리밸런싱 매수 (8위, 64.0점)",0,0.0000,7870,상승
2023-02-22,082800,비보존 제약,BUY,870,7236,6295320,"리밸런싱 매수 (9위, 63.8점)",0,0.0000,7869,상승
2023-02-22,064480,브리지텍,BUY,713,8830,6295790,"리밸런싱 매수 (10위, 63.8점)",0,0.0000,7870,상승
2023-02-22,200710,에이디테크놀로지,SELL,345,21900,7555500,목표 익절 도달 (20.0%),1249806,0.2000,9444,상승
2023-02-23,086900,메디톡스,SELL,30,207500,6225000,[리밸런싱] 긴급 매도 (점수 64.9 < 65.0),112219,0.0197,7781,상승
2023-02-23,320000,한울반도체,SELL,1569,3955,6205395,[리밸런싱] 긴급 매도 (점수 64.5 < 65.0),-101897,-0.0149,7757,상승
2023-02-23,058860,KTis,SELL,1437,4325,6215025,[리밸런싱] 긴급 매도 (점수 64.8 < 65.0),-93989,-0.0137,7769,상승
2023-02-23,082800,비보존 제약,SELL,870,6333,5509710,[리밸런싱] 긴급 매도 (점수 62.8 < 65.0),-792497,-0.1248,6887,상승
2023-02-23,064480,브리지텍,SELL,713,8920,6359960,[리밸런싱] 긴급 매도 (점수 63.9 < 65.0),56220,0.0102,7950,상승
2023-02-23,086900,메디톡스,BUY,29,213000,6177000,"리밸런싱 매수 (5위, 64.9점)",0,0.0000,7721,상승
2023-02-23,064550,바이오니아,BUY,127,50100,6362700,"리밸런싱 매수 (6위, 64.8점)",0,0.0000,7953,상승
2023-02-23,058860,KTis,BUY,1469,4330,6360770,"리밸런싱 매수 (7위, 64.8점)",0,0.0000,7951,상승
2023-02-23,200710,에이디테크놀로지,BUY,270,23550,6358500,"리밸런싱 매수 (8위, 64.8점)",0,0.0000,7948,상승
2023-02-23,058970,엠로,BUY,345,18400,6348000,"리밸런싱 매수 (9위, 64.7점)",0,0.0000,7935,상승
2023-02-23,008730,율촌화학,BUY,135,47000,6345000,"리밸런싱 매수 (10위, 64.6점)",0,0.0000,7931,상승
2023-02-24,041510,에스엠,SELL,53,121000,6413000,[리밸런싱] 긴급 매도 (점수 64.4 < 65.0),309984,0.0522,8016,상승
2023-02-24,256940,킵스파마,SELL,650,10300,6695000,[리밸런싱] 긴급 매도 (점수 64.8 < 65.0),388131,0.0630,8369,상승
2023-02-24,086900,메디톡스,SELL,29,213000,6177000,[리밸런싱] 긴급 매도 (점수 64.8 < 65.0),-7721,0.0000,7721,상승
2023-02-24,064550,바이오니아,SELL,127,51100,6489700,[리밸런싱] 긴급 매도 (점수 62.5 < 65.0),118888,0.0200,8112,상승
2023-02-24,058860,KTis,SELL,1469,4225,6206525,[리밸런싱] 긴급 매도 (점수 63.4 < 65.0),-162003,-0.0242,7758,상승
2023-02-24,320000,한울반도체,BUY,1582,4060,6422920,"리밸런싱 매수 (6위, 65.0점)",0,0.0000,8029,상승
2023-02-24,086900,메디톡스,BUY,31,206000,6386000,"리밸런싱 매수 (7위, 64.8점)",0,0.0000,7982,상승
2023-02-24,256940,킵스파마,BUY,622,10330,6425260,"리밸런싱 매수 (8위, 64.8점)",0,0.0000,8032,상승
2023-02-24,065370,위세아이텍,BUY,367,17500,6422500,"리밸런싱 매수 (9위, 64.7점)",0,0.0000,8028,상승
2023-02-24,041510,에스엠,BUY,50,126000,6300000,"리밸런싱 매수 (10위, 64.4점)",0,0.0000,7875,상승
2023-02-27,200710,에이디테크놀로지,SELL,270,23800,6426000,[리밸런싱] 긴급 매도 (점수 64.9 < 65.0),59468,0.0106,8032,상승
2023-02-27,320000,한울반도체,SELL,1582,3690,5837580,[리밸런싱] 긴급 매도 (점수 59.3 < 65.0),-592637,-0.0911,7297,상승
2023-02-27,086900,메디톡스,SELL,31,211000,6541000,[리밸런싱] 긴급 매도 (점수 64.8 < 65.0),146824,0.0243,8176,상승
2023-02-27,256940,킵스파마,SELL,622,9800,6095600,[리밸런싱] 긴급 매도 (점수 63.5 < 65.0),-337280,-0.0513,7620,상승
2023-02-27,065370,위세아이텍,SELL,367,21200,7780400,[리밸런싱] 긴급 매도 (점수 64.1 < 65.0),1348174,0.2114,9726,상승
2023-02-27,041510,에스엠,SELL,50,120300,6015000,[리밸런싱] 긴급 매도 (점수 64.4 < 65.0),-292519,-0.0452,7519,상승
2023-02-27,200710,에이디테크놀로지,BUY,277,23250,6440250,"리밸런싱 매수 (5위, 64.9점)",0,0.0000,8050,상승
2023-02-27,086900,메디톡스,BUY,30,210500,6315000,"리밸런싱 매수 (6위, 64.8점)",0,0.0000,7894,상승
2023-02-27,041830,인바디,BUY,251,25700,6450700,"리밸런싱 매수 (7위, 64.6점)",0,0.0000,8063,상승
2023-02-27,041510,에스엠,BUY,52,122000,6344000,"리밸런싱 매수 (8위, 64.4점)",0,0.0000,7930,상승
2023-02-27,272110,케이엔제이,BUY,400,16120,6448000,"리밸런싱 매수 (9위, 64.3점)",0,0.0000,8060,상승
2023-02-27,091810,티웨이항공,BUY,2157,2996,6462372,"리밸런싱 매수 (10위, 64.1점)",0,0.0000,8078,상승
2023-02-27,012030,DB,SELL,5007,1615,8087306,목표 익절 도달 (20.0%),1337775,0.2000,10109,상승
2023-02-27,058970,엠로,SELL,345,21528,7427160,목표 익절 도달 (17.0%),1069876,0.1700,9284,상승
2023-02-28,008730,율촌화학,SELL,135,48400,6534000,[리밸런싱] 긴급 매도 (점수 64.6 < 65.0),180832,0.0298,8168,상승
2023-02-28,086900,메디톡스,SELL,30,218500,6555000,[리밸런싱] 긴급 매도 (점수 64.8 < 65.0),231806,0.0380,8194,상승
2023-02-28,041510,에스엠,SELL,52,127600,6635200,[리밸런싱] 긴급 매도 (점수 64.6 < 65.0),282906,0.0459,8294,상승
2023-02-28,272110,케이엔제이,SELL,400,16620,6648000,[리밸런싱] 긴급 매도 (점수 63.3 < 65.0),191690,0.0310,8310,상승
2023-02-28,091810,티웨이항공,SELL,2157,3091,6667287,[리밸런싱] 긴급 매도 (점수 64.8 < 65.0),196581,0.0317,8334,상승
2023-02-28,012030,DB,BUY,4817,1446,6965382,"리밸런싱 매수 (1위, 70.4점)",0,0.0000,8707,상승
2023-02-28,058970,엠로,BUY,316,22000,6952000,"리밸런싱 매수 (3위, 68.6점)",0,0.0000,8690,상승
2023-02-28,101390,아이엠,BUY,838,8310,6963780,"리밸런싱 매수 (5위, 66.1점)",0,0.0000,8705,상승
2023-02-28,086900,메디톡스,BUY,32,213500,6832000,"리밸런싱 매수 (7위, 64.8점)",0,0.0000,8540,상승
2023-02-28,091810,티웨이항공,BUY,2264,3077,6966328,"리밸런싱 매수 (8위, 64.8점)",0,0.0000,8708,상승
2023-02-28,041510,에스엠,BUY,57,121200,6908400,"리밸런싱 매수 (9위, 64.6점)",0,0.0000,8636,상승
2023-02-28,008730,율촌화학,BUY,143,48400,6921200,"리밸런싱 매수 (10위, 64.6점)",0,0.0000,8652,상승
2023-03-02,086900,메디톡스,SELL,32,243500,7792000,[리밸런싱] 긴급 매도 (점수 64.2 < 65.0),950260,0.1405,9740,상승
2023-03-02,091810,티웨이항공,SELL,2264,3119,7061416,[리밸런싱] 긴급 매도 (점수 64.9 < 65.0),86261,0.0136,8827,상승
2023-03-02,041510,에스엠,SELL,57,128000,7296000,[리밸런싱] 긴급 매도 (점수 64.8 < 65.0),378480,0.0561,9120,상승
2023-03-02,008730,율촌화학,SELL,143,45850,6556550,[리밸런싱] 긴급 매도 (점수 62.1 < 65.0),-372846,-0.0527,8196,상승
2023-03-02,064550,바이오니아,BUY,131,54700,7165700,"리밸런싱 매수 (7위, 65.0점)",0,0.0000,8957,상승
2023-03-02,058860,KTis,BUY,1434,5030,7213020,"리밸런싱 매수 (8위, 65.0점)",0,0.0000,9016,상승
2023-03-02,091810,티웨이항공,BUY,2327,3100,7213700,"리밸런싱 매수 (9위, 64.9점)",0,0.0000,9017,상승
2023-03-02,239890,피엔에이치테크,BUY,337,21400,7211800,"리밸런싱 매수 (10위, 64.9점)",0,0.0000,9015,상승
2023-03-03,200710,에이디테크놀로지,SELL,277,22700,6287900,[리밸런싱] 긴급 매도 (점수 64.4 < 65.0),-160210,-0.0237,7860,상승
2023-03-03,101390,아이엠,SELL,838,7910,6628580,[리밸런싱] 긴급 매도 (점수 64.9 < 65.0),-343486,-0.0481,8286,상승
2023-03-03,064550,바이오니아,SELL,131,52000,6812000,[리밸런싱] 긴급 매도 (점수 63.1 < 65.0),-362215,-0.0494,8515,상승
2023-03-03,058860,KTis,SELL,1434,4590,6582060,[리밸런싱] 긴급 매도 (점수 64.1 < 65.0),-639188,-0.0875,8228,상승
2023-03-03,091810,티웨이항공,SELL,2327,3129,7281183,[리밸런싱] 긴급 매도 (점수 64.7 < 65.0),58382,0.0094,9101,상승
2023-03-03,239890,피엔에이치테크,SELL,337,22900,7717300,[리밸런싱] 긴급 매도 (점수 64.4 < 65.0),495853,0.0701,9647,상승
2023-03-03,247540,에코프로비엠,BUY,42,161600,6787200,"리밸런싱 매수 (4위, 67.9점)",0,0.0000,8484,상승
2023-03-03,041510,에스엠,BUY,54,127400,6879600,"리밸런싱 매수 (6위, 66.0점)",0,0.0000,8600,상승
2023-03-03,101390,아이엠,BUY,863,7970,6878110,"리밸런싱 매수 (7위, 64.9점)",0,0.0000,8598,상승
2023-03-03,091810,티웨이항공,BUY,2175,3162,6877350,"리밸런싱 매수 (8위, 64.7점)",0,0.0000,8597,상승
2023-03-03,239890,피엔에이치테크,BUY,307,22400,6876800,"리밸런싱 매수 (9위, 64.4점)",0,0.0000,8596,상승
2023-03-03,200710,에이디테크놀로지,BUY,289,23800,6878200,"리밸런싱 매수 (10위, 64.4점)",0,0.0000,8598,상승
2023-03-03,041830,인바디,SELL,251,30069,7547319,목표 익절 도달 (17.0%),1087185,0.1700,9434,상승
2023-03-06,101390,아이엠,SELL,863,7620,6576060,[리밸런싱] 팩터 데이터 없음,-310270,-0.0439,8220,상승
2023-03-06,091810,티웨이항공,SELL,2175,3329,7240575,[리밸런싱] 긴급 매도 (점수 64.7 < 65.0),354174,0.0528,9051,상승
2023-03-06,239890,피엔에이치테크,SELL,307,22100,6784700,[리밸런싱] 긴급 매도 (점수 63.8 < 65.0),-100581,-0.0134,8481,상승
2023-03-06,200710,에이디테크놀로지,SELL,289,23100,6675900,[리밸런싱] 긴급 매도 (점수 64.8 < 65.0),-210645,-0.0294,8345,상승
2023-03-06,041830,인바디,BUY,232,29950,6948400,"리밸런싱 매수 (4위, 68.2점)",0,0.0000,8686,상승
2023-03-06,119830,아이텍,BUY,633,11000,6963000,"리밸런싱 매수 (6위, 66.8점)",0,0.0000,8704,상승
2023-03-06,121600,나노신소재,BUY,46,151000,6946000,"리밸런싱 매수 (8위, 65.8점)",0,0.0000,8682,상승
2023-03-06,228760,지노믹트리,BUY,519,13400,6954600,"리밸런싱 매수 (9위, 65.5점)",0,0.0000,8693,상승
2023-03-06,056080,유진로봇,BUY,973,7160,6966680,"리밸런싱 매수 (10위, 65.5점)",0,0.0000,8708,상승
2023-03-06,003380,하림지주,SELL,549,13408,7361102,목표 익절 도달 (17.0%),1060360,0.1700,9201,상승
2023-03-06,247540,에코프로비엠,SELL,42,193920,8144640,목표 익절 도달 (20.0%),1347259,0.2000,10181,상승
2023-03-07,121600,나노신소재,SELL,46,148900,6849400,[리밸런싱] 긴급 매도 (점수 64.9 < 65.0),-105162,-0.0139,8562,상승
2023-03-07,003380,하림지주,BUY,581,12800,7436800,"리밸런싱 매수 (2위, 69.0점)",0,0.0000,9296,상승
2023-03-07,002710,TCC스틸,BUY,524,14190,7435560,"리밸런싱 매수 (4위, 67.1점)",0,0.0000,9294,상승
2023-03-07,263600,덕우전자,BUY,678,10970,7437660,"리밸런싱 매수 (6위, 66.6점)",0,0.0000,9297,상승
2023-03-08,228760,지노믹트리,SELL,519,13110,6804090,[리밸런싱] 긴급 매도 (점수 64.3 < 65.0),-159015,-0.0216,8505,상승
2023-03-08,056080,유진로봇,SELL,973,7360,7161280,[리밸런싱] 긴급 매도 (점수 64.6 < 65.0),185648,0.0279,8952,상승
2023-03-08,263600,덕우전자,SELL,678,10680,7241040,[리밸런싱] 긴급 매도 (점수 63.0 < 65.0),-205671,-0.0264,9051,상승
2023-03-08,256940,킵스파마,BUY,699,10090,7052910,"리밸런싱 매수 (6위, 67.2점)",0,0.0000,8816,상승
2023-03-08,035290,골드앤에스,BUY,450,15674,7053300,"리밸런싱 매수 (7위, 67.0점)",0,0.0000,8817,상승
2023-03-08,247540,에코프로비엠,BUY,35,199400,6979000,"리밸런싱 매수 (10위, 66.2점)",0,0.0000,8724,상승
2023-03-08,058970,엠로,SELL,316,26400,8342400,목표 익절 도달 (20.0%),1379972,0.2000,10428,상승
2023-03-08,041510,에스엠,SELL,54,152880,8255520,목표 익절 도달 (20.0%),1365601,0.2000,10319,상승
2023-03-09,058970,엠로,BUY,325,25550,8303750,"리밸런싱 매수 (5위, 68.4점)",0,0.0000,10380,상승
2023-03-09,041510,에스엠,BUY,53,157000,8321000,"리밸런싱 매수 (9위, 66.8점)",0,0.0000,10401,상승
2023-03-10,041830,인바디,SELL,232,28150,6530800,[리밸런싱] 긴급 매도 (점수 64.2 < 65.0),-425764,-0.0601,8164,상승
2023-03-10,101390,아이엠,BUY,880,7410,6520800,"리밸런싱 매수 (10위, 66.1점)",0,0.0000,8151,상승
2023-03-10,002710,TCC스틸,SELL,524,17028,8922672,목표 익절 도달 (20.0%),1475959,0.2000,11153,상승
2023-03-10,035290,골드앤에스,SELL,450,18809,8463960,목표 익절 도달 (20.0%),1400080,0.2000,10580,상승
2023-03-13,041510,에스엠,SELL,53,113100,5994300,[리밸런싱] 긴급 매도 (점수 56.5 < 65.0),-2334193,-0.2796,7493,상승
2023-03-13,002710,TCC스틸,BUY,464,16750,7772000,"리밸런싱 매수 (2위, 69.5점)",0,0.0000,9715,상승
2023-03-13,035290,골드앤에스,BUY,431,18042,7776102,"리밸런싱 매수 (3위, 68.6점)",0,0.0000,9720,상승
2023-03-13,001940,KISCO홀딩스,BUY,352,22100,7779200,"리밸런싱 매수 (7위, 67.0점)",0,0.0000,9724,상승
2023-03-14,119830,아이텍,SELL,633,9410,5956530,[리밸런싱] 긴급 매도 (점수 56.5 < 65.0),-1013916,-0.1445,7446,상승
2023-03-14,101390,아이엠,SELL,880,8050,7084000,[리밸런싱] 긴급 매도 (점수 64.5 < 65.0),554345,0.0864,8855,상승
2023-03-14,001940,KISCO홀딩스,SELL,352,20800,7321600,[리밸런싱] 긴급 매도 (점수 60.7 < 65.0),-466752,-0.0588,9152,상승
2023-03-14,151860,KG에코솔루션,BUY,407,16630,6768410,"리밸런싱 매수 (5위, 67.1점)",0,0.0000,8461,상승
2023-03-14,101390,아이엠,BUY,852,7950,6773400,"리밸런싱 매수 (9위, 64.5점)",0,0.0000,8467,상승
2023-03-14,320000,한울반도체,BUY,1328,5100,6772800,"리밸런싱 매수 (10위, 64.1점)",0,0.0000,8466,상승
2023-03-14,058970,엠로,SELL,325,23506,7639450,손절 실행 (-8.0%),-673849,-0.0800,9549,상승
2023-03-14,320000,한울반도체,SELL,1328,6120,8127360,목표 익절 도달 (20.0%),1344401,0.2000,10159,상승
2023-03-15,035290,골드앤에스,SELL,431,15881,6844711,[리밸런싱] 긴급 매도 (점수 64.8 < 65.0),-939947,-0.1198,8556,상승
2023-03-15,263600,덕우전자,BUY,720,10440,7516800,"리밸런싱 매수 (8위, 65.0점)",0,0.0000,9396,상승
2023-03-15,001530,DI동일,BUY,342,21954,7508268,"리밸런싱 매수 (9위, 64.9점)",0,0.0000,9385,상승
2023-03-15,041830,인바디,BUY,268,28000,7504000,"리밸런싱 매수 (10위, 64.8점)",0,0.0000,9380,상승
2023-03-15,263600,덕우전자,SELL,720,12528,9020160,목표 익절 도달 (20.0%),1492085,0.2000,11275,상승
2023-03-16,256940,킵스파마,SELL,699,9890,6913110,[리밸런싱] 긴급 매도 (점수 63.5 < 65.0),-148441,-0.0198,8641,상승
2023-03-16,101390,아이엠,SELL,852,7790,6637080,[리밸런싱] 긴급 매도 (점수 63.8 < 65.0),-144616,-0.0201,8296,상승
2023-03-16,001530,DI동일,SELL,342,23162,7921404,[리밸런싱] 긴급 매도 (점수 64.5 < 65.0),403234,0.0550,9902,상승
2023-03-16,001080,만호제강,BUY,156,48674,7593144,"리밸런싱 매수 (4위, 67.5점)",0,0.0000,9491,상승
2023-03-16,060280,큐렉소,BUY,813,9360,7609680,"리밸런싱 매수 (7위, 66.3점)",0,0.0000,9512,상승
2023-03-16,035290,골드앤에스,BUY,488,15599,7612312,"리밸런싱 매수 (9위, 65.4점)",0,0.0000,9515,상승
2023-03-16,263600,덕우전자,BUY,636,11970,7612920,"리밸런싱 매수 (10위, 65.3점)",0,0.0000,9516,상승
2023-03-16,012030,DB,SELL,4817,1330,6408151,손절 실행 (-8.0%),-565241,-0.0800,8010,상승
2023-03-17,247540,에코프로비엠,SELL,35,200000,7000000,[리밸런싱] 긴급 매도 (점수 64.9 < 65.0),12250,0.0030,8750,상승
2023-03-17,041830,인바디,SELL,268,28650,7678200,[리밸런싱] 긴급 매도 (점수 63.7 < 65.0),164602,0.0232,9598,상승
2023-03-17,012030,DB,BUY,5200,1350,7020000,"리밸런싱 매수 (5위, 66.5점)",0,0.0000,8775,상승
2023-03-17,272110,케이엔제이,BUY,415,16900,7013500,"리밸런싱 매수 (8위, 65.6점)",0,0.0000,8767,상승
2023-03-17,382800,지앤비에스 에코,BUY,1587,4422,7017714,"리밸런싱 매수 (9위, 65.5점)",0,0.0000,8772,상승
2023-03-17,060280,큐렉소,SELL,813,11232,9131616,목표 익절 도달 (20.0%),1510521,0.2000,11415,상승
2023-03-20,272110,케이엔제이,SELL,415,18200,7553000,[리밸런싱] 긴급 매도 (점수 64.3 < 65.0),530059,0.0769,9441,상승
2023-03-20,005070,코스모신소재,BUY,92,90385,8315420,"리밸런싱 매수 (6위, 66.6점)",0,0.0000,10394,상승
2023-03-20,211050,인카금융서비스,BUY,4028,2066,8321848,"리밸런싱 매수 (9위, 65.5점)",0,0.0000,10402,상승
2023-03-21,005070,코스모신소재,SELL,92,108462,9978504,목표 익절 도달 (20.0%),1650611,0.2000,12473,상승
2023-03-22,035290,골드앤에스,SELL,488,16125,7869000,[리밸런싱] 긴급 매도 (점수 64.7 < 65.0),246852,0.0337,9836,상승
2023-03-22,211050,인카금융서비스,SELL,4028,2156,8684368,[리밸런싱] 긴급 매도 (점수 64.9 < 65.0),351665,0.0436,10855,상승
2023-03-22,006740,블루산업개발,BUY,1071,8242,8827182,"리밸런싱 매수 (3위, 67.6점)",0,0.0000,11034,상승
2023-03-22,060280,큐렉소,BUY,710,12420,8818200,"리밸런싱 매수 (7위, 66.4점)",0,0.0000,11023,상승
2023-03-22,281740,레이크머티리얼즈,BUY,1109,7960,8827640,"리밸런싱 매수 (9위, 66.2점)",0,0.0000,11035,상승
2023-03-22,382800,지앤비에스 에코,SELL,1587,5174,8210725,목표 익절 도달 (17.0%),1182748,0.1700,10263,상승
2023-03-23,089010,켐트로닉스,BUY,340,24050,8177000,"리밸런싱 매수 (5위, 67.5점)",0,0.0000,10221,상승
2023-03-23,002710,TCC스틸,SELL,464,20100,9326400,목표 익절 도달 (20.0%),1542742,0.2000,11658,상승
2023-03-24,272110,케이엔제이,BUY,488,19050,9296400,"리밸런싱 매수 (4위, 68.0점)",0,0.0000,11620,상승
2023-03-27,012030,DB,SELL,5200,1620,8424000,목표 익절 도달 (20.0%),1393470,0.2000,10530,상승
2023-03-28,272110,케이엔제이,SELL,488,19300,9418400,[리밸런싱] 긴급 매도 (점수 64.7 < 65.0),110227,0.0131,11773,상승
2023-03-28,382800,지앤비에스 에코,BUY,1809,4925,8909325,"리밸런싱 매수 (5위, 67.0점)",0,0.0000,11137,상승
2023-03-28,079810,디이엔티,BUY,532,16719,8894508,"리밸런싱 매수 (6위, 66.5점)",0,0.0000,11118,상승
2023-03-28,263600,덕우전자,SELL,636,14005,8907116,목표 익절 도달 (17.0%),1283063,0.1700,11134,상승
2023-03-28,281740,레이크머티리얼즈,SELL,1109,9552,10593168,목표 익절 도달 (20.0%),1752287,0.2000,13241,상승
2023-03-29,060280,큐렉소,SELL,710,11760,8349600,[리밸런싱] 긴급 매도 (점수 64.2 < 65.0),-479037,-0.0531,10437,상승
2023-03-29,105330,케이엔더블유,BUY,762,12150,9258300,"리밸런싱 매수 (5위, 67.6점)",0,0.0000,11573,상승
2023-03-29,003720,삼영,BUY,2439,3800,9268200,"리밸런싱 매수 (7위, 67.3점)",0,0.0000,11585,상승
2023-03-29,108230,톱텍,BUY,924,10030,9267720,"리밸런싱 매수 (8위, 66.9점)",0,0.0000,11585,상승
2023-03-29,006740,블루산업개발,SELL,1071,9890,10592618,목표 익절 도달 (20.0%),1752196,0.2000,13241,상승
2023-03-30,006740,블루산업개발,BUY,1058,9979,10557782,"리밸런싱 매수 (1위, 70.4점)",0,0.0000,13197,상승
2023-03-30,003380,하림지주,SELL,581,15360,8924160,목표 익절 도달 (20.0%),1476205,0.2000,11155,상승
2023-03-31,079810,디이엔티,SELL,532,15694,8349208,"[리밸런싱] 포트폴리오 조정 (26위, 65.1점)",-555737,-0.0613,10437,상승
2023-03-31,003380,하림지주,BUY,547,15760,8620720,"리밸런싱 매수 (2위, 70.0점)",0,0.0000,10776,상승
2023-03-31,010690,화신,BUY,687,12540,8614980,"리밸런싱 매수 (5위, 67.7점)",0,0.0000,10769,상승
2023-04-03,001080,만호제강,SELL,156,48483,7563348,[리밸런싱] 팩터 데이터 없음,-39250,-0.0039,9454,상승
2023-04-03,072770,멤레이비티,BUY,3064,2460,7537440,"리밸런싱 매수 (3위, 67.8점)",0,0.0000,9422,상승
2023-04-03,151860,KG에코솔루션,SELL,407,19956,8122092,목표 익절 도달 (20.0%),1343529,0.2000,10153,상승
2023-04-04,108230,톱텍,SELL,924,9860,9110640,[리밸런싱] 긴급 매도 (점수 64.5 < 65.0),-168468,-0.0169,11388,상승
2023-04-04,151860,KG에코솔루션,BUY,435,19750,8591250,"리밸런싱 매수 (3위, 68.2점)",0,0.0000,10739,상승
2023-04-04,030210,다올투자증권,BUY,1517,5670,8601390,"리밸런싱 매수 (4위, 67.9점)",0,0.0000,10752,상승
2023-04-04,006740,블루산업개발,SELL,1058,11975,12669338,목표 익절 도달 (20.0%),2095720,0.2000,15837,상승
2023-04-05,003720,삼영,SELL,2439,3650,8902350,[리밸런싱] 긴급 매도 (점수 64.3 < 65.0),-376978,-0.0395,11128,상승
2023-04-05,006740,블루산업개발,BUY,920,11700,10764000,"리밸런싱 매수 (2위, 69.7점)",0,0.0000,13455,상승
2023-04-05,012450,한화에어로스페이스,BUY,97,110727,10740519,"리밸런싱 매수 (4위, 67.5점)",0,0.0000,13426,상승
2023-04-06,382800,지앤비에스 에코,SELL,1809,4537,8207433,[리밸런싱] 긴급 매도 (점수 64.0 < 65.0),-712151,-0.0788,10259,상승
2023-04-06,010690,화신,SELL,687,12290,8443230,[리밸런싱] 긴급 매도 (점수 63.2 < 65.0),-182304,-0.0199,10554,상승
2023-04-06,228670,레이,BUY,232,35750,8294000,"리밸런싱 매수 (7위, 66.1점)",0,0.0000,10368,상승
2023-04-06,003720,삼영,BUY,2232,3725,8314200,"리밸런싱 매수 (8위, 65.9점)",0,0.0000,10393,상승
2023-04-07,072770,멤레이비티,SELL,3064,2290,7016560,[리밸런싱] 긴급 매도 (점수 63.5 < 65.0),-529651,-0.0691,8771,상승
2023-04-07,042520,한스바이오메드,BUY,460,15230,7005800,"리밸런싱 매수 (4위, 66.8점)",0,0.0000,8757,상승
2023-04-10,151860,KG에코솔루션,SELL,435,17900,7786500,[리밸런싱] 긴급 매도 (점수 64.6 < 65.0),-814483,-0.0937,9733,상승
2023-04-10,003720,삼영,SELL,2232,3640,8124480,[리밸런싱] 긴급 매도 (점수 61.5 < 65.0),-199876,-0.0228,10156,상승
2023-04-10,078600,대주전자재료,BUY,60,132300,7938000,"리밸런싱 매수 (5위, 67.1점)",0,0.0000,9922,상승
2023-04-10,041830,인바디,BUY,254,31200,7924800,"리밸런싱 매수 (7위, 66.5점)",0,0.0000,9906,상승
2023-04-11,012450,한화에어로스페이스,SELL,97,114599,11116103,[리밸런싱] 긴급 매도 (점수 62.1 < 65.0),361689,0.0350,13895,상승
2023-04-11,101490,에스앤에스텍,BUY,261,42500,11092500,"리밸런싱 매수 (7위, 67.0점)",0,0.0000,13866,상승
2023-04-12,078600,대주전자재료,SELL,60,118500,7110000,[리밸런싱] 긴급 매도 (점수 61.6 < 65.0),-836888,-0.1043,8888,상승
2023-04-12,126340,비나텍,BUY,118,60171,7100178,"리밸런싱 매수 (4위, 67.6점)",0,0.0000,8875,상승
2023-04-13,042520,한스바이오메드,SELL,460,16070,7392200,[리밸런싱] 긴급 매도 (점수 64.5 < 65.0),377160,0.0552,9240,상승
2023-04-13,140860,파크시스템스,BUY,47,154800,7275600,"리밸런싱 매수 (9위, 66.1점)",0,0.0000,9094,상승
2023-04-14,140860,파크시스템스,SELL,47,154000,7238000,[리밸런싱] 긴급 매도 (점수 64.5 < 65.0),-46648,-0.0052,9048,상승
2023-04-14,013310,아진산업,BUY,1993,3673,7320289,"리밸런싱 매수 (6위, 67.2점)",0,0.0000,9150,상승
2023-04-17,105330,케이엔더블유,SELL,762,14580,11109960,목표 익절 도달 (20.0%),1837773,0.2000,13887,상승
2023-04-18,228670,레이,SELL,232,37000,8584000,[리밸런싱] 긴급 매도 (점수 65.0 < 65.0),279270,0.0350,10730,상승
2023-04-18,041830,인바디,SELL,254,29350,7454900,[리밸런싱] 긴급 매도 (점수 63.2 < 65.0),-479219,-0.0593,9319,상승
2023-04-18,101490,에스앤에스텍,SELL,261,43200,11275200,[리밸런싱] 긴급 매도 (점수 63.0 < 65.0),168606,0.0165,14094,상승
2023-04-18,013310,아진산업,SELL,1993,3565,7105045,[리밸런싱] 긴급 매도 (점수 64.9 < 65.0),-224125,-0.0294,8881,상승
2023-04-18,072770,멤레이비티,BUY,3437,2645,9090865,"리밸런싱 매수 (3위, 68.3점)",0,0.0000,11364,상승
2023-04-18,105330,케이엔더블유,BUY,646,14070,9089220,"리밸런싱 매수 (5위, 67.7점)",0,0.0000,11362,상승
2023-04-18,051915,LG화학우,BUY,21,425000,8925000,"리밸런싱 매수 (7위, 67.4점)",0,0.0000,11156,상승
2023-04-18,008260,NI스틸,BUY,1245,7300,9088500,"리밸런싱 매수 (8위, 67.4점)",0,0.0000,11361,상승
2023-04-18,073240,금호타이어,BUY,1942,4680,9088560,"리밸런싱 매수 (9위, 67.3점)",0,0.0000,11361,상승
2023-04-19,006740,블루산업개발,SELL,920,16490,15170800,[리밸런싱] 긴급 매도 (점수 64.0 < 65.0),4387836,0.4094,18964,상승
2023-04-19,013520,화승코퍼레이션,BUY,6365,2400,15276000,"리밸런싱 매수 (2위, 68.9점)",0,0.0000,19095,상승
2023-04-20,089010,켐트로닉스,SELL,340,24900,8466000,[리밸런싱] 긴급 매도 (점수 64.5 < 65.0),278418,0.0353,10582,상승
2023-04-20,105330,케이엔더블유,SELL,646,13270,8572420,[리밸런싱] 긴급 매도 (점수 61.7 < 65.0),-527516,-0.0569,10716,상승
2023-04-20,051915,LG화학우,SELL,21,413000,8673000,[리밸런싱] 긴급 매도 (점수 63.3 < 65.0),-262841,-0.0282,10841,상승
2023-04-20,001040,CJ,BUY,75,112800,8460000,"리밸런싱 매수 (5위, 66.7점)",0,0.0000,10575,상승
2023-04-20,382800,지앤비에스 에코,BUY,1706,5012,8550472,"리밸런싱 매수 (8위, 65.6점)",0,0.0000,10688,상승
2023-04-20,003670,포스코퓨처엠,BUY,21,390633,8203293,"리밸런싱 매수 (9위, 65.4점)",0,0.0000,10254,상승
2023-04-21,030210,다올투자증권,SELL,1517,5180,7858060,[리밸런싱] 긴급 매도 (점수 64.6 < 65.0),-753153,-0.0864,9823,상승
2023-04-21,126340,비나텍,SELL,118,72825,8593350,[리밸런싱] 긴급 매도 (점수 64.1 < 65.0),1482430,0.2103,10742,상승
2023-04-21,008260,NI스틸,SELL,1245,6980,8690100,[리밸런싱] 긴급 매도 (점수 62.7 < 65.0),-409263,-0.0438,10863,상승
2023-04-21,001040,CJ,SELL,75,108700,8152500,[리밸런싱] 긴급 매도 (점수 64.0 < 65.0),-317691,-0.0363,10191,상승
2023-04-21,382800,지앤비에스 에코,SELL,1706,4912,8379872,[리밸런싱] 긴급 매도 (점수 64.3 < 65.0),-181075,-0.0200,10475,상승
2023-04-21,003670,포스코퓨처엠,SELL,21,367855,7724955,[리밸런싱] 긴급 매도 (점수 62.5 < 65.0),-487994,-0.0583,9656,상승
2023-04-21,054450,텔레칩스,BUY,455,18220,8290100,"리밸런싱 매수 (5위, 65.3점)",0,0.0000,10363,상승
2023-04-21,151860,KG에코솔루션,BUY,308,26850,8269800,"리밸런싱 매수 (6위, 65.2점)",0,0.0000,10337,상승
2023-04-21,015260,에이엔피,BUY,3277,2530,8290810,"리밸런싱 매수 (7위, 65.0점)",0,0.0000,10364,상승
2023-04-21,206400,베노티앤알,BUY,1496,5540,8287840,"리밸런싱 매수 (8위, 64.7점)",0,0.0000,10360,상승
2023-04-21,030210,다올투자증권,BUY,1494,5550,8291700,"리밸런싱 매수 (9위, 64.6점)",0,0.0000,10365,상승
2023-04-21,089010,켐트로닉스,BUY,332,24950,8283400,"리밸런싱 매수 (10위, 64.6점)",0,0.0000,10354,상승
2023-04-24,003380,하림지주,SELL,547,11420,6246740,[리밸런싱] 긴급 매도 (점수 52.8 < 65.0),-2381788,-0.2754,7808,상승
2023-04-24,054450,텔레칩스,SELL,455,18410,8376550,[리밸런싱] 긴급 매도 (점수 63.8 < 65.0),75979,0.0104,10471,상승
2023-04-24,151860,KG에코솔루션,SELL,308,26100,8038800,[리밸런싱] 긴급 매도 (점수 64.7 < 65.0),-241048,-0.0279,10048,상승
2023-04-24,015260,에이엔피,SELL,3277,2355,7717335,[리밸런싱] 긴급 매도 (점수 62.6 < 65.0),-583122,-0.0692,9647,상승
2023-04-24,206400,베노티앤알,SELL,1496,5600,8377600,[리밸런싱] 긴급 매도 (점수 64.7 < 65.0),79288,0.0108,10472,상승
2023-04-24,030210,다올투자증권,SELL,1494,3630,5423220,[리밸런싱] 긴급 매도 (점수 41.9 < 65.0),-2875259,-0.3459,6779,상승
2023-04-24,089010,켐트로닉스,SELL,332,24450,8117400,[리밸런싱] 긴급 매도 (점수 63.8 < 65.0),-176147,-0.0200,10147,상승
2023-04-24,010690,화신,BUY,541,13770,7449570,"리밸런싱 매수 (3위, 66.6점)",0,0.0000,9312,상승
2023-04-24,151860,KG에코솔루션,BUY,262,28400,7440800,"리밸런싱 매수 (5위, 64.7점)",0,0.0000,9301,상승
2023-04-24,206400,베노티앤알,BUY,1329,5610,7455690,"리밸런싱 매수 (6위, 64.7점)",0,0.0000,9320,상승
2023-04-24,200880,서연이화,BUY,544,13700,7452800,"리밸런싱 매수 (7위, 64.2점)",0,0.0000,9316,상승
2023-04-24,002710,TCC스틸,BUY,186,40000,7440000,"리밸런싱 매수 (8위, 64.1점)",0,0.0000,9300,상승
2023-04-24,126340,비나텍,BUY,100,74240,7424000,"리밸런싱 매수 (9위, 64.1점)",0,0.0000,9280,상승
2023-04-24,131400,이브이첨단소재,BUY,902,8260,7450520,"리밸런싱 매수 (10위, 64.0점)",0,0.0000,9313,상승
2023-04-25,151860,KG에코솔루션,SELL,262,24400,6392800,[리밸런싱] 긴급 매도 (점수 64.6 < 65.0),-1055991,-0.1408,7991,상승
2023-04-25,206400,베노티앤알,SELL,1329,5050,6711450,[리밸런싱] 긴급 매도 (점수 63.2 < 65.0),-752629,-0.0998,8389,상승
2023-04-25,002710,TCC스틸,SELL,186,39300,7309800,[리밸런싱] 긴급 매도 (점수 64.0 < 65.0),-139337,-0.0175,9137,상승
2023-04-25,126340,비나텍,SELL,100,63091,6309100,[리밸런싱] 긴급 매도 (점수 63.4 < 65.0),-1122786,-0.1502,7886,상승
2023-04-25,131400,이브이첨단소재,SELL,902,7660,6909320,[리밸런싱] 긴급 매도 (점수 63.9 < 65.0),-549837,-0.0726,8637,상승
2023-04-25,001080,만호제강,BUY,126,52968,6673968,"리밸런싱 매수 (3위, 67.4점)",0,0.0000,8342,상승
2023-04-25,151860,KG에코솔루션,BUY,252,26650,6715800,"리밸런싱 매수 (7위, 64.6점)",0,0.0000,8395,상승
2023-04-25,305090,마이크로디지탈,BUY,675,9950,6716250,"리밸런싱 매수 (8위, 64.5점)",0,0.0000,8395,상승
2023-04-25,003720,삼영,BUY,1739,3865,6721235,"리밸런싱 매수 (9위, 64.3점)",0,0.0000,8402,상승
2023-04-25,123040,엠에스오토텍,BUY,1081,6220,6723820,"리밸런싱 매수 (10위, 64.2점)",0,0.0000,8405,상승
2023-04-25,013520,화승코퍼레이션,SELL,6365,2208,14053920,손절 실행 (-8.0%),-1239647,-0.0800,17567,상승
2023-04-26,073240,금호타이어,SELL,1942,4440,8622480,[리밸런싱] 긴급 매도 (점수 63.6 < 65.0),-476858,-0.0513,10778,상승
2023-04-26,200880,서연이화,SELL,544,14930,8121920,[리밸런싱] 긴급 매도 (점수 63.4 < 65.0),658968,0.0898,10152,상승
2023-04-26,151860,KG에코솔루션,SELL,252,23050,5808600,[리밸런싱] 긴급 매도 (점수 63.5 < 65.0),-914461,-0.1351,7261,상승
2023-04-26,305090,마이크로디지탈,SELL,675,9500,6412500,[리밸런싱] 긴급 매도 (점수 63.7 < 65.0),-311766,-0.0452,8016,상승
2023-04-26,003720,삼영,SELL,1739,3925,6825575,[리밸런싱] 긴급 매도 (점수 62.4 < 65.0),95808,0.0155,8532,상승
2023-04-26,123040,엠에스오토텍,SELL,1081,6040,6529240,[리밸런싱] 긴급 매도 (점수 63.0 < 65.0),-202742,-0.0289,8162,상승
2023-04-26,206400,베노티앤알,BUY,1587,5070,8046090,"리밸런싱 매수 (4위, 65.0점)",0,0.0000,10058,상승
2023-04-26,011810,STX,BUY,742,10831,8036602,"리밸런싱 매수 (5위, 64.0점)",0,0.0000,10046,상승
2023-04-26,005387,현대차2우B,BUY,73,110100,8037300,"리밸런싱 매수 (6위, 64.0점)",0,0.0000,10047,상승
2023-04-26,002710,TCC스틸,BUY,198,40550,8028900,"리밸런싱 매수 (7위, 64.0점)",0,0.0000,10036,상승
2023-04-26,022100,포스코DX,BUY,537,14960,8033520,"리밸런싱 매수 (8위, 64.0점)",0,0.0000,10042,상승
2023-04-26,024850,HLB이노베이션,BUY,1593,5050,8044650,"리밸런싱 매수 (9위, 63.9점)",0,0.0000,10056,상승
2023-04-26,318000,KBG,BUY,565,14230,8039950,"리밸런싱 매수 (10위, 63.9점)",0,0.0000,10050,상승
2023-04-27,010690,화신,SELL,541,14240,7703840,[리밸런싱] 긴급 매도 (점수 64.9 < 65.0),244640,0.0341,9630,상승
2023-04-27,001080,만호제강,SELL,126,55641,7010766,[리밸런싱] 긴급 매도 (점수 65.0 < 65.0),328035,0.0505,8763,상승
2023-04-27,206400,베노티앤알,SELL,1587,5210,8268270,[리밸런싱] 긴급 매도 (점수 64.5 < 65.0),211845,0.0276,10335,상승
2023-04-27,011810,STX,SELL,742,10769,7990598,[리밸런싱] 긴급 매도 (점수 64.0 < 65.0),-55992,-0.0057,9988,상승
2023-04-27,005387,현대차2우B,SELL,73,112500,8212500,[리밸런싱] 긴급 매도 (점수 63.1 < 65.0),164934,0.0218,10266,상승
2023-04-27,002710,TCC스틸,SELL,198,41500,8217000,[리밸런싱] 긴급 매도 (점수 64.0 < 65.0),177829,0.0234,10271,상승
2023-04-27,022100,포스코DX,SELL,537,14180,7614660,[리밸런싱] 긴급 매도 (점수 64.0 < 65.0),-428378,-0.0521,9518,상승
2023-04-27,024850,HLB이노베이션,SELL,1593,5140,8188020,[리밸런싱] 긴급 매도 (점수 63.5 < 65.0),133135,0.0178,10235,상승
2023-04-27,318000,KBG,SELL,565,13910,7859150,[리밸런싱] 긴급 매도 (점수 63.8 < 65.0),-190624,-0.0225,9824,상승
2023-04-27,241560,두산밥캣,BUY,157,50000,7850000,"리밸런싱 매수 (2위, 66.1점)",0,0.0000,9812,상승
2023-04-27,001080,만호제강,BUY,140,56022,7843080,"리밸런싱 매수 (3위, 65.0점)",0,0.0000,9804,상승
2023-04-27,001340,PKC,BUY,1081,7292,7882652,"리밸런싱 매수 (4위, 65.0점)",0,0.0000,9853,상승
2023-04-27,010690,화신,BUY,551,14300,7879300,"리밸런싱 매수 (5위, 64.9점)",0,0.0000,9849,상승
2023-04-27,206400,베노티앤알,BUY,1462,5390,7880180,"리밸런싱 매수 (6위, 64.5점)",0,0.0000,9850,상승
2023-04-27,013310,아진산업,BUY,2268,3476,7883568,"리밸런싱 매수 (7위, 64.4점)",0,0.0000,9854,상승
2023-04-27,002710,TCC스틸,BUY,205,38350,7861750,"리밸런싱 매수 (8위, 64.0점)",0,0.0000,9827,상승
2023-04-27,281740,레이크머티리얼즈,BUY,610,12920,7881200,"리밸런싱 매수 (9위, 64.0점)",0,0.0000,9852,상승
2023-04-27,011810,STX,BUY,747,10551,7881597,"리밸런싱 매수 (10위, 64.0점)",0,0.0000,9852,상승
2023-04-27,001340,PKC,SELL,1081,8750,9459182,목표 익절 도달 (20.0%),1564706,0.2000,11824,상승
2023-04-28,001080,만호제강,SELL,140,55546,7776440,[리밸런싱] 긴급 매도 (점수 64.9 < 65.0),-76361,-0.0085,9721,상승
2023-04-28,010690,화신,SELL,551,13760,7581760,[리밸런싱] 긴급 매도 (점수 63.6 < 65.0),-307017,-0.0378,9477,상승
2023-04-28,206400,베노티앤알,SELL,1462,4995,7302690,[리밸런싱] 긴급 매도 (점수 64.2 < 65.0),-586618,-0.0733,9128,상승
2023-04-28,013310,아진산업,SELL,2268,3739,8480052,[리밸런싱] 긴급 매도 (점수 62.6 < 65.0),585884,0.0757,10600,상승
2023-04-28,002710,TCC스틸,SELL,205,39200,8036000,[리밸런싱] 긴급 매도 (점수 63.6 < 65.0),164205,0.0222,10045,상승
2023-04-28,281740,레이크머티리얼즈,SELL,610,13800,8418000,[리밸런싱] 긴급 매도 (점수 64.0 < 65.0),526278,0.0681,10522,상승
2023-04-28,011810,STX,SELL,747,9620,7186140,[리밸런싱] 긴급 매도 (점수 63.0 < 65.0),-704440,-0.0882,8983,상승
2023-04-28,114840,아이패밀리에스씨,BUY,822,9756,8019432,"리밸런싱 매수 (3위, 64.9점)",0,0.0000,10024,상승
2023-04-28,001080,만호제강,BUY,144,55546,7998624,"리밸런싱 매수 (4위, 64.9점)",0,0.0000,9998,상승
2023-04-28,352820,하이브,BUY,30,264000,7920000,"리밸런싱 매수 (5위, 64.5점)",0,0.0000,9900,상승
2023-04-28,001340,PKC,BUY,986,8132,8018152,"리밸런싱 매수 (6위, 64.4점)",0,0.0000,10023,상승
2023-04-28,206400,베노티앤알,BUY,1564,5130,8023320,"리밸런싱 매수 (7위, 64.2점)",0,0.0000,10029,상승
2023-04-28,096610,알에프세미,BUY,375,21350,8006250,"리밸런싱 매수 (8위, 64.0점)",0,0.0000,10008,상승
2023-04-28,281740,레이크머티리얼즈,BUY,569,14090,8017210,"리밸런싱 매수 (9위, 64.0점)",0,0.0000,10022,상승
2023-04-28,024900,디와이덕양,BUY,1632,4915,8021280,"리밸런싱 매수 (10위, 63.8점)",0,0.0000,10027,상승
2023-04-28,072770,멤레이비티,SELL,3437,3174,10909038,목표 익절 도달 (20.0%),1804537,0.2000,13636,상승
2023-04-28,024900,디와이덕양,SELL,1632,5898,9625536,목표 익절 도달 (20.0%),1592224,0.2000,12032,상승
2023-05-02,206400,베노티앤알,SELL,1564,5100,7976400,[리밸런싱] 긴급 매도 (점수 64.0 < 65.0),-56890,-0.0058,9970,상승
2023-05-02,096610,알에프세미,SELL,375,18600,6975000,[리밸런싱] 긴급 매도 (점수 64.0 < 65.0),-1039969,-0.1288,8719,상승
2023-05-02,281740,레이크머티리얼즈,SELL,569,16150,9189350,[리밸런싱] 긴급 매도 (점수 64.0 < 65.0),1160653,0.1462,11487,상승
2023-05-02,072770,멤레이비티,BUY,2894,3090,8942460,"리밸런싱 매수 (1위, 67.2점)",0,0.0000,11178,상승
2023-05-02,196300,HLB펩,BUY,638,14000,8932000,"리밸런싱 매수 (4위, 65.5점)",0,0.0000,11165,상승
2023-05-02,065510,휴비츠,BUY,524,17050,8934200,"리밸런싱 매수 (8위, 64.6점)",0,0.0000,11168,상승
2023-05-02,073240,금호타이어,BUY,1969,4540,8939260,"리밸런싱 매수 (9위, 64.4점)",0,0.0000,11174,상승
2023-05-02,206400,베노티앤알,BUY,1790,4995,8941050,"리밸런싱 매수 (10위, 64.0점)",0,0.0000,11176,상승
2023-05-03,114840,아이패밀리에스씨,SELL,822,10703,8797866,[리밸런싱] 긴급 매도 (점수 64.0 < 65.0),767437,0.0971,10997,상승
2023-05-03,001340,PKC,SELL,986,7643,7535998,[리밸런싱] 긴급 매도 (점수 62.2 < 65.0),-491574,-0.0601,9420,상승
2023-05-03,065510,휴비츠,SELL,524,17720,9285280,[리밸런싱] 긴급 매도 (점수 64.2 < 65.0),339473,0.0393,11607,상승
2023-05-03,073240,금호타이어,SELL,1969,4640,9136160,[리밸런싱] 긴급 매도 (점수 64.7 < 65.0),185480,0.0220,11420,상승
2023-05-03,206400,베노티앤알,SELL,1790,5090,9111100,[리밸런싱] 긴급 매도 (점수 63.7 < 65.0),158661,0.0190,11389,상승
2023-05-03,101490,에스앤에스텍,BUY,192,45550,8745600,"리밸런싱 매수 (3위, 65.9점)",0,0.0000,10932,상승
2023-05-03,073240,금호타이어,BUY,1843,4750,8754250,"리밸런싱 매수 (7위, 64.7점)",0,0.0000,10943,상승
2023-05-03,065510,휴비츠,BUY,481,18170,8739770,"리밸런싱 매수 (8위, 64.2점)",0,0.0000,10925,상승
2023-05-03,012860,모베이스전자,BUY,3447,2540,8755380,"리밸런싱 매수 (9위, 64.1점)",0,0.0000,10944,상승
2023-05-03,042700,한미반도체,BUY,419,20850,8736150,"리밸런싱 매수 (10위, 64.0점)",0,0.0000,10920,상승
2023-05-04,073240,금호타이어,SELL,1843,4595,8468585,[리밸런싱] 긴급 매도 (점수 64.6 < 65.0),-296251,-0.0326,10586,상승
2023-05-04,065510,휴비츠,SELL,481,17450,8393450,[리밸런싱] 긴급 매도 (점수 64.2 < 65.0),-356812,-0.0396,10492,상승
2023-05-04,012860,모베이스전자,SELL,3447,2645,9117315,[리밸런싱] 긴급 매도 (점수 63.6 < 65.0),350538,0.0413,11397,상승
2023-05-04,042700,한미반도체,SELL,419,21700,9092300,[리밸런싱] 긴급 매도 (점수 59.5 < 65.0),344785,0.0408,11365,상승
2023-05-04,073240,금호타이어,BUY,1905,4595,8753475,"리밸런싱 매수 (7위, 64.6점)",0,0.0000,10942,상승
2023-05-04,065510,휴비츠,BUY,494,17720,8753680,"리밸런싱 매수 (8위, 64.2점)",0,0.0000,10942,상승
2023-05-04,024900,디와이덕양,BUY,1181,7410,8751210,"리밸런싱 매수 (9위, 64.0점)",0,0.0000,10939,상승
2023-05-04,281740,레이크머티리얼즈,BUY,553,15810,8742930,"리밸런싱 매수 (10위, 63.9점)",0,0.0000,10929,상승
2023-05-08,352820,하이브,SELL,30,279000,8370000,[리밸런싱] 긴급 매도 (점수 64.0 < 65.0),439538,0.0568,10462,상승
2023-05-08,072770,멤레이비티,SELL,2894,2560,7408640,[리밸런싱] 긴급 매도 (점수 59.4 < 65.0),-1543081,-0.1715,9261,상승
2023-05-08,065510,휴비츠,SELL,494,16730,8264620,[리밸런싱] 긴급 매도 (점수 63.6 < 65.0),-499391,-0.0559,10331,상승
2023-05-08,024900,디와이덕양,SELL,1181,8410,9932210,[리밸런싱] 긴급 매도 (점수 63.4 < 65.0),1168585,0.1350,12415,상승
2023-05-08,281740,레이크머티리얼즈,SELL,553,16070,8886710,[리밸런싱] 긴급 매도 (점수 63.9 < 65.0),132672,0.0164,11108,상승
2023-05-08,010690,화신,BUY,614,13930,8553020,"리밸런싱 매수 (6위, 64.6점)",0,0.0000,10691,상승
2023-05-08,014940,오리엔탈정공,BUY,2390,3580,8556200,"리밸런싱 매수 (7위, 64.6점)",0,0.0000,10695,상승
2023-05-08,010100,한국무브넥스,BUY,2234,3830,8556220,"리밸런싱 매수 (8위, 64.3점)",0,0.0000,10695,상승
2023-05-08,044490,태웅,BUY,624,13700,8548800,"리밸런싱 매수 (9위, 64.1점)",0,0.0000,10686,상승
2023-05-08,012860,모베이스전자,BUY,3235,2645,8556575,"리밸런싱 매수 (10위, 64.1점)",0,0.0000,10696,상승
2023-05-08,010100,한국무브넥스,SELL,2234,4596,10267464,목표 익절 도달 (20.0%),1698410,0.2000,12834,상승
2023-05-09,241560,두산밥캣,SELL,157,51100,8022700,[리밸런싱] 긴급 매도 (점수 63.5 < 65.0),162672,0.0220,10028,상승
2023-05-09,073240,금호타이어,SELL,1905,4765,9077325,[리밸런싱] 긴급 매도 (점수 64.6 < 65.0),312503,0.0370,11347,상승
2023-05-09,014940,오리엔탈정공,SELL,2390,3645,8711550,[리밸런싱] 긴급 매도 (점수 62.7 < 65.0),144461,0.0182,10889,상승
2023-05-09,044490,태웅,SELL,624,14070,8779680,[리밸런싱] 긴급 매도 (점수 64.9 < 65.0),219905,0.0270,10975,상승
2023-05-09,012860,모베이스전자,SELL,3235,3200,10352000,[리밸런싱] 긴급 매도 (점수 63.5 < 65.0),1782485,0.2098,12940,상승
2023-05-09,200880,서연이화,BUY,589,15590,9182510,"리밸런싱 매수 (4위, 65.5점)",0,0.0000,11478,상승
2023-05-09,336570,원텍,BUY,1374,6680,9178320,"리밸런싱 매수 (5위, 65.1점)",0,0.0000,11473,상승
2023-05-09,044490,태웅,BUY,661,13880,9174680,"리밸런싱 매수 (7위, 64.9점)",0,0.0000,11468,상승
2023-05-09,073240,금호타이어,BUY,1868,4915,9181220,"리밸런싱 매수 (8위, 64.6점)",0,0.0000,11477,상승
2023-05-09,010100,한국무브넥스,BUY,2239,4100,9179900,"리밸런싱 매수 (9위, 64.3점)",0,0.0000,11475,상승
2023-05-09,011230,삼화전자,BUY,1000,9178,9178000,"리밸런싱 매수 (10위, 64.1점)",0,0.0000,11472,상승
2023-05-09,200880,서연이화,SELL,589,18708,11019012,목표 익절 도달 (20.0%),1822728,0.2000,13774,상승
2023-05-10,336570,원텍,SELL,1374,7700,10579800,[리밸런싱] 긴급 매도 (점수 63.1 < 65.0),1388255,0.1527,13225,상승
2023-05-10,044490,태웅,SELL,661,13350,8824350,[리밸런싱] 긴급 매도 (점수 61.8 < 65.0),-361360,-0.0382,11030,상승
2023-05-10,073240,금호타이어,SELL,1868,4730,8835640,[리밸런싱] 긴급 매도 (점수 64.3 < 65.0),-356625,-0.0376,11045,상승
2023-05-10,010100,한국무브넥스,SELL,2239,4175,9347825,[리밸런싱] 긴급 매도 (점수 64.1 < 65.0),156240,0.0183,11685,상승
2023-05-10,011230,삼화전자,SELL,1000,8025,8025000,[리밸런싱] 긴급 매도 (점수 64.0 < 65.0),-1163031,-0.1256,10031,상승
2023-05-10,013310,아진산업,BUY,2522,3734,9417148,"리밸런싱 매수 (5위, 65.2점)",0,0.0000,11771,상승
2023-05-10,200880,서연이화,BUY,550,17120,9416000,"리밸런싱 매수 (6위, 64.8점)",0,0.0000,11770,상승
2023-05-10,073240,금호타이어,BUY,1976,4765,9415640,"리밸런싱 매수 (7위, 64.3점)",0,0.0000,11770,상승
2023-05-10,001340,PKC,BUY,1257,7491,9416187,"리밸런싱 매수 (8위, 64.3점)",0,0.0000,11770,상승
2023-05-10,352820,하이브,BUY,33,277500,9157500,"리밸런싱 매수 (9위, 64.2점)",0,0.0000,11447,상승
2023-05-10,010100,한국무브넥스,BUY,2294,4105,9416870,"리밸런싱 매수 (10위, 64.1점)",0,0.0000,11771,상승
2023-05-10,013310,아진산업,SELL,2522,4481,11300578,목표 익절 도달 (20.0%),1869304,0.2000,14126,상승
2023-05-11,101490,에스앤에스텍,SELL,192,48850,9379200,[리밸런싱] 긴급 매도 (점수 64.6 < 65.0),621876,0.0724,11724,상승
2023-05-11,200880,서연이화,SELL,550,19590,10774500,[리밸런싱] 긴급 매도 (점수 64.5 < 65.0),1345032,0.1443,13468,상승
2023-05-11,073240,금호타이어,SELL,1976,4680,9247680,[리밸런싱] 긴급 매도 (점수 62.9 < 65.0),-179520,-0.0178,11560,상승
2023-05-11,001340,PKC,SELL,1257,7829,9841053,[리밸런싱] 긴급 매도 (점수 61.8 < 65.0),412565,0.0451,12301,상승
2023-05-11,013310,아진산업,BUY,2279,4448,10136992,"리밸런싱 매수 (6위, 64.9점)",0,0.0000,12671,상승
2023-05-11,036620,감성코퍼레이션,BUY,3442,2945,10136690,"리밸런싱 매수 (7위, 64.8점)",0,0.0000,12671,상승
2023-05-11,044490,태웅,BUY,753,13460,10135380,"리밸런싱 매수 (8위, 64.6점)",0,0.0000,12669,상승
2023-05-11,101490,에스앤에스텍,BUY,196,51500,10094000,"리밸런싱 매수 (9위, 64.6점)",0,0.0000,12618,상승
2023-05-11,200880,서연이화,BUY,596,17000,10132000,"리밸런싱 매수 (10위, 64.5점)",0,0.0000,12665,상승
2023-05-11,200880,서연이화,SELL,596,19890,11854440,목표 익절 도달 (17.0%),1707622,0.1700,14818,상승
2023-05-12,001080,만호제강,SELL,144,61749,8891856,[리밸런싱] 팩터 데이터 없음,882117,0.1117,11115,상승
2023-05-12,352820,하이브,SELL,33,282000,9306000,[리밸런싱] 긴급 매도 (점수 63.6 < 65.0),136868,0.0162,11632,상승
2023-05-12,010100,한국무브넥스,SELL,2294,4110,9428340,[리밸런싱] 긴급 매도 (점수 62.0 < 65.0),-315,0.0012,11785,상승
2023-05-12,013310,아진산업,SELL,2279,4641,10576839,[리밸런싱] 긴급 매도 (점수 64.1 < 65.0),426626,0.0434,13221,상승
2023-05-12,036620,감성코퍼레이션,SELL,3442,3045,10480890,[리밸런싱] 긴급 매도 (점수 60.5 < 65.0),331099,0.0340,13101,상승
2023-05-12,101490,에스앤에스텍,SELL,196,48300,9466800,[리밸런싱] 긴급 매도 (점수 63.4 < 65.0),-639034,-0.0621,11834,상승
2023-05-12,065510,휴비츠,BUY,559,17850,9978150,"리밸런싱 매수 (4위, 64.4점)",0,0.0000,12473,상승
2023-05-12,122870,와이지엔터테인먼트,BUY,137,72500,9932500,"리밸런싱 매수 (5위, 64.3점)",0,0.0000,12416,상승
2023-05-12,013310,아진산업,BUY,2217,4504,9985368,"리밸런싱 매수 (6위, 64.1점)",0,0.0000,12482,상승
2023-05-12,024900,디와이덕양,BUY,1248,8000,9984000,"리밸런싱 매수 (7위, 64.1점)",0,0.0000,12480,상승
2023-05-12,200880,서연이화,BUY,477,20900,9969300,"리밸런싱 매수 (8위, 64.0점)",0,0.0000,12462,상승
2023-05-12,011230,삼화전자,BUY,1285,7768,9981880,"리밸런싱 매수 (9위, 64.0점)",0,0.0000,12477,상승
2023-05-12,012860,모베이스전자,BUY,3426,2915,9986790,"리밸런싱 매수 (10위, 63.7점)",0,0.0000,12483,상승
2023-05-12,010690,화신,SELL,614,16716,10263624,목표 익절 도달 (20.0%),1697774,0.2000,12830,상승
2023-05-15,065510,휴비츠,SELL,559,17550,9810450,[리밸런싱] 긴급 매도 (점수 64.2 < 65.0),-179963,-0.0168,12263,상승
2023-05-15,013310,아진산업,SELL,2217,5139,11393163,[리밸런싱] 긴급 매도 (점수 64.4 < 65.0),1393554,0.1410,14241,상승
2023-05-15,024900,디와이덕양,SELL,1248,8300,10358400,[리밸런싱] 긴급 매도 (점수 63.5 < 65.0),361452,0.0375,12948,상승
2023-05-15,200880,서연이화,SELL,477,20250,9659250,[리밸런싱] 긴급 매도 (점수 64.5 < 65.0),-322124,-0.0311,12074,상승
2023-05-15,011230,삼화전자,SELL,1285,7182,9228870,[리밸런싱] 긴급 매도 (점수 63.9 < 65.0),-764546,-0.0754,11536,상승
2023-05-15,012860,모베이스전자,SELL,3426,2755,9438630,[리밸런싱] 긴급 매도 (점수 63.5 < 65.0),-559958,-0.0549,11798,상승
2023-05-15,001080,만호제강,BUY,162,61463,9957006,"리밸런싱 매수 (1위, 68.6점)",0,0.0000,12446,상승
2023-05-15,073240,금호타이어,BUY,2145,4665,10006425,"리밸런싱 매수 (3위, 66.3점)",0,0.0000,12508,상승
2023-05-15,010690,화신,BUY,607,16480,10003360,"리밸런싱 매수 (4위, 65.5점)",0,0.0000,12504,상승
2023-05-15,013520,화승코퍼레이션,BUY,4390,2280,10009200,"리밸런싱 매수 (6위, 65.2점)",0,0.0000,12512,상승
2023-05-15,000430,대원강업,BUY,2087,4795,10007165,"리밸런싱 매수 (7위, 65.2점)",0,0.0000,12509,상승
2023-05-15,036620,감성코퍼레이션,BUY,3287,3045,10008915,"리밸런싱 매수 (9위, 64.8점)",0,0.0000,12511,상승
2023-05-15,200880,서연이화,BUY,509,19650,10001850,"리밸런싱 매수 (10위, 64.5점)",0,0.0000,12502,상승
2023-05-16,044490,태웅,SELL,753,13250,9977250,[리밸런싱] 긴급 매도 (점수 62.4 < 65.0),-170602,-0.0156,12472,상승
2023-05-16,073240,금호타이어,SELL,2145,4775,10242375,[리밸런싱] 긴급 매도 (점수 61.6 < 65.0),223147,0.0236,12803,상승
2023-05-16,010690,화신,SELL,607,15000,9105000,[리밸런싱] 긴급 매도 (점수 63.6 < 65.0),-909741,-0.0898,11381,상승
2023-05-16,000430,대원강업,SELL,2087,4435,9255845,[리밸런싱] 긴급 매도 (점수 59.4 < 65.0),-762890,-0.0751,11570,상승
2023-05-16,036620,감성코퍼레이션,SELL,3287,3290,10814230,[리밸런싱] 긴급 매도 (점수 64.7 < 65.0),791797,0.0805,13518,상승
2023-05-16,200880,서연이화,SELL,509,19390,9869510,[리밸런싱] 긴급 매도 (점수 64.4 < 65.0),-144677,-0.0132,12337,상승
2023-05-16,352820,하이브,BUY,42,279000,11718000,"리밸런싱 매수 (2위, 66.0점)",0,0.0000,14648,상승
2023-05-16,114840,아이패밀리에스씨,BUY,1065,11103,11824695,"리밸런싱 매수 (4위, 65.7점)",0,0.0000,14781,상승
2023-05-16,214450,파마리서치,BUY,107,110100,11780700,"리밸런싱 매수 (7위, 65.3점)",0,0.0000,14726,상승
2023-05-16,036620,감성코퍼레이션,BUY,3733,3170,11833610,"리밸런싱 매수 (8위, 64.7점)",0,0.0000,14792,상승
2023-05-16,200880,서연이화,BUY,541,21850,11820850,"리밸런싱 매수 (10위, 64.4점)",0,0.0000,14776,상승
2023-05-17,013520,화승코퍼레이션,SELL,4390,2390,10492100,[리밸런싱] 긴급 매도 (점수 64.9 < 65.0),469785,0.0482,13115,상승
2023-05-17,036620,감성코퍼레이션,SELL,3733,3215,12001595,[리밸런싱] 긴급 매도 (점수 63.7 < 65.0),152983,0.0142,15002,상승
2023-05-17,200880,서연이화,SELL,541,20800,11252800,[리밸런싱] 긴급 매도 (점수 64.6 < 65.0),-582116,-0.0481,14066,상승
2023-05-17,043370,피에이치에이,BUY,859,9840,8452560,"리밸런싱 매수 (6위, 66.0점)",0,0.0000,10566,상승
2023-05-17,013520,화승코퍼레이션,BUY,3516,2405,8455980,"리밸런싱 매수 (8위, 64.9점)",0,0.0000,10570,상승
2023-05-17,200880,서연이화,BUY,436,19390,8454040,"리밸런싱 매수 (9위, 64.6점)",0,0.0000,10568,상승
2023-05-17,035900,JYP Ent.,BUY,75,112300,8422500,"리밸런싱 매수 (10위, 64.2점)",0,0.0000,10528,상승
2023-05-17,122870,와이지엔터테인먼트,SELL,137,87000,11919000,목표 익절 도달 (20.0%),1971601,0.2000,14899,상승
2023-05-18,001080,만호제강,SELL,162,60986,9879732,[리밸런싱] 긴급 매도 (점수 64.7 < 65.0),-89624,-0.0078,12350,상승
2023-05-18,013520,화승코퍼레이션,SELL,3516,2445,8596620,[리밸런싱] 팩터 데이터 없음,129894,0.0166,10746,상승
2023-05-18,200880,서연이화,SELL,436,20550,8959800,[리밸런싱] 긴급 매도 (점수 64.6 < 65.0),494560,0.0598,11200,상승
2023-05-18,035900,JYP Ent.,SELL,75,119800,8985000,[리밸런싱] 긴급 매도 (점수 63.8 < 65.0),551269,0.0668,11231,상승
2023-05-18,122870,와이지엔터테인먼트,BUY,106,90600,9603600,"리밸런싱 매수 (2위, 67.3점)",0,0.0000,12004,상승
2023-05-18,211050,인카금융서비스,BUY,4071,2372,9656412,"리밸런싱 매수 (4위, 66.6점)",0,0.0000,12071,상승
2023-05-18,001080,만호제강,BUY,155,62035,9615425,"리밸런싱 매수 (8위, 64.7점)",0,0.0000,12019,상승
2023-05-18,200880,서연이화,BUY,468,20600,9640800,"리밸런싱 매수 (9위, 64.6점)",0,0.0000,12051,상승
2023-05-18,036620,감성코퍼레이션,BUY,3003,3215,9654645,"리밸런싱 매수 (10위, 64.2점)",0,0.0000,12068,상승
2023-05-19,114840,아이패밀리에스씨,SELL,1065,9932,10577580,[리밸런싱] 긴급 매도 (점수 63.4 < 65.0),-1260337,-0.1055,13222,상승
2023-05-19,211050,인카금융서비스,SELL,4071,2390,9729690,[리밸런싱] 팩터 데이터 없음,61116,0.0076,12162,상승
2023-05-19,001080,만호제강,SELL,155,61272,9497160,[리밸런싱] 긴급 매도 (점수 63.3 < 65.0),-130136,-0.0123,11871,상승
2023-05-19,200880,서연이화,SELL,468,19910,9317880,[리밸런싱] 긴급 매도 (점수 64.1 < 65.0),-334567,-0.0335,11647,상승
2023-05-19,036620,감성코퍼레이션,SELL,3003,3185,9564555,[리밸런싱] 긴급 매도 (점수 63.8 < 65.0),-102046,-0.0093,11956,상승
2023-05-19,101490,에스앤에스텍,BUY,196,49600,9721600,"리밸런싱 매수 (6위, 65.6점)",0,0.0000,12152,상승
2023-05-19,217190,제너셈,BUY,1332,7304,9728928,"리밸런싱 매수 (7위, 64.8점)",0,0.0000,12161,상승
2023-05-19,200880,서연이화,BUY,469,20750,9731750,"리밸런싱 매수 (8위, 64.1점)",0,0.0000,12165,상승
2023-05-19,065510,휴비츠,BUY,451,21550,9719050,"리밸런싱 매수 (9위, 64.1점)",0,0.0000,12149,상승
2023-05-19,024900,디와이덕양,BUY,1072,9080,9733760,"리밸런싱 매수 (10위, 64.0점)",0,0.0000,12167,상승
2023-05-22,352820,하이브,SELL,42,269000,11298000,[리밸런싱] 긴급 매도 (점수 63.5 < 65.0),-434122,-0.0358,14122,상승
2023-05-22,043370,피에이치에이,SELL,859,10270,8821930,[리밸런싱] 긴급 매도 (점수 64.7 < 65.0),358343,0.0437,11027,상승
2023-05-22,200880,서연이화,SELL,469,20000,9380000,[리밸런싱] 긴급 매도 (점수 64.4 < 65.0),-363475,-0.0361,11725,상승
2023-05-22,065510,휴비츠,SELL,451,23000,10373000,[리밸런싱] 긴급 매도 (점수 63.8 < 65.0),640984,0.0673,12966,상승
2023-05-22,024900,디와이덕양,SELL,1072,8040,8618880,[리밸런싱] 긴급 매도 (점수 63.9 < 65.0),-1125654,-0.1145,10774,상승
2023-05-22,043370,피에이치에이,BUY,926,10450,9676700,"리밸런싱 매수 (6위, 64.7점)",0,0.0000,12096,상승
2023-05-22,200880,서연이화,BUY,490,19760,9682400,"리밸런싱 매수 (7위, 64.4점)",0,0.0000,12103,상승
2023-05-22,073240,금호타이어,BUY,1948,4970,9681560,"리밸런싱 매수 (8위, 64.2점)",0,0.0000,12102,상승
2023-05-22,036620,감성코퍼레이션,BUY,3093,3130,9681090,"리밸런싱 매수 (9위, 64.2점)",0,0.0000,12101,상승
2023-05-22,017800,현대엘리베이터,BUY,220,43900,9658000,"리밸런싱 매수 (10위, 64.0점)",0,0.0000,12072,상승
2023-05-23,101490,에스앤에스텍,SELL,196,50500,9898000,[리밸런싱] 긴급 매도 (점수 65.0 < 65.0),164028,0.0181,12372,상승
2023-05-23,200880,서연이화,SELL,490,19190,9403100,[리밸런싱] 긴급 매도 (점수 63.5 < 65.0),-291054,-0.0288,11754,상승
2023-05-23,073240,금호타이어,SELL,1948,4940,9623120,[리밸런싱] 긴급 매도 (점수 62.9 < 65.0),-70469,-0.0060,12029,상승
2023-05-23,036620,감성코퍼레이션,SELL,3093,3110,9619230,[리밸런싱] 긴급 매도 (점수 62.4 < 65.0),-73884,-0.0064,12024,상승
2023-05-23,017800,현대엘리베이터,SELL,220,43800,9636000,[리밸런싱] 긴급 매도 (점수 63.2 < 65.0),-34045,-0.0023,12045,상승
2023-05-23,114840,아이패밀리에스씨,BUY,961,10002,9611922,"리밸런싱 매수 (6위, 65.3점)",0,0.0000,12015,상승
2023-05-23,101490,에스앤에스텍,BUY,193,49800,9611400,"리밸런싱 매수 (7위, 65.0점)",0,0.0000,12014,상승
2023-05-23,241560,두산밥캣,BUY,178,53900,9594200,"리밸런싱 매수 (8위, 64.6점)",0,0.0000,11993,상승
2023-05-23,352820,하이브,BUY,35,271000,9485000,"리밸런싱 매수 (9위, 64.2점)",0,0.0000,11856,상승
2023-05-23,370090,퓨런티어,BUY,320,30000,9600000,"리밸런싱 매수 (10위, 64.1점)",0,0.0000,12000,상승
2023-05-24,101490,에스앤에스텍,SELL,193,49950,9640350,[리밸런싱] 긴급 매도 (점수 63.7 < 65.0),16900,0.0030,12050,상승
2023-05-24,241560,두산밥캣,SELL,178,54800,9754400,[리밸런싱] 긴급 매도 (점수 64.3 < 65.0),148007,0.0167,12193,상승
2023-05-24,352820,하이브,SELL,35,267500,9362500,[리밸런싱] 긴급 매도 (점수 63.7 < 65.0),-134203,-0.0129,11703,상승
2023-05-24,370090,퓨런티어,SELL,320,27900,8928000,[리밸런싱] 긴급 매도 (점수 57.4 < 65.0),-683160,-0.0700,11160,상승
2023-05-24,036620,감성코퍼레이션,BUY,3050,3095,9439750,"리밸런싱 매수 (7위, 64.7점)",0,0.0000,11800,상승
2023-05-24,241560,두산밥캣,BUY,174,54200,9430800,"리밸런싱 매수 (8위, 64.3점)",0,0.0000,11788,상승
2023-05-24,363250,진시스템,BUY,490,19250,9432500,"리밸런싱 매수 (9위, 64.1점)",0,0.0000,11791,상승
2023-05-24,001080,만호제강,BUY,156,60413,9424428,"리밸런싱 매수 (10위, 64.1점)",0,0.0000,11781,상승
2023-05-25,363250,진시스템,SELL,490,20500,10045000,[리밸런싱] 긴급 매도 (점수 63.2 < 65.0),599944,0.0649,12556,상승
2023-05-25,001080,만호제강,SELL,156,62990,9826440,[리밸런싱] 긴급 매도 (점수 64.3 < 65.0),389729,0.0427,12283,상승
2023-05-25,101490,에스앤에스텍,BUY,195,50800,9906000,"리밸런싱 매수 (9위, 64.9점)",0,0.0000,12382,상승
2023-05-25,001080,만호제강,BUY,157,62990,9889430,"리밸런싱 매수 (10위, 64.3점)",0,0.0000,12362,상승
2023-05-25,217190,제너셈,SELL,1332,8765,11674714,목표 익절 도달 (20.0%),1931192,0.2000,14593,상승
2023-05-25,114840,아이패밀리에스씨,SELL,961,12002,11534306,목표 익절 도달 (20.0%),1907967,0.2000,14418,상승
2023-05-26,036620,감성코퍼레이션,SELL,3050,3490,10644500,[리밸런싱] 긴급 매도 (점수 64.3 < 65.0),1191444,0.1276,13306,상승
2023-05-26,101490,에스앤에스텍,SELL,195,51000,9945000,[리밸런싱] 긴급 매도 (점수 63.3 < 65.0),26569,0.0039,12431,상승
2023-05-26,001080,만호제강,SELL,157,62990,9889430,[리밸런싱] 긴급 매도 (점수 63.0 < 65.0),-12362,0.0000,12362,상승
2023-05-26,211050,인카금융서비스,BUY,4145,2588,10727260,"리밸런싱 매수 (1위, 67.4점)",0,0.0000,13409,상승
2023-05-26,217190,제너셈,BUY,1226,8744,10720144,"리밸런싱 매수 (3위, 66.5점)",0,0.0000,13400,상승
2023-05-26,114840,아이패밀리에스씨,BUY,930,11527,10720110,"리밸런싱 매수 (6위, 65.9점)",0,0.0000,13400,상승
2023-05-26,251630,브이원텍,BUY,964,11120,10719680,"리밸런싱 매수 (8위, 65.4점)",0,0.0000,13400,상승
2023-05-26,036620,감성코퍼레이션,BUY,3039,3530,10727670,"리밸런싱 매수 (10위, 64.3점)",0,0.0000,13410,상승
2023-05-30,196300,HLB펩,SELL,638,14700,9378600,[리밸런싱] 긴급 매도 (점수 64.8 < 65.0),434877,0.0500,11723,상승
2023-05-30,043370,피에이치에이,SELL,926,10550,9769300,[리밸런싱] 긴급 매도 (점수 64.5 < 65.0),80388,0.0096,12212,상승
2023-05-30,241560,두산밥캣,SELL,174,53400,9291600,[리밸런싱] 긴급 매도 (점수 63.1 < 65.0),-150814,-0.0148,11614,상승
2023-05-30,211050,인카금융서비스,SELL,4145,2700,11191500,[리밸런싱] 긴급 매도 (점수 64.8 < 65.0),450251,0.0433,13989,상승
2023-05-30,036620,감성코퍼레이션,SELL,3039,3425,10408575,[리밸런싱] 긴급 매도 (점수 64.0 < 65.0),-332106,-0.0297,13011,상승
2023-05-30,211050,인카금융서비스,BUY,3566,2800,9984800,"리밸런싱 매수 (6위, 64.8점)",0,0.0000,12481,상승
2023-05-30,196300,HLB펩,BUY,674,14800,9975200,"리밸런싱 매수 (7위, 64.8점)",0,0.0000,12469,상승
2023-05-30,352820,하이브,BUY,36,270500,9738000,"리밸런싱 매수 (8위, 64.7점)",0,0.0000,12172,상승
2023-05-30,093520,매커스,BUY,695,14350,9973250,"리밸런싱 매수 (9위, 64.7점)",0,0.0000,12467,상승
2023-05-30,101490,에스앤에스텍,BUY,192,52000,9984000,"리밸런싱 매수 (10위, 64.5점)",0,0.0000,12480,상승
2023-05-30,093520,매커스,SELL,695,17220,11967900,목표 익절 도달 (20.0%),1979690,0.2000,14960,상승
2023-05-31,211050,인카금융서비스,SELL,3566,2766,9863556,[리밸런싱] 긴급 매도 (점수 61.5 < 65.0),-133573,-0.0121,12329,상승
2023-05-31,196300,HLB펩,SELL,674,15000,10110000,[리밸런싱] 긴급 매도 (점수 64.3 < 65.0),122162,0.0135,12638,상승
2023-05-31,352820,하이브,SELL,36,274000,9864000,[리밸런싱] 긴급 매도 (점수 64.1 < 65.0),113670,0.0129,12330,상승
2023-05-31,101490,에스앤에스텍,SELL,192,55400,10636800,[리밸런싱] 긴급 매도 (점수 62.9 < 65.0),639504,0.0654,13296,상승
2023-05-31,095340,ISC,BUY,211,49800,10507800,"리밸런싱 매수 (6위, 65.4점)",0,0.0000,13135,상승
2023-05-31,043370,피에이치에이,BUY,999,10520,10509480,"리밸런싱 매수 (7위, 64.5점)",0,0.0000,13137,상승
2023-05-31,144960,뉴파워프라즈마,BUY,1785,5890,10513650,"리밸런싱 매수 (8위, 64.5점)",0,0.0000,13142,상승
2023-05-31,196300,HLB펩,BUY,720,14600,10512000,"리밸런싱 매수 (9위, 64.3점)",0,0.0000,13140,상승
2023-05-31,352820,하이브,BUY,38,272500,10355000,"리밸런싱 매수 (10위, 64.1점)",0,0.0000,12944,상승
2023-06-01,251630,브이원텍,SELL,964,12150,11712600,[리밸런싱] 긴급 매도 (점수 62.6 < 65.0),978279,0.0926,14641,상승
2023-06-01,095340,ISC,SELL,211,50700,10697700,[리밸런싱] 긴급 매도 (점수 64.4 < 65.0),176528,0.0181,13372,상승
2023-06-01,043370,피에이치에이,SELL,999,10370,10359630,[리밸런싱] 긴급 매도 (점수 64.4 < 65.0),-162800,-0.0143,12950,상승
2023-06-01,144960,뉴파워프라즈마,SELL,1785,6100,10888500,[리밸런싱] 긴급 매도 (점수 64.5 < 65.0),361239,0.0357,13611,상승
2023-06-01,196300,HLB펩,SELL,720,15030,10821600,[리밸런싱] 팩터 데이터 없음,296073,0.0295,13527,상승
2023-06-01,352820,하이브,SELL,38,277500,10545000,[리밸런싱] 긴급 매도 (점수 63.7 < 65.0),176819,0.0183,13181,상승
2023-06-01,036620,감성코퍼레이션,BUY,3232,3355,10843360,"리밸런싱 매수 (4위, 66.0점)",0,0.0000,13554,상승
2023-06-01,241560,두산밥캣,BUY,199,54500,10845500,"리밸런싱 매수 (6위, 64.8점)",0,0.0000,13557,상승
2023-06-01,144960,뉴파워프라즈마,BUY,1792,6050,10841600,"리밸런싱 매수 (7위, 64.5점)",0,0.0000,13552,상승
2023-06-01,095340,ISC,BUY,219,49300,10796700,"리밸런싱 매수 (8위, 64.4점)",0,0.0000,13496,상승
2023-06-01,043370,피에이치에이,BUY,1037,10450,10836650,"리밸런싱 매수 (9위, 64.4점)",0,0.0000,13546,상승
2023-06-01,013310,아진산업,BUY,2043,5308,10844244,"리밸런싱 매수 (10위, 64.0점)",0,0.0000,13555,상승
2023-06-02,144960,뉴파워프라즈마,SELL,1792,6080,10895360,[리밸런싱] 긴급 매도 (점수 64.3 < 65.0),40141,0.0050,13619,상승
2023-06-02,013310,아진산업,SELL,2043,5440,11113920,[리밸런싱] 긴급 매도 (점수 63.7 < 65.0),255784,0.0249,13892,상승
2023-06-02,057680,티사이언티픽,BUY,3085,3560,10982600,"리밸런싱 매수 (5위, 65.7점)",0,0.0000,13728,상승
2023-06-02,001200,유진투자증권,BUY,3273,3355,10980915,"리밸런싱 매수 (9위, 65.3점)",0,0.0000,13726,상승
2023-06-05,122870,와이지엔터테인먼트,SELL,106,91100,9656600,[리밸런싱] 긴급 매도 (점수 64.7 < 65.0),40929,0.0055,12071,상승
2023-06-05,144960,뉴파워프라즈마,BUY,1577,6100,9619700,"리밸런싱 매수 (6위, 66.4점)",0,0.0000,12025,상승
2023-06-05,036620,감성코퍼레이션,SELL,3232,4026,13012032,목표 익절 도달 (20.0%),2152407,0.2000,16265,상승
2023-06-07,043370,피에이치에이,SELL,1037,10480,10867760,[리밸런싱] 긴급 매도 (점수 63.0 < 65.0),17525,0.0029,13585,상승
2023-06-07,036620,감성코퍼레이션,BUY,3052,3905,11918060,"리밸런싱 매수 (2위, 68.2점)",0,0.0000,14898,상승
2023-06-07,263860,지니언스,BUY,804,14820,11915280,"리밸런싱 매수 (8위, 65.9점)",0,0.0000,14894,상승
2023-06-09,114840,아이패밀리에스씨,SELL,930,12678,11790540,[리밸런싱] 긴급 매도 (점수 65.0 < 65.0),1055692,0.0999,14738,상승
2023-06-09,035900,JYP Ent.,BUY,91,128700,11711700,"리밸런싱 매수 (3위, 68.4점)",0,0.0000,14640,상승
2023-06-12,057680,티사이언티픽,SELL,3085,3875,11954375,[리밸런싱] 긴급 매도 (점수 64.7 < 65.0),956832,0.0885,14943,상승
2023-06-12,352820,하이브,BUY,42,284500,11949000,"리밸런싱 매수 (5위, 68.4점)",0,0.0000,14936,상승
2023-06-12,214450,파마리서치,SELL,107,132120,14136840,목표 익절 도달 (20.0%),2338469,0.2000,17671,상승
2023-06-13,214450,파마리서치,BUY,105,134400,14112000,"리밸런싱 매수 (2위, 69.2점)",0,0.0000,17640,상승
2023-06-15,144960,뉴파워프라즈마,SELL,1577,6170,9730090,[리밸런싱] 긴급 매도 (점수 64.9 < 65.0),98227,0.0115,12163,상승
2023-06-15,009540,HD한국조선해양,BUY,90,107000,9630000,"리밸런싱 매수 (2위, 69.4점)",0,0.0000,12038,상승
2023-06-19,241560,두산밥캣,SELL,199,60300,11999700,[리밸런싱] 긴급 매도 (점수 64.7 < 65.0),1139200,0.1064,15000,상승
2023-06-19,096350,대창솔루션,BUY,4113,2930,12051090,"리밸런싱 매수 (3위, 68.7점)",0,0.0000,15064,상승
2023-06-20,001200,유진투자증권,SELL,3273,3395,11111835,[리밸런싱] 긴급 매도 (점수 62.5 < 65.0),117030,0.0119,13890,상승
2023-06-20,018290,브이티,BUY,1279,8660,11076140,"리밸런싱 매수 (4위, 68.5점)",0,0.0000,13845,상승
2023-06-21,095340,ISC,SELL,219,52000,11388000,[리밸런싱] 긴급 매도 (점수 64.7 < 65.0),577065,0.0548,14235,상승
2023-06-21,073010,케이에스피,BUY,4730,2403,11366190,"리밸런싱 매수 (5위, 68.2점)",0,0.0000,14208,상승
2023-06-21,096350,대창솔루션,SELL,4113,3516,14461308,목표 익절 도달 (20.0%),2392141,0.2000,18077,상승
2023-06-22,089970,브이엠,BUY,807,17880,14429160,"리밸런싱 매수 (5위, 68.0점)",0,0.0000,18036,상승
2023-06-26,035900,JYP Ent.,SELL,91,130000,11830000,[리밸런싱] 긴급 매도 (점수 62.9 < 65.0),103512,0.0101,14788,상승
2023-06-26,214150,클래시스,BUY,348,33850,11779800,"리밸런싱 매수 (4위, 68.3점)",0,0.0000,14725,상승
2023-06-27,352820,하이브,SELL,42,292000,12264000,[리밸런싱] 긴급 매도 (점수 65.0 < 65.0),299670,0.0264,15330,상승
2023-06-27,018290,브이티,SELL,1279,9280,11869120,[리밸런싱] 긴급 매도 (점수 64.6 < 65.0),778144,0.0716,14836,상승
2023-06-27,214150,클래시스,SELL,348,31850,11083800,[리밸런싱] 긴급 매도 (점수 64.8 < 65.0),-709855,-0.0591,13855,상승
2023-06-27,085620,미래에셋생명,BUY,3126,3750,11722500,"리밸런싱 매수 (2위, 68.8점)",0,0.0000,14653,상승
2023-06-27,096350,대창솔루션,BUY,3252,3605,11723460,"리밸런싱 매수 (5위, 67.3점)",0,0.0000,14654,상승
2023-06-27,214430,아이쓰리시스템,BUY,405,28950,11724750,"리밸런싱 매수 (6위, 67.2점)",0,0.0000,14656,상승
2023-06-29,096350,대창솔루션,SELL,3252,3317,10785583,손절 실행 (-8.0%),-951359,-0.0800,13482,횡보
2023-06-30,036620,감성코퍼레이션,SELL,3052,4170,12726840,[리밸런싱] 긴급 매도 (점수 64.5 < 65.0),792871,0.0679,15909,횡보
2023-06-30,001200,유진투자증권,BUY,3251,3605,11719855,"리밸런싱 매수 (1위, 69.5점)",0,0.0000,14650,횡보
2023-06-30,090410,덕신이피씨,BUY,4209,2785,11722065,"리밸런싱 매수 (3위, 68.8점)",0,0.0000,14653,횡보
2023-07-03,263860,지니언스,SELL,804,12200,9808800,[리밸런싱] 긴급 매도 (점수 49.2 < 65.0),-2118741,-0.1768,12261,횡보
2023-07-03,085620,미래에셋생명,SELL,3126,3715,11613090,[리밸런싱] 긴급 매도 (점수 64.4 < 65.0),-123926,-0.0093,14516,횡보
2023-07-03,298040,효성중공업,BUY,90,117500,10575000,"리밸런싱 매수 (4위, 67.4점)",0,0.0000,13219,횡보
2023-07-03,111770,영원무역,BUY,167,63800,10654600,"리밸런싱 매수 (7위, 67.1점)",0,0.0000,13318,횡보
2023-07-04,214450,파마리서치,SELL,105,133600,14028000,[리밸런싱] 긴급 매도 (점수 64.7 < 65.0),-101535,-0.0060,17535,상승
2023-07-04,039440,에스티아이,BUY,692,20400,14116800,"리밸런싱 매수 (9위, 66.7점)",0,0.0000,17646,상승
2023-07-04,217190,제너셈,SELL,1226,10493,12864173,목표 익절 도달 (20.0%),2127949,0.2000,16080,상승
2023-07-04,073010,케이에스피,SELL,4730,2884,13639428,목표 익절 도달 (20.0%),2256189,0.2000,17049,상승
2023-07-05,073010,케이에스피,BUY,4601,2875,13227875,"리밸런싱 매수 (5위, 68.1점)",0,0.0000,16535,상승
2023-07-05,082740,한화엔진,BUY,1203,10990,13220970,"리밸런싱 매수 (6위, 67.4점)",0,0.0000,16526,상승
2023-07-05,089970,브이엠,SELL,807,16450,13274827,손절 실행 (-8.0%),-1170926,-0.0800,16594,상승
2023-07-06,090410,덕신이피씨,SELL,4209,2600,10943400,[리밸런싱] 긴급 매도 (점수 63.8 < 65.0),-792344,-0.0664,13679,상승
2023-07-06,039440,에스티아이,SELL,692,18590,12864280,[리밸런싱] 긴급 매도 (점수 61.5 < 65.0),-1268600,-0.0887,16080,상승
2023-07-06,010120,LS ELECTRIC,BUY,153,80300,12285900,"리밸런싱 매수 (5위, 67.1점)",0,0.0000,15357,상승
2023-07-06,210540,디와이파워,BUY,765,16110,12324150,"리밸런싱 매수 (8위, 66.5점)",0,0.0000,15405,상승
2023-07-06,251970,펌텍코리아,BUY,557,22150,12337550,"리밸런싱 매수 (9위, 66.4점)",0,0.0000,15422,상승
2023-07-06,073010,케이에스피,SELL,4601,2645,12169645,손절 실행 (-8.0%),-1073442,-0.0800,15212,상승
2023-07-07,267270,HD건설기계,BUY,148,82000,12136000,"리밸런싱 매수 (6위, 67.0점)",0,0.0000,15170,횡보
2023-07-10,251970,펌텍코리아,SELL,557,21900,12198300,[리밸런싱] 긴급 매도 (점수 61.7 < 65.0),-154498,-0.0113,15248,하락
2023-07-10,073010,케이에스피,BUY,4703,2595,12204285,"리밸런싱 매수 (5위, 67.3점)",0,0.0000,15255,하락
2023-07-11,210540,디와이파워,SELL,765,16870,12905550,[리밸런싱] 긴급 매도 (점수 64.7 < 65.0),565268,0.0472,16132,하락
2023-07-11,267270,HD건설기계,SELL,148,87600,12964800,[리밸런싱] 긴급 매도 (점수 63.9 < 65.0),812594,0.0683,16206,하락
2023-07-11,010140,삼성중공업,BUY,1783,7240,12908920,"리밸런싱 매수 (6위, 66.8점)",0,0.0000,16136,하락
2023-07-11,103590,일진전기,BUY,1264,10209,12904176,"리밸런싱 매수 (9위, 65.9점)",0,0.0000,16130,하락
2023-07-12,111770,영원무역,SELL,167,61600,10287200,[리밸런싱] 긴급 매도 (점수 64.3 < 65.0),-380259,-0.0345,12859,횡보
2023-07-12,210540,디와이파워,BUY,603,16980,10238940,"리밸런싱 매수 (7위, 66.4점)",0,0.0000,12799,횡보
2023-07-12,009540,HD한국조선해양,SELL,90,128400,11556000,목표 익절 도달 (20.0%),1911555,0.2000,14445,횡보
2023-07-12,298040,효성중공업,SELL,90,141000,12690000,목표 익절 도달 (20.0%),2099138,0.2000,15862,횡보
2023-07-12,073010,케이에스피,SELL,4703,3114,14645142,목표 익절 도달 (20.0%),2422551,0.2000,18306,횡보
2023-07-13,103590,일진전기,SELL,1264,10645,13455280,[리밸런싱] 긴급 매도 (점수 64.2 < 65.0),534285,0.0427,16819,횡보
2023-07-13,210540,디와이파워,SELL,603,17100,10311300,[리밸런싱] 긴급 매도 (점수 65.0 < 65.0),59471,0.0071,12889,횡보
2023-07-13,009540,HD한국조선해양,BUY,97,127900,12406300,"리밸런싱 매수 (1위, 69.8점)",0,0.0000,15508,횡보
2023-07-13,298040,효성중공업,BUY,93,134300,12489900,"리밸런싱 매수 (4위, 68.0점)",0,0.0000,15612,횡보
2023-07-13,073010,케이에스피,BUY,4208,2974,12514592,"리밸런싱 매수 (5위, 67.9점)",0,0.0000,15643,횡보
2023-07-13,089970,브이엠,BUY,720,17360,12499200,"리밸런싱 매수 (8위, 67.0점)",0,0.0000,15624,횡보
2023-07-13,042660,한화오션,BUY,303,41267,12503901,"리밸런싱 매수 (10위, 65.8점)",0,0.0000,15630,횡보
2023-07-13,001200,유진투자증권,SELL,3251,4326,14063826,목표 익절 도달 (20.0%),2326391,0.2000,17580,횡보
2023-07-14,214430,아이쓰리시스템,SELL,405,31500,12757500,[리밸런싱] 긴급 매도 (점수 64.3 < 65.0),1016803,0.0881,15947,횡보
2023-07-14,010120,LS ELECTRIC,SELL,153,90000,13770000,[리밸런싱] 긴급 매도 (점수 64.2 < 65.0),1466888,0.1208,17212,횡보
2023-07-14,298040,효성중공업,SELL,93,131300,12210900,[리밸런싱] 긴급 매도 (점수 63.3 < 65.0),-294264,-0.0223,15264,횡보
2023-07-14,042660,한화오션,SELL,303,42377,12840231,[리밸런싱] 긴급 매도 (점수 63.0 < 65.0),320280,0.0269,16050,횡보
2023-07-14,001200,유진투자증권,BUY,3093,4245,13129785,"리밸런싱 매수 (2위, 68.3점)",0,0.0000,16412,횡보
2023-07-14,353200,대덕전자,BUY,375,35000,13125000,"리밸런싱 매수 (7위, 66.2점)",0,0.0000,16406,횡보
2023-07-14,001060,JW중외제약,BUY,429,30600,13127400,"리밸런싱 매수 (8위, 65.3점)",0,0.0000,16409,횡보
2023-07-14,064290,인텍플러스,BUY,346,37850,13096100,"리밸런싱 매수 (9위, 64.8점)",0,0.0000,16370,횡보
2023-07-14,329180,HD현대중공업,BUY,90,145500,13095000,"리밸런싱 매수 (10위, 64.8점)",0,0.0000,16369,횡보
2023-07-17,064290,인텍플러스,SELL,346,43350,14999100,[리밸런싱] 긴급 매도 (점수 64.6 < 65.0),1884251,0.1453,18749,횡보
2023-07-17,329180,HD현대중공업,SELL,90,146600,13194000,[리밸런싱] 긴급 매도 (점수 64.7 < 65.0),82508,0.0076,16492,횡보
2023-07-17,302550,리메드,BUY,3581,3930,14073330,"리밸런싱 매수 (9위, 65.9점)",0,0.0000,17592,횡보
2023-07-17,214430,아이쓰리시스템,BUY,446,31550,14071300,"리밸런싱 매수 (10위, 65.8점)",0,0.0000,17589,횡보
2023-07-17,010140,삼성중공업,SELL,1783,8688,15490704,목표 익절 도달 (20.0%),2562421,0.2000,19363,횡보
2023-07-18,082740,한화엔진,SELL,1203,11690,14063070,[리밸런싱] 긴급 매도 (점수 64.7 < 65.0),824521,0.0637,17579,횡보
2023-07-18,041520,이엘씨,BUY,1791,8230,14739930,"리밸런싱 매수 (1위, 69.2점)",0,0.0000,18425,횡보
2023-07-18,010140,삼성중공업,BUY,1704,8650,14739600,"리밸런싱 매수 (6위, 66.5점)",0,0.0000,18424,횡보
2023-07-18,001060,JW중외제약,SELL,429,36720,15752880,목표 익절 도달 (20.0%),2605789,0.2000,19691,횡보
2023-07-19,089970,브이엠,SELL,720,17960,12931200,[리밸런싱] 긴급 매도 (점수 64.9 < 65.0),415836,0.0346,16164,횡보
2023-07-19,314930,바이오다인,BUY,1460,9798,14305080,"리밸런싱 매수 (4위, 68.2점)",0,0.0000,17881,횡보
2023-07-19,236810,엔비티,BUY,1591,8990,14303090,"리밸런싱 매수 (7위, 67.7점)",0,0.0000,17879,횡보
2023-07-19,073010,케이에스피,SELL,4208,2736,11513425,손절 실행 (-8.0%),-1015559,-0.0800,14392,횡보
2023-07-19,214430,아이쓰리시스템,SELL,446,37860,16885560,목표 익절 도달 (20.0%),2793153,0.2000,21107,횡보
2023-07-20,214430,아이쓰리시스템,BUY,365,38750,14143750,"리밸런싱 매수 (4위, 68.4점)",0,0.0000,17680,상승
2023-07-20,195870,해성디에스,BUY,204,69200,14116800,"리밸런싱 매수 (8위, 67.6점)",0,0.0000,17646,상승
2023-07-20,041520,이엘씨,SELL,1791,9876,17687916,목표 익절 도달 (20.0%),2925876,0.2000,22110,상승
2023-07-21,041520,이엘씨,BUY,1807,9800,17708600,"리밸런싱 매수 (5위, 67.7점)",0,0.0000,22136,상승
2023-07-24,236810,엔비티,SELL,1591,7840,12473440,[리밸런싱] 긴급 매도 (점수 63.2 < 65.0),-1845242,-0.1279,15592,상승
2023-07-24,092870,엑시콘,BUY,896,13872,12429312,"리밸런싱 매수 (5위, 67.8점)",0,0.0000,15537,상승
2023-07-24,214430,아이쓰리시스템,SELL,365,35650,13012250,손절 실행 (-8.0%),-1147765,-0.0800,16265,상승
2023-07-25,353200,대덕전자,SELL,375,35550,13331250,[리밸런싱] 긴급 매도 (점수 64.7 < 65.0),189586,0.0157,16664,상승
2023-07-25,195870,해성디에스,SELL,204,69100,14096400,[리밸런싱] 긴급 매도 (점수 63.7 < 65.0),-38020,-0.0014,17620,상승
2023-07-25,060370,LS마린솔루션,BUY,1599,8416,13457184,"리밸런싱 매수 (1위, 69.3점)",0,0.0000,16821,상승
2023-07-25,298040,효성중공업,BUY,101,133000,13433000,"리밸런싱 매수 (7위, 67.9점)",0,0.0000,16791,상승
2023-07-25,103590,일진전기,BUY,1281,10503,13454343,"리밸런싱 매수 (9위, 67.7점)",0,0.0000,16818,상승
2023-07-25,060370,LS마린솔루션,SELL,1599,10099,16148621,목표 익절 도달 (20.0%),2671251,0.2000,20186,상승
2023-07-26,302550,리메드,SELL,3581,3618,12956058,[리밸런싱] 긴급 매도 (점수 60.2 < 65.0),-1133467,-0.0794,16195,상승
2023-07-26,314930,바이오다인,SELL,1460,9944,14518240,[리밸런싱] 긴급 매도 (점수 64.9 < 65.0),195012,0.0149,18148,상승
2023-07-26,298040,효성중공업,SELL,101,134700,13604700,[리밸런싱] 긴급 매도 (점수 63.2 < 65.0),154694,0.0128,17006,상승
2023-07-26,103590,일진전기,SELL,1281,9217,11806977,[리밸런싱] 긴급 매도 (점수 57.2 < 65.0),-1662125,-0.1224,14759,상승
2023-07-26,001060,JW중외제약,BUY,367,37467,13750389,"리밸런싱 매수 (3위, 67.5점)",0,0.0000,17188,상승
2023-07-26,399720,가온칩스,BUY,293,47050,13785650,"리밸런싱 매수 (5위, 67.0점)",0,0.0000,17232,상승
2023-07-26,060370,LS마린솔루션,BUY,1394,9890,13786660,"리밸런싱 매수 (8위, 66.5점)",0,0.0000,17233,상승
2023-07-26,108670,LX하우시스,BUY,246,55900,13751400,"리밸런싱 매수 (9위, 66.1점)",0,0.0000,17189,상승
2023-07-26,084650,랩지노믹스,BUY,2854,4830,13784820,"리밸런싱 매수 (10위, 65.7점)",0,0.0000,17231,상승
2023-07-27,009540,HD한국조선해양,SELL,97,118500,11494500,[리밸런싱] 긴급 매도 (점수 64.9 < 65.0),-926168,-0.0735,14368,상승
2023-07-27,084650,랩지노믹스,SELL,2854,4300,12272200,[리밸런싱] 긴급 매도 (점수 61.3 < 65.0),-1527960,-0.1097,15340,상승
2023-07-27,195870,해성디에스,BUY,170,69500,11815000,"리밸런싱 매수 (4위, 67.8점)",0,0.0000,14769,상승
2023-07-27,036930,주성엔지니어링,BUY,499,23750,11851250,"리밸런싱 매수 (5위, 67.3점)",0,0.0000,14814,상승
2023-07-27,060370,LS마린솔루션,SELL,1394,9099,12683727,손절 실행 (-8.0%),-1118787,-0.0800,15855,상승
2023-07-28,108670,LX하우시스,SELL,246,51900,12767400,[리밸런싱] 긴급 매도 (점수 60.9 < 65.0),-999959,-0.0716,15959,상승
2023-07-28,060370,LS마린솔루션,BUY,1266,10048,12720768,"리밸런싱 매수 (2위, 68.6점)",0,0.0000,15901,상승
2023-07-28,122640,예스티,BUY,697,18240,12713280,"리밸런싱 매수 (5위, 67.9점)",0,0.0000,15892,상승
2023-07-28,041520,이엘씨,SELL,1807,11760,21250320,목표 익절 도달 (20.0%),3515157,0.2000,26563,상승
2023-07-28,036930,주성엔지니어링,SELL,499,28500,14221500,목표 익절 도달 (20.0%),2352473,0.2000,17777,상승
2023-07-31,036930,주성엔지니어링,BUY,626,28250,17684500,"리밸런싱 매수 (7위, 67.1점)",0,0.0000,22106,상승
2023-07-31,009540,HD한국조선해양,BUY,142,124400,17664800,"리밸런싱 매수 (8위, 67.1점)",0,0.0000,22081,상승
2023-07-31,060370,LS마린솔루션,SELL,1266,12058,15264922,목표 익절 도달 (20.0%),2525072,0.2000,19081,상승
2023-08-01,001200,유진투자증권,SELL,3093,3700,11444100,[리밸런싱] 긴급 매도 (점수 57.3 < 65.0),-1699990,-0.1284,14305,상승
2023-08-01,001060,JW중외제약,SELL,367,34083,12508461,[리밸런싱] 긴급 매도 (점수 60.6 < 65.0),-1257564,-0.0903,15636,상승
2023-08-01,082740,한화엔진,BUY,1096,11910,13053360,"리밸런싱 매수 (5위, 67.8점)",0,0.0000,16317,상승
2023-08-01,060370,LS마린솔루션,BUY,1137,11479,13051623,"리밸런싱 매수 (6위, 67.4점)",0,0.0000,16315,상승
2023-08-01,092070,디엔에프,BUY,510,25600,13056000,"리밸런싱 매수 (8위, 67.0점)",0,0.0000,16320,상승
2023-08-02,399720,가온칩스,SELL,293,45450,13316850,[리밸런싱] 긴급 매도 (점수 64.2 < 65.0),-485446,-0.0340,16646,상승
2023-08-02,082740,한화엔진,SELL,1096,11700,12823200,[리밸런싱] 긴급 매도 (점수 64.4 < 65.0),-246189,-0.0176,16029,상승
2023-08-02,314930,바이오다인,BUY,1143,11409,13040487,"리밸런싱 매수 (9위, 65.8점)",0,0.0000,16301,상승
2023-08-02,073010,케이에스피,BUY,4443,2935,13040205,"리밸런싱 매수 (10위, 65.6점)",0,0.0000,16300,상승
2023-08-02,036930,주성엔지니어링,SELL,626,25990,16269740,손절 실행 (-8.0%),-1435097,-0.0800,20337,상승
2023-08-02,073010,케이에스피,SELL,4443,3434,15257040,목표 익절 도달 (17.0%),2197764,0.1700,19071,상승
2023-08-03,009540,HD한국조선해양,SELL,142,120000,17040000,[리밸런싱] 긴급 매도 (점수 63.2 < 65.0),-646100,-0.0354,21300,상승
2023-08-03,073010,케이에스피,BUY,4987,3240,16157880,"리밸런싱 매수 (5위, 66.7점)",0,0.0000,20197,상승
2023-08-03,036930,주성엔지니어링,BUY,617,26150,16134550,"리밸런싱 매수 (7위, 66.4점)",0,0.0000,20168,상승
2023-08-03,137400,피엔티,BUY,219,73500,16096500,"리밸런싱 매수 (8위, 66.1점)",0,0.0000,20121,상승
2023-08-03,314930,바이오다인,SELL,1143,10496,11997248,손절 실행 (-8.0%),-1058236,-0.0800,14997,상승
2023-08-04,314930,바이오다인,BUY,1133,10599,12008667,"리밸런싱 매수 (8위, 66.5점)",0,0.0000,15011,상승
2023-08-07,137400,피엔티,SELL,219,69500,15220500,[리밸런싱] 긴급 매도 (점수 60.5 < 65.0),-895026,-0.0544,19026,상승
2023-08-07,214430,아이쓰리시스템,BUY,430,35300,15179000,"리밸런싱 매수 (10위, 65.1점)",0,0.0000,18974,상승
2023-08-07,073010,케이에스피,SELL,4987,2981,14865250,손절 실행 (-8.0%),-1311212,-0.0800,18582,상승
2023-08-08,195870,해성디에스,SELL,170,67800,11526000,[리밸런싱] 긴급 매도 (점수 64.7 < 65.0),-303408,-0.0245,14408,상승
2023-08-08,214430,아이쓰리시스템,SELL,430,36050,15501500,[리밸런싱] 긴급 매도 (점수 64.9 < 65.0),303123,0.0212,19377,상승
2023-08-08,073010,케이에스피,BUY,4618,3019,13941742,"리밸런싱 매수 (5위, 66.5점)",0,0.0000,17427,상승
2023-08-08,001740,SK네트웍스,BUY,2293,6080,13941440,"리밸런싱 매수 (7위, 66.5점)",0,0.0000,17427,상승
2023-08-08,009540,HD한국조선해양,BUY,115,121100,13926500,"리밸런싱 매수 (10위, 65.4점)",0,0.0000,17408,상승
2023-08-09,009540,HD한국조선해양,SELL,115,122300,14064500,[리밸런싱] 긴급 매도 (점수 64.1 < 65.0),120419,0.0099,17581,상승
2023-08-09,091120,이엠텍,BUY,341,41000,13981000,"리밸런싱 매수 (5위, 67.1점)",0,0.0000,17476,상승
2023-08-09,092070,디엔에프,SELL,510,23552,12011520,손절 실행 (-8.0%),-1059494,-0.0800,15014,상승
2023-08-10,092870,엑시콘,SELL,896,13088,11726848,[리밸런싱] 긴급 매도 (점수 63.6 < 65.0),-717123,-0.0565,14659,상승
2023-08-10,073010,케이에스피,SELL,4618,3054,14103372,[리밸런싱] 긴급 매도 (점수 64.9 < 65.0),144001,0.0116,17629,상승
2023-08-10,206640,바디텍메드,BUY,710,17730,12588300,"리밸런싱 매수 (7위, 65.8점)",0,0.0000,15735,상승
2023-08-10,073010,케이에스피,BUY,4121,3058,12602018,"리밸런싱 매수 (9위, 64.9점)",0,0.0000,15753,상승
2023-08-10,018290,브이티,BUY,1259,10010,12602590,"리밸런싱 매수 (10위, 64.7점)",0,0.0000,15753,상승
2023-08-11,036930,주성엔지니어링,SELL,617,24500,15116500,[리밸런싱] 긴급 매도 (점수 64.6 < 65.0),-1036946,-0.0631,18896,상승
2023-08-11,161890,한국콜마,BUY,270,55800,15066000,"리밸런싱 매수 (7위, 66.4점)",0,0.0000,18832,상승
2023-08-14,091120,이엠텍,SELL,341,49200,16777200,목표 익절 도달 (20.0%),2775228,0.2000,20972,상승
2023-08-14,018290,브이티,SELL,1259,11712,14745030,목표 익절 도달 (17.0%),2124009,0.1700,18431,상승
2023-08-16,001740,SK네트웍스,SELL,2293,6350,14560550,[리밸런싱] 긴급 매도 (점수 64.8 < 65.0),600909,0.0444,18201,상승
2023-08-16,073010,케이에스피,SELL,4121,2945,12136345,[리밸런싱] 긴급 매도 (점수 63.6 < 65.0),-480843,-0.0370,15170,상승
2023-08-16,091120,이엠텍,BUY,293,49500,14503500,"리밸런싱 매수 (7위, 65.8점)",0,0.0000,18129,상승
2023-08-16,018290,브이티,BUY,1321,11000,14531000,"리밸런싱 매수 (8위, 65.2점)",0,0.0000,18164,상승
2023-08-16,001740,SK네트웍스,BUY,2310,6290,14529900,"리밸런싱 매수 (9위, 64.8점)",0,0.0000,18162,상승
2023-08-16,053080,케이엔솔,BUY,590,24600,14514000,"리밸런싱 매수 (10위, 64.3점)",0,0.0000,18142,상승
2023-08-17,010140,삼성중공업,SELL,1704,8450,14398800,[리밸런싱] 긴급 매도 (점수 64.7 < 65.0),-358798,-0.0231,17998,상승
2023-08-17,018290,브이티,SELL,1321,10460,13817660,[리밸런싱] 긴급 매도 (점수 64.0 < 65.0),-730612,-0.0491,17272,상승
2023-08-17,001740,SK네트웍스,SELL,2310,6350,14668500,[리밸런싱] 긴급 매도 (점수 64.7 < 65.0),120264,0.0095,18336,상승
2023-08-17,053080,케이엔솔,SELL,590,25700,15163000,[리밸런싱] 긴급 매도 (점수 64.2 < 65.0),630046,0.0447,18954,상승
2023-08-17,001740,SK네트웍스,BUY,2303,6290,14485870,"리밸런싱 매수 (7위, 64.7점)",0,0.0000,18107,상승
2023-08-17,010140,삼성중공업,BUY,1704,8500,14484000,"리밸런싱 매수 (8위, 64.7점)",0,0.0000,18105,상승
2023-08-17,001060,JW중외제약,BUY,319,45313,14454847,"리밸런싱 매수 (9위, 64.2점)",0,0.0000,18069,상승
2023-08-17,053080,케이엔솔,BUY,569,25450,14481050,"리밸런싱 매수 (10위, 64.2점)",0,0.0000,18101,상승
2023-08-17,060370,LS마린솔루션,SELL,1137,10561,12007493,손절 실행 (-8.0%),-1059139,-0.0800,15009,상승
2023-08-18,206640,바디텍메드,SELL,710,18150,12886500,[리밸런싱] 긴급 매도 (점수 62.9 < 65.0),282092,0.0237,16108,상승
2023-08-18,001740,SK네트웍스,SELL,2303,6260,14416780,[리밸런싱] 긴급 매도 (점수 62.7 < 65.0),-87111,-0.0048,18021,상승
2023-08-18,010140,삼성중공업,SELL,1704,8310,14160240,[리밸런싱] 긴급 매도 (점수 62.6 < 65.0),-341460,-0.0224,17700,상승
2023-08-18,001060,JW중외제약,SELL,319,44529,14204751,[리밸런싱] 긴급 매도 (점수 63.2 < 65.0),-267852,-0.0173,17756,상승
2023-08-18,053080,케이엔솔,SELL,569,26250,14936250,[리밸런싱] 긴급 매도 (점수 63.8 < 65.0),436530,0.0314,18670,상승
2023-08-18,018290,브이티,BUY,1622,10170,16495740,"리밸런싱 매수 (3위, 65.6점)",0,0.0000,20620,상승
2023-08-18,060370,LS마린솔루션,BUY,1619,10188,16494372,"리밸런싱 매수 (6위, 64.5점)",0,0.0000,20618,상승
2023-08-18,039030,이오테크닉스,BUY,103,159600,16438800,"리밸런싱 매수 (8위, 63.9점)",0,0.0000,20548,상승
2023-08-18,053080,케이엔솔,BUY,644,25600,16486400,"리밸런싱 매수 (9위, 63.8점)",0,0.0000,20608,상승
2023-08-18,003230,삼양식품,BUY,96,170400,16358400,"리밸런싱 매수 (10위, 63.8점)",0,0.0000,20448,상승
2023-08-21,161890,한국콜마,SELL,270,56600,15282000,[리밸런싱] 긴급 매도 (점수 65.0 < 65.0),196898,0.0143,19102,상승
2023-08-21,060370,LS마린솔루션,SELL,1619,9733,15757727,[리밸런싱] 긴급 매도 (점수 62.8 < 65.0),-756342,-0.0447,19697,상승
2023-08-21,039030,이오테크닉스,SELL,103,168000,17304000,[리밸런싱] 긴급 매도 (점수 64.2 < 65.0),843570,0.0526,21630,상승
2023-08-21,053080,케이엔솔,SELL,644,24800,15971200,[리밸런싱] 긴급 매도 (점수 62.5 < 65.0),-535164,-0.0312,19964,상승
2023-08-21,003230,삼양식품,SELL,96,178300,17116800,[리밸런싱] 긴급 매도 (점수 63.7 < 65.0),737004,0.0464,21396,상승
2023-08-21,192820,코스맥스,BUY,118,137500,16225000,"리밸런싱 매수 (4위, 65.2점)",0,0.0000,20281,상승
2023-08-21,161890,한국콜마,BUY,287,56700,16272900,"리밸런싱 매수 (6위, 65.0점)",0,0.0000,20341,상승
2023-08-21,001740,SK네트웍스,BUY,2517,6470,16284990,"리밸런싱 매수 (7위, 64.8점)",0,0.0000,20356,상승
2023-08-21,039030,이오테크닉스,BUY,96,169600,16281600,"리밸런싱 매수 (8위, 64.2점)",0,0.0000,20352,상승
2023-08-21,206640,바디텍메드,BUY,899,18100,16271900,"리밸런싱 매수 (10위, 63.9점)",0,0.0000,20340,상승
2023-08-21,314930,바이오다인,SELL,1133,12719,14410400,목표 익절 도달 (20.0%),2383720,0.2000,18013,상승
2023-08-22,122640,예스티,SELL,697,17320,12072040,[리밸런싱] 긴급 매도 (점수 64.2 < 65.0),-656330,-0.0504,15090,상승
2023-08-22,001740,SK네트웍스,SELL,2517,6580,16561860,[리밸런싱] 긴급 매도 (점수 64.4 < 65.0),256168,0.0170,20702,상승
2023-08-22,039030,이오테크닉스,SELL,96,164500,15792000,[리밸런싱] 긴급 매도 (점수 64.1 < 65.0),-509340,-0.0301,19740,상승
2023-08-22,314930,바이오다인,BUY,922,12739,11745358,"리밸런싱 매수 (1위, 69.7점)",0,0.0000,14682,상승
2023-08-22,001740,SK네트웍스,BUY,1762,6670,11752540,"리밸런싱 매수 (7위, 64.4점)",0,0.0000,14691,상승
2023-08-22,122640,예스티,BUY,649,18100,11746900,"리밸런싱 매수 (8위, 64.2점)",0,0.0000,14684,상승
2023-08-22,039030,이오테크닉스,BUY,67,175000,11725000,"리밸런싱 매수 (9위, 64.1점)",0,0.0000,14656,상승
2023-08-22,149980,하이로닉,BUY,1006,11676,11746056,"리밸런싱 매수 (10위, 63.8점)",0,0.0000,14683,상승
2023-08-23,122640,예스티,SELL,649,16760,10877240,[리밸런싱] 긴급 매도 (점수 64.2 < 65.0),-883257,-0.0740,13597,상승
2023-08-23,039030,이오테크닉스,SELL,67,162300,10874100,[리밸런싱] 긴급 매도 (점수 64.1 < 65.0),-864493,-0.0726,13593,상승
2023-08-23,149980,하이로닉,SELL,1006,10530,10593180,[리밸런싱] 긴급 매도 (점수 62.8 < 65.0),-1166117,-0.0982,13241,상승
2023-08-23,079960,동양이엔피,BUY,458,23450,10740100,"리밸런싱 매수 (6위, 65.2점)",0,0.0000,13425,상승
2023-08-23,083310,엘오티베큠,BUY,406,26450,10738700,"리밸런싱 매수 (9위, 64.2점)",0,0.0000,13423,상승
2023-08-23,122640,예스티,BUY,621,17300,10743300,"리밸런싱 매수 (10위, 64.2점)",0,0.0000,13429,상승
2023-08-24,079960,동양이엔피,SELL,458,24350,11152300,[리밸런싱] 긴급 매도 (점수 64.9 < 65.0),398260,0.0384,13940,상승
2023-08-24,083310,엘오티베큠,SELL,406,29400,11936400,[리밸런싱] 긴급 매도 (점수 63.1 < 65.0),1182780,0.1115,14920,상승
2023-08-24,122640,예스티,SELL,621,17230,10699830,[리밸런싱] 긴급 매도 (점수 64.4 < 65.0),-56845,-0.0040,13375,상승
2023-08-24,079960,동양이엔피,BUY,472,23800,11233600,"리밸런싱 매수 (8위, 64.9점)",0,0.0000,14042,상승
2023-08-24,122640,예스티,BUY,669,16810,11245890,"리밸런싱 매수 (9위, 64.4점)",0,0.0000,14057,상승
2023-08-24,011810,STX,BUY,348,32289,11236572,"리밸런싱 매수 (10위, 64.1점)",0,0.0000,14046,상승
2023-08-24,018290,브이티,SELL,1622,12204,19794888,목표 익절 도달 (20.0%),3274404,0.2000,24744,상승
2023-08-25,079960,동양이엔피,SELL,472,24600,11611200,[리밸런싱] 긴급 매도 (점수 64.3 < 65.0),363086,0.0336,14514,상승
2023-08-25,122640,예스티,SELL,669,19000,12711000,[리밸런싱] 긴급 매도 (점수 65.0 < 65.0),1449221,0.1303,15889,상승
2023-08-25,011810,STX,SELL,348,27936,9721728,[리밸런싱] 긴급 매도 (점수 63.5 < 65.0),-1526996,-0.1348,12152,상승
2023-08-25,018290,브이티,BUY,1141,11780,13440980,"리밸런싱 매수 (4위, 66.4점)",0,0.0000,16801,상승
2023-08-25,243070,휴온스,BUY,289,46500,13438500,"리밸런싱 매수 (7위, 65.3점)",0,0.0000,16798,상승
2023-08-25,122640,예스티,BUY,758,17730,13439340,"리밸런싱 매수 (9위, 65.0점)",0,0.0000,16799,상승
2023-08-25,079960,동양이엔피,BUY,560,24000,13440000,"리밸런싱 매수 (10위, 64.3점)",0,0.0000,16800,상승
2023-08-25,091120,이엠텍,SELL,293,59400,17404200,목표 익절 도달 (20.0%),2878945,0.2000,21755,상승
2023-08-28,018290,브이티,SELL,1141,11720,13372520,[리밸런싱] 긴급 매도 (점수 64.3 < 65.0),-85176,-0.0051,16716,상승
2023-08-28,243070,휴온스,SELL,289,46850,13539650,[리밸런싱] 긴급 매도 (점수 64.2 < 65.0),84225,0.0075,16925,상승
2023-08-28,079960,동양이엔피,SELL,560,24100,13496000,[리밸런싱] 긴급 매도 (점수 63.4 < 65.0),39130,0.0042,16870,상승
2023-08-28,091120,이엠텍,BUY,250,57600,14400000,"리밸런싱 매수 (5위, 66.0점)",0,0.0000,18000,상승
2023-08-28,010140,삼성중공업,BUY,1737,8300,14417100,"리밸런싱 매수 (8위, 64.5점)",0,0.0000,18021,상승
2023-08-28,007210,벽산,BUY,4260,3385,14420100,"리밸런싱 매수 (9위, 64.4점)",0,0.0000,18025,상승
2023-08-28,018290,브이티,BUY,1188,12140,14422320,"리밸런싱 매수 (10위, 64.3점)",0,0.0000,18028,상승
2023-08-28,314930,바이오다인,SELL,922,15287,14094430,목표 익절 도달 (20.0%),2331454,0.2000,17618,상승
2023-08-29,122640,예스티,SELL,758,23450,17775100,[리밸런싱] 긴급 매도 (점수 63.1 < 65.0),4313541,0.3226,22219,상승
2023-08-29,010140,삼성중공업,SELL,1737,8860,15389820,[리밸런싱] 긴급 매도 (점수 64.9 < 65.0),953483,0.0675,19237,상승
2023-08-29,018290,브이티,SELL,1188,12310,14624280,[리밸런싱] 긴급 매도 (점수 64.1 < 65.0),183680,0.0140,18280,상승
2023-08-29,314930,바이오다인,BUY,1069,14444,15440636,"리밸런싱 매수 (7위, 65.6점)",0,0.0000,19301,상승
2023-08-29,243070,휴온스,BUY,329,46850,15413650,"리밸런싱 매수 (8위, 65.4점)",0,0.0000,19267,상승
2023-08-29,010140,삼성중공업,BUY,1785,8650,15440250,"리밸런싱 매수 (9위, 64.9점)",0,0.0000,19300,상승
2023-08-29,018290,브이티,BUY,1317,11720,15435240,"리밸런싱 매수 (10위, 64.1점)",0,0.0000,19294,상승
2023-08-30,192820,코스맥스,SELL,118,149000,17582000,[리밸런싱] 긴급 매도 (점수 64.9 < 65.0),1335022,0.0836,21978,상승
2023-08-30,161890,한국콜마,SELL,287,57200,16416400,[리밸런싱] 긴급 매도 (점수 64.5 < 65.0),122980,0.0088,20520,상승
2023-08-30,010140,삼성중공업,SELL,1785,8600,15351000,[리밸런싱] 긴급 매도 (점수 61.8 < 65.0),-108439,-0.0058,19189,상승
2023-08-30,018290,브이티,SELL,1317,12100,15935700,[리밸런싱] 긴급 매도 (점수 64.7 < 65.0),480540,0.0324,19920,상승
2023-08-30,033290,로젠,BUY,2690,6054,16285260,"리밸런싱 매수 (7위, 65.2점)",0,0.0000,20357,상승
2023-08-30,192820,코스맥스,BUY,109,149200,16262800,"리밸런싱 매수 (8위, 64.9점)",0,0.0000,20328,상승
2023-08-30,089850,유비벨록스,BUY,1780,9148,16283440,"리밸런싱 매수 (9위, 64.9점)",0,0.0000,20354,상승
2023-08-30,018290,브이티,BUY,1338,12170,16283460,"리밸런싱 매수 (10위, 64.7점)",0,0.0000,20354,상승
2023-08-30,314930,바이오다인,SELL,1069,13288,14205385,손절 실행 (-8.0%),-1253008,-0.0800,17757,상승
2023-08-31,089850,유비벨록스,SELL,1780,9144,16276320,[리밸런싱] 긴급 매도 (점수 60.6 < 65.0),-27465,-0.0004,20345,상승
2023-08-31,018290,브이티,SELL,1338,12970,17353860,[리밸런싱] 긴급 매도 (점수 64.2 < 65.0),1048708,0.0657,21692,상승
2023-08-31,161890,한국콜마,BUY,278,57200,15901600,"리밸런싱 매수 (7위, 65.1점)",0,0.0000,19877,상승
2023-08-31,083310,엘오티베큠,BUY,501,31750,15906750,"리밸런싱 매수 (9위, 64.9점)",0,0.0000,19883,상승
2023-08-31,314930,바이오다인,BUY,1160,13716,15910560,"리밸런싱 매수 (10위, 64.8점)",0,0.0000,19888,상승
2023-09-01,243070,휴온스,SELL,329,46200,15199800,[리밸런싱] 긴급 매도 (점수 64.7 < 65.0),-232850,-0.0139,19000,상승
2023-09-01,033290,로젠,SELL,2690,5970,16059300,[리밸런싱] 긴급 매도 (점수 64.6 < 65.0),-246034,-0.0139,20074,상승
2023-09-01,161890,한국콜마,SELL,278,53600,14900800,[리밸런싱] 긴급 매도 (점수 60.1 < 65.0),-1019426,-0.0629,18626,상승
2023-09-01,314930,바이오다인,SELL,1160,12428,14416480,[리밸런싱] 긴급 매도 (점수 62.5 < 65.0),-1512101,-0.0939,18021,상승
2023-09-01,018290,브이티,BUY,1165,12970,15110050,"리밸런싱 매수 (6위, 66.1점)",0,0.0000,18888,상승
2023-09-01,243070,휴온스,BUY,321,47000,15087000,"리밸런싱 매수 (8위, 64.7점)",0,0.0000,18859,상승
2023-09-01,033290,로젠,BUY,2510,6021,15112710,"리밸런싱 매수 (9위, 64.6점)",0,0.0000,18891,상승
2023-09-01,307950,현대오토에버,BUY,85,175800,14943000,"리밸런싱 매수 (10위, 64.3점)",0,0.0000,18679,상승
2023-09-04,243070,휴온스,SELL,321,45750,14685750,[리밸런싱] 긴급 매도 (점수 63.3 < 65.0),-419607,-0.0266,18357,상승
2023-09-04,033290,로젠,SELL,2510,5663,14214130,[리밸런싱] 긴급 매도 (점수 61.8 < 65.0),-916348,-0.0595,17768,상승
2023-09-04,307950,현대오토에버,SELL,85,189600,16116000,[리밸런싱] 긴급 매도 (점수 64.1 < 65.0),1152855,0.0785,20145,상승
2023-09-04,099440,스맥,BUY,4660,3225,15028500,"리밸런싱 매수 (8위, 64.2점)",0,0.0000,18786,상승
2023-09-04,307950,현대오토에버,BUY,79,189700,14986300,"리밸런싱 매수 (9위, 64.1점)",0,0.0000,18733,상승
2023-09-04,382800,지앤비에스 에코,BUY,1945,7725,15025125,"리밸런싱 매수 (10위, 64.1점)",0,0.0000,18781,상승
2023-09-04,007210,벽산,SELL,4260,3960,16871517,목표 익절 도달 (17.0%),2430328,0.1700,21089,상승
2023-09-04,099440,스맥,SELL,4660,3870,18034200,목표 익절 도달 (20.0%),2983157,0.2000,22543,상승
2023-09-05,001740,SK네트웍스,SELL,1762,7020,12369240,[리밸런싱] 긴급 매도 (점수 63.4 < 65.0),601238,0.0525,15462,상승
2023-09-05,192820,코스맥스,SELL,109,148500,16186500,[리밸런싱] 긴급 매도 (점수 64.4 < 65.0),-96533,-0.0047,20233,상승
2023-09-05,083310,엘오티베큠,SELL,501,32400,16232400,[리밸런싱] 긴급 매도 (점수 64.2 < 65.0),305360,0.0205,20290,상승
2023-09-05,307950,현대오토에버,SELL,79,189500,14970500,[리밸런싱] 긴급 매도 (점수 64.4 < 65.0),-34513,-0.0011,18713,상승
2023-09-05,382800,지앤비에스 에코,SELL,1945,8250,16046250,[리밸런싱] 긴급 매도 (점수 64.1 < 65.0),1001067,0.0680,20058,상승
2023-09-05,007210,벽산,BUY,4607,4000,18428000,"리밸런싱 매수 (3위, 66.3점)",0,0.0000,23035,상승
2023-09-05,204620,글로벌텍스프리,BUY,3261,5651,18427911,"리밸런싱 매수 (5위, 64.9점)",0,0.0000,23035,상승
2023-09-05,192820,코스맥스,BUY,124,148000,18352000,"리밸런싱 매수 (6위, 64.4점)",0,0.0000,22940,상승
2023-09-05,307950,현대오토에버,BUY,95,193600,18392000,"리밸런싱 매수 (7위, 64.4점)",0,0.0000,22990,상승
2023-09-05,083310,엘오티베큠,BUY,542,33950,18400900,"리밸런싱 매수 (8위, 64.2점)",0,0.0000,23001,상승
2023-09-05,382800,지앤비에스 에코,BUY,2343,7862,18420666,"리밸런싱 매수 (9위, 64.1점)",0,0.0000,23026,상승
2023-09-06,204620,글로벌텍스프리,SELL,3261,5834,19024674,[리밸런싱] 긴급 매도 (점수 64.0 < 65.0),572982,0.0324,23781,상승
2023-09-06,192820,코스맥스,SELL,124,148300,18389200,[리밸런싱] 긴급 매도 (점수 64.3 < 65.0),14214,0.0020,22986,상승
2023-09-06,083310,엘오티베큠,SELL,542,31900,17289800,[리밸런싱] 긴급 매도 (점수 63.4 < 65.0),-1132712,-0.0604,21612,상승
2023-09-06,382800,지앤비에스 에코,SELL,2343,8237,19299291,[리밸런싱] 긴급 매도 (점수 63.4 < 65.0),854501,0.0477,24124,상승
2023-09-06,259630,엠플러스,BUY,867,17050,14782350,"리밸런싱 매수 (5위, 65.8점)",0,0.0000,18478,상승
2023-09-06,192820,코스맥스,BUY,99,148200,14671800,"리밸런싱 매수 (7위, 64.3점)",0,0.0000,18340,상승
2023-09-06,204620,글로벌텍스프리,BUY,2478,5964,14778792,"리밸런싱 매수 (8위, 64.0점)",0,0.0000,18473,상승
2023-09-06,322180,LS티라유텍,BUY,1484,9960,14780640,"리밸런싱 매수 (9위, 63.9점)",0,0.0000,18476,상승
2023-09-06,122640,예스티,BUY,591,25000,14775000,"리밸런싱 매수 (10위, 63.6점)",0,0.0000,18469,상승
2023-09-06,091120,이엠텍,SELL,250,52992,13248000,손절 실행 (-8.0%),-1168560,-0.0800,16560,상승
2023-09-07,259630,엠플러스,SELL,867,17310,15007770,[리밸런싱] 긴급 매도 (점수 62.9 < 65.0),206660,0.0152,18760,상승
2023-09-07,192820,코스맥스,SELL,99,145700,14424300,[리밸런싱] 긴급 매도 (점수 64.0 < 65.0),-265530,-0.0169,18030,상승
2023-09-07,204620,글로벌텍스프리,SELL,2478,5600,13876800,[리밸런싱] 긴급 매도 (점수 62.9 < 65.0),-919338,-0.0610,17346,상승
2023-09-07,322180,LS티라유텍,SELL,1484,11100,16472400,[리밸런싱] 긴급 매도 (점수 64.1 < 65.0),1671170,0.1145,20590,상승
2023-09-07,122640,예스티,SELL,591,21350,12617850,[리밸런싱] 긴급 매도 (점수 60.9 < 65.0),-2172922,-0.1460,15772,상승
2023-09-07,091120,이엠텍,BUY,269,52900,14230100,"리밸런싱 매수 (5위, 65.0점)",0,0.0000,17788,상승
2023-09-07,322180,LS티라유텍,BUY,1426,10000,14260000,"리밸런싱 매수 (6위, 64.1점)",0,0.0000,17825,상승
2023-09-07,192820,코스맥스,BUY,96,147100,14121600,"리밸런싱 매수 (7위, 64.0점)",0,0.0000,17652,상승
2023-09-07,003230,삼양식품,BUY,74,191500,14171000,"리밸런싱 매수 (8위, 63.7점)",0,0.0000,17714,상승
2023-09-07,083310,엘오티베큠,BUY,454,31400,14255600,"리밸런싱 매수 (9위, 63.6점)",0,0.0000,17820,상승
2023-09-07,195870,해성디에스,BUY,203,70100,14230300,"리밸런싱 매수 (10위, 63.6점)",0,0.0000,17788,상승
2023-09-07,007210,벽산,SELL,4607,3680,16953760,손절 실행 (-8.0%),-1495432,-0.0800,21192,상승
2023-09-07,322180,LS티라유텍,SELL,1426,12000,17112000,목표 익절 도달 (20.0%),2830610,0.2000,21390,상승
2023-09-08,091120,이엠텍,SELL,269,51100,13745900,[리밸런싱] 긴급 매도 (점수 64.8 < 65.0),-501382,-0.0340,17182,상승
2023-09-08,192820,코스맥스,SELL,96,145300,13948800,[리밸런싱] 긴급 매도 (점수 62.9 < 65.0),-190236,-0.0122,17436,상승
2023-09-08,003230,삼양식품,SELL,74,187200,13852800,[리밸런싱] 긴급 매도 (점수 63.4 < 65.0),-335516,-0.0225,17316,상승
2023-09-08,083310,엘오티베큠,SELL,454,31550,14323700,[리밸런싱] 긴급 매도 (점수 62.6 < 65.0),50195,0.0048,17905,상승
2023-09-08,195870,해성디에스,SELL,203,71000,14413000,[리밸런싱] 긴급 매도 (점수 59.8 < 65.0),164684,0.0128,18016,상승
2023-09-08,314930,바이오다인,BUY,1077,13841,14906757,"리밸런싱 매수 (4위, 65.5점)",0,0.0000,18633,상승
2023-09-08,007210,벽산,BUY,4070,3665,14916550,"리밸런싱 매수 (5위, 65.1점)",0,0.0000,18646,상승
2023-09-08,091120,이엠텍,BUY,293,50900,14913700,"리밸런싱 매수 (6위, 64.8점)",0,0.0000,18642,상승
2023-09-08,194700,노바렉스,BUY,1301,11460,14909460,"리밸런싱 매수 (7위, 64.4점)",0,0.0000,18637,상승
2023-09-08,322180,LS티라유텍,BUY,1371,10880,14916480,"리밸런싱 매수 (8위, 64.0점)",0,0.0000,18646,상승
2023-09-08,065350,신성델타테크,BUY,298,50000,14900000,"리밸런싱 매수 (9위, 63.8점)",0,0.0000,18625,상승
2023-09-08,099440,스맥,BUY,3478,4288,14913664,"리밸런싱 매수 (10위, 63.5점)",0,0.0000,18642,상승
2023-09-11,091120,이엠텍,SELL,293,50100,14679300,[리밸런싱] 긴급 매도 (점수 64.5 < 65.0),-252749,-0.0157,18349,상승
2023-09-11,194700,노바렉스,SELL,1301,11660,15169660,[리밸런싱] 긴급 매도 (점수 62.8 < 65.0),241238,0.0175,18962,상승
2023-09-11,322180,LS티라유텍,SELL,1371,11570,15862470,[리밸런싱] 긴급 매도 (점수 63.5 < 65.0),926162,0.0634,19828,상승
2023-09-11,065350,신성델타테크,SELL,298,51800,15436400,[리밸런싱] 긴급 매도 (점수 63.4 < 65.0),517104,0.0360,19296,상승
2023-09-11,099440,스맥,SELL,3478,5209,18116902,[리밸런싱] 긴급 매도 (점수 63.1 < 65.0),3180592,0.2148,22646,상승
2023-09-11,085660,차바이오텍,BUY,946,16708,15805768,"리밸런싱 매수 (6위, 64.9점)",0,0.0000,19757,상승
2023-09-11,091120,이엠텍,BUY,306,51600,15789600,"리밸런싱 매수 (7위, 64.5점)",0,0.0000,19737,상승
2023-09-11,033290,로젠,BUY,2764,5722,15815608,"리밸런싱 매수 (8위, 63.9점)",0,0.0000,19770,상승
2023-09-11,315640,딥노이드,BUY,1095,14437,15808515,"리밸런싱 매수 (9위, 63.8점)",0,0.0000,19761,상승
2023-09-11,003230,삼양식품,BUY,84,187800,15775200,"리밸런싱 매수 (10위, 63.5점)",0,0.0000,19719,상승
2023-09-11,018290,브이티,SELL,1165,15564,18132060,목표 익절 도달 (20.0%),2999345,0.2000,22665,상승
2023-09-11,307950,현대오토에버,SELL,95,232320,22070400,목표 익절 도달 (20.0%),3650812,0.2000,27588,상승
2023-09-11,085660,차바이오텍,SELL,946,20050,18966922,목표 익절 도달 (20.0%),3137445,0.2000,23709,상승
2023-09-12,091120,이엠텍,SELL,306,49400,15116400,[리밸런싱] 긴급 매도 (점수 64.0 < 65.0),-692096,-0.0426,18896,상승
2023-09-12,033290,로젠,SELL,2764,5765,15934460,[리밸런싱] 긴급 매도 (점수 63.3 < 65.0),98934,0.0075,19918,상승
2023-09-12,315640,딥노이드,SELL,1095,12963,14194485,[리밸런싱] 긴급 매도 (점수 63.8 < 65.0),-1631773,-0.1021,17743,상승
2023-09-12,003230,삼양식품,SELL,84,190000,15960000,[리밸런싱] 긴급 매도 (점수 62.8 < 65.0),164850,0.0117,19950,상승
2023-09-12,307950,현대오토에버,BUY,68,249000,16932000,"리밸런싱 매수 (4위, 65.5점)",0,0.0000,21165,상승
2023-09-12,004105,태양금속우,BUY,2810,6110,17169100,"리밸런싱 매수 (5위, 64.0점)",0,0.0000,21461,상승
2023-09-12,091120,이엠텍,BUY,340,50400,17136000,"리밸런싱 매수 (6위, 64.0점)",0,0.0000,21420,상승
2023-09-12,315640,딥노이드,BUY,1238,13861,17159918,"리밸런싱 매수 (7위, 63.8점)",0,0.0000,21450,상승
2023-09-12,083310,엘오티베큠,BUY,536,32000,17152000,"리밸런싱 매수 (8위, 63.7점)",0,0.0000,21440,상승
2023-09-12,018290,브이티,BUY,1054,16280,17159120,"리밸런싱 매수 (9위, 63.5점)",0,0.0000,21449,상승
2023-09-12,056080,유진로봇,BUY,1122,15300,17166600,"리밸런싱 매수 (10위, 63.4점)",0,0.0000,21458,상승
2023-09-13,314930,바이오다인,SELL,1077,13945,15018765,[리밸런싱] 긴급 매도 (점수 62.3 < 65.0),93235,0.0075,18773,횡보
2023-09-13,307950,현대오토에버,SELL,68,191100,12994800,[리밸런싱] 긴급 매도 (점수 63.6 < 65.0),-3953444,-0.2325,16244,횡보
2023-09-13,004105,태양금속우,SELL,2810,6660,18714600,[리밸런싱] 긴급 매도 (점수 64.1 < 65.0),1522107,0.0900,23393,횡보
2023-09-13,091120,이엠텍,SELL,340,49400,16796000,[리밸런싱] 긴급 매도 (점수 64.2 < 65.0),-360995,-0.0198,20995,횡보
2023-09-13,315640,딥노이드,SELL,1238,12434,15393292,[리밸런싱] 긴급 매도 (점수 61.3 < 65.0),-1785868,-0.1030,19242,횡보
2023-09-13,083310,엘오티베큠,SELL,536,31000,16616000,[리밸런싱] 긴급 매도 (점수 63.1 < 65.0),-556770,-0.0312,20770,횡보
2023-09-13,018290,브이티,SELL,1054,16500,17391000,[리밸런싱] 긴급 매도 (점수 62.7 < 65.0),210141,0.0135,21739,횡보
2023-09-13,056080,유진로봇,SELL,1122,13500,15147000,[리밸런싱] 긴급 매도 (점수 63.5 < 65.0),-2038534,-0.1176,18934,횡보
2023-09-13,091120,이엠텍,BUY,326,49000,15974000,"리밸런싱 매수 (3위, 64.2점)",0,0.0000,19968,횡보
2023-09-13,004100,태양금속,BUY,4053,3950,16009350,"리밸런싱 매수 (4위, 64.1점)",0,0.0000,20012,횡보
2023-09-13,004105,태양금속우,BUY,2537,6310,16008470,"리밸런싱 매수 (5위, 64.1점)",0,0.0000,20011,횡보
2023-09-13,022100,포스코DX,BUY,288,55500,15984000,"리밸런싱 매수 (6위, 63.9점)",0,0.0000,19980,횡보
2023-09-13,382800,지앤비에스 에코,BUY,1976,8100,16005600,"리밸런싱 매수 (7위, 63.8점)",0,0.0000,20007,횡보
2023-09-13,085660,차바이오텍,BUY,820,19523,16008860,"리밸런싱 매수 (8위, 63.7점)",0,0.0000,20011,횡보
2023-09-13,307950,현대오토에버,BUY,79,201500,15918500,"리밸런싱 매수 (9위, 63.6점)",0,0.0000,19898,횡보
2023-09-13,033290,로젠,BUY,2777,5765,16009405,"리밸런싱 매수 (10위, 63.5점)",0,0.0000,20012,횡보
2023-09-14,091120,이엠텍,SELL,326,52100,16984600,[리밸런싱] 긴급 매도 (점수 64.0 < 65.0),989369,0.0633,21231,횡보
2023-09-14,004100,태양금속,SELL,4053,3760,15239280,[리밸런싱] 긴급 매도 (점수 63.9 < 65.0),-789119,-0.0481,19049,횡보
2023-09-14,004105,태양금속우,SELL,2537,6370,16160690,[리밸런싱] 긴급 매도 (점수 63.7 < 65.0),132019,0.0095,20201,횡보
2023-09-14,022100,포스코DX,SELL,288,54500,15696000,[리밸런싱] 긴급 매도 (점수 63.9 < 65.0),-307620,-0.0180,19620,횡보
2023-09-14,085660,차바이오텍,SELL,820,19893,16312260,[리밸런싱] 긴급 매도 (점수 63.6 < 65.0),283010,0.0190,20390,횡보
2023-09-14,307950,현대오토에버,SELL,79,193000,15247000,[리밸런싱] 긴급 매도 (점수 63.1 < 65.0),-690559,-0.0422,19059,횡보
2023-09-14,077500,유니퀘스트,BUY,1930,8250,15922500,"리밸런싱 매수 (3위, 65.5점)",0,0.0000,19903,횡보
2023-09-14,083310,엘오티베큠,BUY,512,31100,15923200,"리밸런싱 매수 (5위, 65.4점)",0,0.0000,19904,횡보
2023-09-14,091120,이엠텍,BUY,306,52000,15912000,"리밸런싱 매수 (7위, 64.0점)",0,0.0000,19890,횡보
2023-09-14,004100,태양금속,BUY,4057,3925,15923725,"리밸런싱 매수 (8위, 63.9점)",0,0.0000,19905,횡보
2023-09-14,022100,포스코DX,BUY,306,52000,15912000,"리밸런싱 매수 (9위, 63.9점)",0,0.0000,19890,횡보
2023-09-14,004105,태양금속우,BUY,2488,6400,15923200,"리밸런싱 매수 (10위, 63.7점)",0,0.0000,19904,횡보
2023-09-15,091120,이엠텍,SELL,306,52300,16003800,[리밸런싱] 긴급 매도 (점수 64.1 < 65.0),71795,0.0058,20005,상승
2023-09-15,004100,태양금속,SELL,4057,3595,14584915,[리밸런싱] 긴급 매도 (점수 63.7 < 65.0),-1357041,-0.0841,18231,상승
2023-09-15,022100,포스코DX,SELL,306,55600,17013600,[리밸런싱] 긴급 매도 (점수 62.0 < 65.0),1080333,0.0692,21267,상승
2023-09-15,004105,태양금속우,SELL,2488,5980,14878240,[리밸런싱] 긴급 매도 (점수 63.3 < 65.0),-1063558,-0.0656,18598,상승
2023-09-15,196170,알테오젠,BUY,238,65200,15517600,"리밸런싱 매수 (7위, 64.1점)",0,0.0000,19397,상승
2023-09-15,091120,이엠텍,BUY,297,52300,15533100,"리밸런싱 매수 (8위, 64.1점)",0,0.0000,19416,상승
2023-09-15,004100,태양금속,BUY,4121,3780,15577380,"리밸런싱 매수 (9위, 63.7점)",0,0.0000,19472,상승
2023-09-15,223250,드림씨아이에스,BUY,3014,5168,15576352,"리밸런싱 매수 (10위, 63.6점)",0,0.0000,19470,상승
2023-09-18,083310,엘오티베큠,SELL,512,32100,16435200,[리밸런싱] 긴급 매도 (점수 64.0 < 65.0),491456,0.0322,20544,상승
2023-09-18,091120,이엠텍,SELL,297,51300,15236100,[리밸런싱] 긴급 매도 (점수 61.2 < 65.0),-316045,-0.0191,19045,상승
2023-09-18,004100,태양금속,SELL,4121,3780,15577380,[리밸런싱] 긴급 매도 (점수 63.8 < 65.0),-19472,0.0000,19472,상승
2023-09-18,223250,드림씨아이에스,SELL,3014,5619,16935666,[리밸런싱] 긴급 매도 (점수 63.6 < 65.0),1338144,0.0873,21170,상승
2023-09-18,082640,동양생명,BUY,3347,4790,16032130,"리밸런싱 매수 (7위, 64.2점)",0,0.0000,20040,상승
2023-09-18,099440,스맥,BUY,3723,4306,16031238,"리밸런싱 매수 (8위, 64.1점)",0,0.0000,20039,상승
2023-09-18,056080,유진로봇,BUY,1143,14020,16024860,"리밸런싱 매수 (9위, 64.0점)",0,0.0000,20031,상승
2023-09-18,083310,엘오티베큠,BUY,498,32150,16010700,"리밸런싱 매수 (10위, 64.0점)",0,0.0000,20013,상승
2023-09-19,206640,바디텍메드,SELL,899,19650,17665350,[리밸런싱] 긴급 매도 (점수 63.9 < 65.0),1371368,0.0856,22082,횡보
2023-09-19,033290,로젠,SELL,2777,6038,16767526,[리밸런싱] 긴급 매도 (점수 63.4 < 65.0),737162,0.0474,20959,횡보
2023-09-19,077500,유니퀘스트,SELL,1930,8340,16096200,[리밸런싱] 긴급 매도 (점수 61.2 < 65.0),153580,0.0109,20120,횡보
2023-09-19,082640,동양생명,SELL,3347,4880,16333360,[리밸런싱] 긴급 매도 (점수 64.6 < 65.0),280813,0.0188,20417,횡보
2023-09-19,099440,스맥,SELL,3723,4500,16753500,[리밸런싱] 긴급 매도 (점수 63.5 < 65.0),701320,0.0451,20942,횡보
2023-09-19,056080,유진로봇,SELL,1143,13320,15224760,[리밸런싱] 긴급 매도 (점수 63.8 < 65.0),-819131,-0.0499,19031,횡보
2023-09-19,083310,엘오티베큠,SELL,498,33350,16608300,[리밸런싱] 긴급 매도 (점수 63.7 < 65.0),576840,0.0373,20760,횡보
2023-09-19,143160,아이디스,BUY,627,26250,16458750,"리밸런싱 매수 (4위, 64.7점)",0,0.0000,20573,횡보
2023-09-19,082640,동양생명,BUY,3433,4795,16461235,"리밸런싱 매수 (5위, 64.6점)",0,0.0000,20577,횡보
2023-09-19,206640,바디텍메드,BUY,824,19980,16463520,"리밸런싱 매수 (6위, 63.9점)",0,0.0000,20579,횡보
2023-09-19,056080,유진로봇,BUY,1251,13160,16463160,"리밸런싱 매수 (7위, 63.8점)",0,0.0000,20579,횡보
2023-09-19,011810,STX,BUY,621,26491,16450911,"리밸런싱 매수 (8위, 63.8점)",0,0.0000,20564,횡보
2023-09-19,083310,엘오티베큠,BUY,512,32150,16460800,"리밸런싱 매수 (9위, 63.7점)",0,0.0000,20576,횡보
2023-09-19,099440,스맥,BUY,3794,4339,16462166,"리밸런싱 매수 (10위, 63.5점)",0,0.0000,20578,횡보
2023-09-19,382800,지앤비에스 에코,SELL,1976,9720,19206720,목표 익절 도달 (20.0%),3177112,0.2000,24008,횡보
2023-09-19,196170,알테오젠,SELL,238,78240,18621120,목표 익절 도달 (20.0%),3080244,0.2000,23276,횡보
2023-09-19,143160,아이디스,SELL,627,31500,19750500,목표 익절 도달 (20.0%),3267062,0.2000,24688,횡보
2023-09-20,082640,동양생명,SELL,3433,4935,16941855,[리밸런싱] 긴급 매도 (점수 64.8 < 65.0),459443,0.0292,21177,횡보
2023-09-20,206640,바디텍메드,SELL,824,18420,15178080,[리밸런싱] 긴급 매도 (점수 61.7 < 65.0),-1304413,-0.0781,18973,횡보
2023-09-20,056080,유진로봇,SELL,1251,12750,15950250,[리밸런싱] 긴급 매도 (점수 63.7 < 65.0),-532848,-0.0312,19938,횡보
2023-09-20,011810,STX,SELL,621,27713,17209773,[리밸런싱] 긴급 매도 (점수 63.8 < 65.0),737350,0.0461,21512,횡보
2023-09-20,083310,엘오티베큠,SELL,512,30700,15718400,[리밸런싱] 긴급 매도 (점수 59.4 < 65.0),-762048,-0.0451,19648,횡보
2023-09-20,099440,스맥,SELL,3794,4686,17778684,[리밸런싱] 긴급 매도 (점수 63.5 < 65.0),1294295,0.0800,22223,횡보
2023-09-20,382800,지앤비에스 에코,BUY,1808,9587,17333296,"리밸런싱 매수 (1위, 67.2점)",0,0.0000,21667,횡보
2023-09-20,196170,알테오젠,BUY,227,76200,17297400,"리밸런싱 매수 (3위, 65.3점)",0,0.0000,21622,횡보
2023-09-20,082640,동양생명,BUY,3553,4880,17338640,"리밸런싱 매수 (4위, 64.8점)",0,0.0000,21673,횡보
2023-09-20,376930,노을,BUY,2784,6226,17333184,"리밸런싱 매수 (5위, 64.0점)",0,0.0000,21666,횡보
2023-09-20,011810,STX,BUY,656,26397,17316432,"리밸런싱 매수 (6위, 63.8점)",0,0.0000,21646,횡보
2023-09-20,018290,브이티,BUY,894,19380,17325720,"리밸런싱 매수 (7위, 63.8점)",0,0.0000,21657,횡보
2023-09-20,056080,유진로봇,BUY,1257,13790,17334030,"리밸런싱 매수 (8위, 63.7점)",0,0.0000,21668,횡보
2023-09-20,033290,로젠,BUY,2900,5978,17336200,"리밸런싱 매수 (9위, 63.6점)",0,0.0000,21670,횡보
2023-09-20,099440,스맥,BUY,3700,4686,17338200,"리밸런싱 매수 (10위, 63.5점)",0,0.0000,21673,횡보
2023-09-21,082640,동양생명,SELL,3553,4910,17445230,[리밸런싱] 긴급 매도 (점수 63.4 < 65.0),84783,0.0061,21807,횡보
2023-09-21,376930,노을,SELL,2784,4851,13505184,[리밸런싱] 긴급 매도 (점수 63.9 < 65.0),-3844881,-0.2208,16881,횡보
2023-09-21,011810,STX,SELL,656,23533,15437648,[리밸런싱] 긴급 매도 (점수 63.6 < 65.0),-1898081,-0.1085,19297,횡보
2023-09-21,018290,브이티,SELL,894,18710,16726740,[리밸런싱] 긴급 매도 (점수 63.3 < 65.0),-619888,-0.0346,20908,횡보
2023-09-21,056080,유진로봇,SELL,1257,12300,15461100,[리밸런싱] 긴급 매도 (점수 63.4 < 65.0),-1892256,-0.1080,19326,횡보
2023-09-21,033290,로젠,SELL,2900,6080,17632000,[리밸런싱] 긴급 매도 (점수 63.4 < 65.0),273760,0.0171,22040,횡보
2023-09-21,099440,스맥,SELL,3700,4390,16243000,[리밸런싱] 긴급 매도 (점수 63.9 < 65.0),-1115504,-0.0632,20304,횡보
2023-09-21,099440,스맥,BUY,3963,4719,18701397,"리밸런싱 매수 (4위, 63.9점)",0,0.0000,23377,횡보
2023-09-21,376930,노을,BUY,3706,5046,18700476,"리밸런싱 매수 (5위, 63.9점)",0,0.0000,23376,횡보
2023-09-21,143160,아이디스,BUY,648,28850,18694800,"리밸런싱 매수 (6위, 63.8점)",0,0.0000,23368,횡보
2023-09-21,082640,동양생명,BUY,3793,4930,18699490,"리밸런싱 매수 (8위, 63.4점)",0,0.0000,23374,횡보
2023-09-21,033290,로젠,BUY,3151,5935,18701185,"리밸런싱 매수 (9위, 63.4점)",0,0.0000,23376,횡보
2023-09-21,056080,유진로봇,BUY,1485,12590,18696150,"리밸런싱 매수 (10위, 63.4점)",0,0.0000,23370,횡보
2023-09-22,007210,벽산,SELL,4070,3950,16076500,[리밸런싱] 긴급 매도 (점수 64.1 < 65.0),1139854,0.0778,20096,횡보
2023-09-22,196170,알테오젠,SELL,227,70400,15980800,[리밸런싱] 긴급 매도 (점수 64.9 < 65.0),-1336576,-0.0761,19976,횡보
2023-09-22,099440,스맥,SELL,3963,4466,17698758,[리밸런싱] 긴급 매도 (점수 63.8 < 65.0),-1024762,-0.0536,22123,횡보
2023-09-22,376930,노을,SELL,3706,5148,19078488,[리밸런싱] 긴급 매도 (점수 63.9 < 65.0),354164,0.0202,23848,횡보
2023-09-22,143160,아이디스,SELL,648,29200,18921600,[리밸런싱] 긴급 매도 (점수 63.0 < 65.0),203148,0.0121,23652,횡보
2023-09-22,082640,동양생명,SELL,3793,4805,18225365,[리밸런싱] 긴급 매도 (점수 62.4 < 65.0),-496907,-0.0254,22782,횡보
2023-09-22,033290,로젠,SELL,3151,6012,18943812,[리밸런싱] 긴급 매도 (점수 63.4 < 65.0),218947,0.0130,23680,횡보
2023-09-22,056080,유진로봇,SELL,1485,13100,19453500,[리밸런싱] 긴급 매도 (점수 63.7 < 65.0),733033,0.0405,24317,횡보
2023-09-22,018290,브이티,BUY,871,18370,16000270,"리밸런싱 매수 (2위, 64.9점)",0,0.0000,20000,횡보
2023-09-22,196170,알테오젠,BUY,212,75400,15984800,"리밸런싱 매수 (3위, 64.9점)",0,0.0000,19981,횡보
2023-09-22,210980,SK디앤디,BUY,915,17485,15998775,"리밸런싱 매수 (4위, 64.2점)",0,0.0000,19998,횡보
2023-09-22,007210,벽산,BUY,3947,4055,16005085,"리밸런싱 매수 (5위, 64.1점)",0,0.0000,20006,횡보
2023-09-22,376930,노을,BUY,3044,5259,16008396,"리밸런싱 매수 (6위, 63.9점)",0,0.0000,20010,횡보
2023-09-22,099440,스맥,BUY,3823,4187,16006901,"리밸런싱 매수 (7위, 63.8점)",0,0.0000,20009,횡보
2023-09-22,056080,유진로봇,BUY,1334,12000,16008000,"리밸런싱 매수 (8위, 63.7점)",0,0.0000,20010,횡보
2023-09-22,067080,대화제약,BUY,1205,13280,16002400,"리밸런싱 매수 (9위, 63.4점)",0,0.0000,20003,횡보
2023-09-22,033290,로젠,BUY,2647,6046,16003762,"리밸런싱 매수 (10위, 63.4점)",0,0.0000,20005,횡보
2023-09-22,067080,대화제약,SELL,1205,15936,19202880,목표 익절 도달 (20.0%),3176476,0.2000,24004,횡보
2023-09-25,018290,브이티,SELL,871,19800,17245800,[리밸런싱] 긴급 매도 (점수 62.2 < 65.0),1223973,0.0778,21557,횡보
2023-09-25,196170,알테오젠,SELL,212,81000,17172000,[리밸런싱] 긴급 매도 (점수 63.7 < 65.0),1165735,0.0743,21465,횡보
2023-09-25,210980,SK디앤디,SELL,915,16295,14909925,[리밸런싱] 긴급 매도 (점수 60.8 < 65.0),-1107487,-0.0681,18637,횡보
2023-09-25,007210,벽산,SELL,3947,3920,15472240,[리밸런싱] 긴급 매도 (점수 63.6 < 65.0),-552185,-0.0333,19340,횡보
2023-09-25,376930,노을,SELL,3044,6629,20178676,[리밸런싱] 긴급 매도 (점수 64.0 < 65.0),4145057,0.2605,25223,횡보
2023-09-25,099440,스맥,SELL,3823,4221,16136883,[리밸런싱] 긴급 매도 (점수 63.6 < 65.0),109811,0.0081,20171,횡보
2023-09-25,056080,유진로봇,SELL,1334,14210,18956140,[리밸런싱] 긴급 매도 (점수 63.9 < 65.0),2924445,0.1842,23695,횡보
2023-09-25,033290,로젠,SELL,2647,5808,15373776,[리밸런싱] 긴급 매도 (점수 61.4 < 65.0),-649203,-0.0394,19217,횡보
2023-09-25,056080,유진로봇,BUY,1445,13350,19290750,"리밸런싱 매수 (3위, 63.9점)",0,0.0000,24113,횡보
2023-09-25,196170,알테오젠,BUY,271,71000,19241000,"리밸런싱 매수 (4위, 63.7점)",0,0.0000,24051,횡보
2023-09-25,007210,벽산,BUY,4940,3905,19290700,"리밸런싱 매수 (5위, 63.6점)",0,0.0000,24113,횡보
2023-09-25,099440,스맥,BUY,4216,4575,19288200,"리밸런싱 매수 (6위, 63.6점)",0,0.0000,24110,횡보
2023-09-25,264850,이랜시스,BUY,3858,5000,19290000,"리밸런싱 매수 (7위, 63.3점)",0,0.0000,24112,횡보
2023-09-25,223250,드림씨아이에스,BUY,2685,7183,19286355,"리밸런싱 매수 (8위, 63.3점)",0,0.0000,24108,횡보
2023-09-25,250060,모비스,BUY,3096,6230,19288080,"리밸런싱 매수 (9위, 63.2점)",0,0.0000,24110,횡보
2023-09-25,204620,글로벌텍스프리,BUY,3287,5868,19288116,"리밸런싱 매수 (10위, 63.1점)",0,0.0000,24110,횡보
2023-09-26,382800,지앤비에스 에코,SELL,1808,8212,14847296,[리밸런싱] 긴급 매도 (점수 63.1 < 65.0),-2504559,-0.1434,18559,하락
2023-09-26,056080,유진로봇,SELL,1445,11210,16198450,[리밸런싱] 긴급 매도 (점수 62.4 < 65.0),-3112548,-0.1603,20248,하락
2023-09-26,196170,알테오젠,SELL,271,63300,17154300,[리밸런싱] 긴급 매도 (점수 58.5 < 65.0),-2108143,-0.1085,21443,하락
2023-09-26,007210,벽산,SELL,4940,3860,19068400,[리밸런싱] 긴급 매도 (점수 62.9 < 65.0),-246136,-0.0115,23836,하락
2023-09-26,099440,스맥,SELL,4216,4162,17546992,[리밸런싱] 긴급 매도 (점수 63.4 < 65.0),-1763142,-0.0903,21934,하락
2023-09-26,264850,이랜시스,SELL,3858,5200,20061600,[리밸런싱] 긴급 매도 (점수 64.1 < 65.0),746523,0.0400,25077,하락
2023-09-26,223250,드림씨아이에스,SELL,2685,5194,13945890,[리밸런싱] 긴급 매도 (점수 59.8 < 65.0),-5357897,-0.2769,17432,하락
2023-09-26,250060,모비스,SELL,3096,6120,18947520,[리밸런싱] 긴급 매도 (점수 63.2 < 65.0),-364244,-0.0177,23684,하락
2023-09-26,204620,글로벌텍스프리,SELL,3287,5895,19376865,[리밸런싱] 긴급 매도 (점수 61.4 < 65.0),64528,0.0046,24221,하락
2023-09-26,264850,이랜시스,BUY,2412,6500,15678000,"리밸런싱 매수 (1위, 64.1점)",0,0.0000,19598,하락
2023-09-26,376930,노을,BUY,2419,6481,15677539,"리밸런싱 매수 (2위, 63.9점)",0,0.0000,19597,하락
2023-09-26,067080,대화제약,BUY,1144,13700,15672800,"리밸런싱 매수 (3위, 63.7점)",0,0.0000,19591,하락
2023-09-26,099440,스맥,BUY,3614,4339,15681146,"리밸런싱 매수 (4위, 63.4점)",0,0.0000,19601,하락
2023-09-26,250060,모비스,BUY,2631,5960,15680760,"리밸런싱 매수 (5위, 63.2점)",0,0.0000,19601,하락
2023-09-26,382800,지앤비에스 에코,BUY,1792,8749,15678208,"리밸런싱 매수 (6위, 63.1점)",0,0.0000,19598,하락
2023-09-26,007210,벽산,BUY,4021,3900,15681900,"리밸런싱 매수 (7위, 62.9점)",0,0.0000,19602,하락
2023-09-26,003230,삼양식품,BUY,82,190900,15653800,"리밸런싱 매수 (8위, 62.7점)",0,0.0000,19567,하락
2023-09-26,056080,유진로봇,BUY,1148,13650,15670200,"리밸런싱 매수 (9위, 62.4점)",0,0.0000,19588,하락
2023-09-26,195940,HK이노엔,BUY,381,41100,15659100,"리밸런싱 매수 (10위, 61.9점)",0,0.0000,19574,하락
2023-09-26,376930,노을,SELL,2419,7777,18813047,목표 익절 도달 (20.0%),3111991,0.2000,23516,하락
2023-09-27,264850,이랜시스,SELL,2412,5250,12663000,[리밸런싱] 긴급 매도 (점수 63.9 < 65.0),-3030829,-0.1923,15829,하락
2023-09-27,067080,대화제약,SELL,1144,14630,16736720,[리밸런싱] 긴급 매도 (점수 63.9 < 65.0),1042999,0.0679,20921,하락
2023-09-27,099440,스맥,SELL,3614,4280,15467920,[리밸런싱] 긴급 매도 (점수 63.5 < 65.0),-232561,-0.0136,19335,하락
2023-09-27,250060,모비스,SELL,2631,5410,14233710,[리밸런싱] 긴급 매도 (점수 63.4 < 65.0),-1464842,-0.0923,17792,하락
2023-09-27,382800,지앤비에스 에코,SELL,1792,8237,14760704,[리밸런싱] 긴급 매도 (점수 62.8 < 65.0),-935955,-0.0585,18451,하락
2023-09-27,007210,벽산,SELL,4021,3900,15681900,[리밸런싱] 긴급 매도 (점수 63.4 < 65.0),-19602,0.0000,19602,하락
2023-09-27,003230,삼양식품,SELL,82,202000,16564000,[리밸런싱] 긴급 매도 (점수 63.5 < 65.0),889495,0.0581,20705,하락
2023-09-27,056080,유진로봇,SELL,1148,13440,15429120,[리밸런싱] 긴급 매도 (점수 62.4 < 65.0),-260366,-0.0154,19286,하락
2023-09-27,195940,HK이노엔,SELL,381,42100,16040100,[리밸런싱] 긴급 매도 (점수 63.1 < 65.0),360950,0.0243,20050,하락
2023-09-27,067080,대화제약,BUY,1407,13860,19501020,"리밸런싱 매수 (2위, 63.9점)",0,0.0000,24376,하락
2023-09-27,264850,이랜시스,BUY,3788,5150,19508200,"리밸런싱 매수 (3위, 63.9점)",0,0.0000,24385,하락
2023-09-27,003230,삼양식품,BUY,100,193200,19320000,"리밸런싱 매수 (5위, 63.5점)",0,0.0000,24150,하락
2023-09-27,099440,스맥,BUY,4826,4043,19511518,"리밸런싱 매수 (6위, 63.5점)",0,0.0000,24389,하락
2023-09-27,007210,벽산,BUY,5134,3800,19509200,"리밸런싱 매수 (7위, 63.4점)",0,0.0000,24386,하락
2023-09-27,033290,로젠,BUY,3375,5781,19510875,"리밸런싱 매수 (8위, 63.4점)",0,0.0000,24389,하락
2023-09-27,223250,드림씨아이에스,BUY,3738,5219,19508622,"리밸런싱 매수 (9위, 63.4점)",0,0.0000,24386,하락
2023-09-27,250060,모비스,BUY,3346,5830,19507180,"리밸런싱 매수 (10위, 63.4점)",0,0.0000,24384,하락
2023-10-04,067080,대화제약,SELL,1407,13460,18938220,[리밸런싱] 긴급 매도 (점수 62.7 < 65.0),-586473,-0.0289,23673,하락
2023-10-04,264850,이랜시스,SELL,3788,4725,17898300,[리밸런싱] 긴급 매도 (점수 62.6 < 65.0),-1632273,-0.0825,22373,하락
2023-10-04,003230,삼양식품,SELL,100,200000,20000000,[리밸런싱] 긴급 매도 (점수 62.1 < 65.0),655000,0.0352,25000,하락
2023-10-04,099440,스맥,SELL,4826,3829,18478754,[리밸런싱] 긴급 매도 (점수 62.7 < 65.0),-1055862,-0.0529,23098,하락
2023-10-04,007210,벽산,SELL,5134,3710,19047140,[리밸런싱] 긴급 매도 (점수 61.9 < 65.0),-485869,-0.0237,23809,하락
2023-10-04,033290,로젠,SELL,3375,6123,20665125,[리밸런싱] 긴급 매도 (점수 64.0 < 65.0),1128419,0.0592,25831,하락
2023-10-04,223250,드림씨아이에스,SELL,3738,5069,18947922,[리밸런싱] 긴급 매도 (점수 59.1 < 65.0),-584385,-0.0287,23685,하락
2023-10-04,250060,모비스,SELL,3346,5360,17934560,[리밸런싱] 긴급 매도 (점수 63.4 < 65.0),-1595038,-0.0806,22418,하락
2023-10-04,033290,로젠,BUY,2499,6071,15171429,"리밸런싱 매수 (1위, 64.0점)",0,0.0000,18964,하락
2023-10-04,085620,미래에셋생명,BUY,3174,4780,15171720,"리밸런싱 매수 (2위, 63.8점)",0,0.0000,18965,하락
2023-10-04,376930,노을,BUY,2446,6203,15172538,"리밸런싱 매수 (3위, 63.6점)",0,0.0000,18966,하락
2023-10-04,250060,모비스,BUY,2906,5220,15169320,"리밸런싱 매수 (4위, 63.4점)",0,0.0000,18962,하락
2023-10-04,195940,HK이노엔,BUY,360,42100,15156000,"리밸런싱 매수 (5위, 63.2점)",0,0.0000,18945,하락
2023-10-04,099440,스맥,BUY,3573,4246,15170958,"리밸런싱 매수 (6위, 62.7점)",0,0.0000,18964,하락
2023-10-04,067080,대화제약,BUY,1046,14500,15167000,"리밸런싱 매수 (7위, 62.7점)",0,0.0000,18959,하락
2023-10-04,264850,이랜시스,BUY,2946,5150,15171900,"리밸런싱 매수 (8위, 62.6점)",0,0.0000,18965,하락
2023-10-04,003230,삼양식품,BUY,75,199800,14985000,"리밸런싱 매수 (9위, 62.1점)",0,0.0000,18731,하락
2023-10-04,056080,유진로봇,BUY,1119,13550,15162450,"리밸런싱 매수 (10위, 62.1점)",0,0.0000,18953,하락
2023-10-05,033290,로젠,SELL,2499,6251,15621249,[리밸런싱] 긴급 매도 (점수 64.5 < 65.0),430293,0.0296,19527,하락
2023-10-05,085620,미래에셋생명,SELL,3174,4650,14759100,[리밸런싱] 긴급 매도 (점수 63.1 < 65.0),-431069,-0.0272,18449,하락
2023-10-05,376930,노을,SELL,2446,5787,14155002,[리밸런싱] 긴급 매도 (점수 63.5 < 65.0),-1035230,-0.0671,17694,하락
2023-10-05,250060,모비스,SELL,2906,4695,13643670,[리밸런싱] 긴급 매도 (점수 64.1 < 65.0),-1542705,-0.1006,17055,하락
2023-10-05,195940,HK이노엔,SELL,360,40850,14706000,[리밸런싱] 긴급 매도 (점수 62.0 < 65.0),-468382,-0.0297,18382,하락
2023-10-05,099440,스맥,SELL,3573,3736,13348728,[리밸런싱] 긴급 매도 (점수 62.0 < 65.0),-1838916,-0.1201,16686,하락
2023-10-05,067080,대화제약,SELL,1046,13450,14068700,[리밸런싱] 긴급 매도 (점수 60.8 < 65.0),-1115886,-0.0724,17586,하락
2023-10-05,264850,이랜시스,SELL,2946,4250,12520500,[리밸런싱] 긴급 매도 (점수 61.5 < 65.0),-2667051,-0.1748,15651,하락
2023-10-05,003230,삼양식품,SELL,75,196400,14730000,[리밸런싱] 긴급 매도 (점수 61.9 < 65.0),-273412,-0.0170,18412,하락
2023-10-05,056080,유진로봇,SELL,1119,12220,13674180,[리밸런싱] 긴급 매도 (점수 61.8 < 65.0),-1505363,-0.0982,17093,하락
2023-10-05,033290,로젠,BUY,2257,6251,14108507,"리밸런싱 매수 (1위, 64.5점)",0,0.0000,17636,하락
2023-10-05,250060,모비스,BUY,2637,5350,14107950,"리밸런싱 매수 (2위, 64.1점)",0,0.0000,17635,하락
2023-10-05,376930,노을,BUY,2583,5462,14108346,"리밸런싱 매수 (3위, 63.5점)",0,0.0000,17635,하락
2023-10-05,082640,동양생명,BUY,2992,4715,14107280,"리밸런싱 매수 (4위, 63.1점)",0,0.0000,17634,하락
2023-10-05,085620,미래에셋생명,BUY,3002,4700,14109400,"리밸런싱 매수 (5위, 63.1점)",0,0.0000,17637,하락
2023-10-05,220100,퓨쳐켐,BUY,1072,13160,14107520,"리밸런싱 매수 (6위, 62.1점)",0,0.0000,17634,하락
2023-10-05,195940,HK이노엔,BUY,338,41650,14077700,"리밸런싱 매수 (7위, 62.0점)",0,0.0000,17597,하락
2023-10-05,099440,스맥,BUY,3598,3921,14107758,"리밸런싱 매수 (8위, 62.0점)",0,0.0000,17635,하락
2023-10-05,003230,삼양식품,BUY,70,199400,13958000,"리밸런싱 매수 (9위, 61.9점)",0,0.0000,17448,하락
2023-10-05,056080,유진로봇,BUY,986,14300,14099800,"리밸런싱 매수 (10위, 61.8점)",0,0.0000,17625,하락
2023-10-06,033290,로젠,SELL,2257,6131,13837667,[리밸런싱] 긴급 매도 (점수 64.5 < 65.0),-288137,-0.0192,17297,하락
2023-10-06,250060,모비스,SELL,2637,5020,13237740,[리밸런싱] 긴급 매도 (점수 63.5 < 65.0),-886757,-0.0617,16547,하락
2023-10-06,376930,노을,SELL,2583,5629,14539707,[리밸런싱] 긴급 매도 (점수 63.5 < 65.0),413186,0.0306,18175,하락
2023-10-06,085620,미래에셋생명,SELL,3002,4670,14019340,[리밸런싱] 긴급 매도 (점수 62.8 < 65.0),-107584,-0.0064,17524,하락
2023-10-06,220100,퓨쳐켐,SELL,1072,14310,15340320,[리밸런싱] 긴급 매도 (점수 62.9 < 65.0),1213625,0.0874,19175,하락
2023-10-06,099440,스맥,SELL,3598,3744,13470912,[리밸런싱] 긴급 매도 (점수 60.9 < 65.0),-653685,-0.0451,16839,하락
2023-10-06,003230,삼양식품,SELL,70,203500,14245000,[리밸런싱] 긴급 매도 (점수 62.6 < 65.0),269194,0.0206,17806,하락
2023-10-06,056080,유진로봇,SELL,986,11930,11762980,[리밸런싱] 긴급 매도 (점수 61.7 < 65.0),-2351524,-0.1657,14704,하락
2023-10-06,033290,로젠,BUY,2189,6301,13792889,"리밸런싱 매수 (3위, 64.5점)",0,0.0000,17241,하락
2023-10-06,264850,이랜시스,BUY,2963,4655,13792765,"리밸런싱 매수 (4위, 63.8점)",0,0.0000,17241,하락
2023-10-06,223250,드림씨아이에스,BUY,2557,5394,13792458,"리밸런싱 매수 (5위, 63.6점)",0,0.0000,17241,하락
2023-10-06,376930,노을,BUY,2292,6018,13793256,"리밸런싱 매수 (6위, 63.5점)",0,0.0000,17242,하락
2023-10-06,250060,모비스,BUY,2904,4750,13794000,"리밸런싱 매수 (7위, 63.5점)",0,0.0000,17242,하락
2023-10-06,003690,코리안리,BUY,2246,6140,13790440,"리밸런싱 매수 (8위, 63.4점)",0,0.0000,17238,하락
2023-10-06,220100,퓨쳐켐,BUY,1054,13080,13786320,"리밸런싱 매수 (9위, 62.9점)",0,0.0000,17233,하락
2023-10-06,085620,미래에셋생명,BUY,2934,4700,13789800,"리밸런싱 매수 (10위, 62.8점)",0,0.0000,17237,하락
2023-10-10,033290,로젠,SELL,2189,6063,13271907,[리밸런싱] 긴급 매도 (점수 64.1 < 65.0),-537572,-0.0378,16590,하락
2023-10-10,264850,이랜시스,SELL,2963,5170,15318710,[리밸런싱] 긴급 매도 (점수 64.0 < 65.0),1506797,0.1106,19148,하락
2023-10-10,223250,드림씨아이에스,SELL,2557,7500,19177500,[리밸런싱] 긴급 매도 (점수 63.9 < 65.0),5361070,0.3904,23972,하락
2023-10-10,376930,노을,SELL,2292,3972,9103824,[리밸런싱] 긴급 매도 (점수 59.8 < 65.0),-4700812,-0.3400,11380,하락
2023-10-10,250060,모비스,SELL,2904,4815,13982760,[리밸런싱] 긴급 매도 (점수 64.1 < 65.0),171282,0.0137,17478,하락
2023-10-10,003690,코리안리,SELL,2246,6264,14068944,[리밸런싱] 긴급 매도 (점수 61.3 < 65.0),260918,0.0202,17586,하락
2023-10-10,220100,퓨쳐켐,SELL,1054,14790,15588660,[리밸런싱] 긴급 매도 (점수 62.5 < 65.0),1782854,0.1307,19486,하락
2023-10-10,085620,미래에셋생명,SELL,2934,4690,13760460,[리밸런싱] 긴급 매도 (점수 62.4 < 65.0),-46541,-0.0021,17201,하락
2023-10-10,033290,로젠,BUY,2682,6071,16282422,"리밸런싱 매수 (3위, 64.1점)",0,0.0000,20353,하락
2023-10-10,250060,모비스,BUY,3317,4910,16286470,"리밸런싱 매수 (4위, 64.1점)",0,0.0000,20358,하락
2023-10-10,264850,이랜시스,BUY,3619,4500,16285500,"리밸런싱 매수 (5위, 64.0점)",0,0.0000,20357,하락
2023-10-10,025950,동신건설,BUY,843,19300,16269900,"리밸런싱 매수 (6위, 64.0점)",0,0.0000,20337,하락
2023-10-10,000640,동아쏘시오홀딩스,BUY,164,99279,16281756,"리밸런싱 매수 (8위, 63.4점)",0,0.0000,20352,하락
2023-10-10,009420,한올바이오파마,BUY,427,38100,16268700,"리밸런싱 매수 (9위, 63.0점)",0,0.0000,20336,하락
2023-10-10,220100,퓨쳐켐,BUY,1138,14310,16284780,"리밸런싱 매수 (10위, 62.5점)",0,0.0000,20356,하락
2023-10-10,264850,이랜시스,SELL,3619,5400,19542600,목표 익절 도달 (20.0%),3232672,0.2000,24428,하락
2023-10-11,195940,HK이노엔,SELL,338,42450,14348100,[리밸런싱] 긴급 매도 (점수 63.6 < 65.0),252465,0.0192,17935,하락
2023-10-11,033290,로젠,SELL,2682,6106,16376292,[리밸런싱] 긴급 매도 (점수 64.3 < 65.0),73400,0.0058,20470,하락
2023-10-11,250060,모비스,SELL,3317,5330,17679610,[리밸런싱] 긴급 매도 (점수 63.5 < 65.0),1371040,0.0855,22100,하락
2023-10-11,025950,동신건설,SELL,843,22250,18756750,[리밸런싱] 긴급 매도 (점수 64.0 < 65.0),2463404,0.1528,23446,하락
2023-10-11,000640,동아쏘시오홀딩스,SELL,164,104137,17078468,[리밸런싱] 긴급 매도 (점수 63.2 < 65.0),775364,0.0489,21348,하락
2023-10-11,009420,한올바이오파마,SELL,427,39450,16845150,[리밸런싱] 긴급 매도 (점수 63.3 < 65.0),555394,0.0354,21056,하락
2023-10-11,220100,퓨쳐켐,SELL,1138,12900,14680200,[리밸런싱] 긴급 매도 (점수 61.7 < 65.0),-1622930,-0.0985,18350,하락
2023-10-11,033290,로젠,BUY,2807,6012,16875684,"리밸런싱 매수 (2위, 64.3점)",0,0.0000,21095,하락
2023-10-11,264850,이랜시스,BUY,3290,5130,16877700,"리밸런싱 매수 (3위, 64.0점)",0,0.0000,21097,하락
2023-10-11,025950,동신건설,BUY,785,21500,16877500,"리밸런싱 매수 (4위, 64.0점)",0,0.0000,21097,하락
2023-10-11,024060,흥구석유,BUY,2041,8270,16879070,"리밸런싱 매수 (6위, 63.9점)",0,0.0000,21099,하락
2023-10-11,294630,서남,BUY,2920,5780,16877600,"리밸런싱 매수 (7위, 63.9점)",0,0.0000,21097,하락
2023-10-11,195940,HK이노엔,BUY,398,42350,16855300,"리밸런싱 매수 (8위, 63.6점)",0,0.0000,21069,하락
2023-10-11,250060,모비스,BUY,3452,4890,16880280,"리밸런싱 매수 (9위, 63.5점)",0,0.0000,21100,하락
2023-10-11,009420,한올바이오파마,BUY,447,37700,16851900,"리밸런싱 매수 (10위, 63.3점)",0,0.0000,21065,하락
2023-10-11,024060,흥구석유,SELL,2041,9924,20254884,목표 익절 도달 (20.0%),3350495,0.2000,25319,하락
2023-10-12,082640,동양생명,SELL,2992,4975,14885200,[리밸런싱] 긴급 매도 (점수 64.1 < 65.0),759314,0.0551,18606,하락
2023-10-12,033290,로젠,SELL,2807,6200,17403400,[리밸런싱] 긴급 매도 (점수 64.5 < 65.0),505962,0.0313,21754,하락
2023-10-12,264850,이랜시스,SELL,3290,5300,17437000,[리밸런싱] 긴급 매도 (점수 63.2 < 65.0),537504,0.0331,21796,하락
2023-10-12,025950,동신건설,SELL,785,19460,15276100,[리밸런싱] 긴급 매도 (점수 62.6 < 65.0),-1620495,-0.0949,19095,하락
2023-10-12,294630,서남,SELL,2920,5730,16731600,[리밸런싱] 긴급 매도 (점수 63.3 < 65.0),-166914,-0.0087,20914,하락
2023-10-12,195940,HK이노엔,SELL,398,42600,16954800,[리밸런싱] 긴급 매도 (점수 62.6 < 65.0),78306,0.0059,21194,하락
2023-10-12,250060,모비스,SELL,3452,5420,18709840,[리밸런싱] 긴급 매도 (점수 63.5 < 65.0),1806173,0.1084,23387,하락
2023-10-12,009420,한올바이오파마,SELL,447,38100,17030700,[리밸런싱] 긴급 매도 (점수 63.3 < 65.0),157512,0.0106,21288,하락
2023-10-12,033290,로젠,BUY,2539,6080,15437120,"리밸런싱 매수 (1위, 64.5점)",0,0.0000,19296,하락
2023-10-12,082640,동양생명,BUY,3039,5080,15438120,"리밸런싱 매수 (2위, 64.1점)",0,0.0000,19298,하락
2023-10-12,024060,흥구석유,BUY,1545,9990,15434550,"리밸런싱 매수 (3위, 64.0점)",0,0.0000,19293,하락
2023-10-12,223250,드림씨아이에스,BUY,1966,7850,15433100,"리밸런싱 매수 (4위, 63.8점)",0,0.0000,19291,하락
2023-10-12,250060,모비스,BUY,2935,5260,15438100,"리밸런싱 매수 (5위, 63.5점)",0,0.0000,19298,하락
2023-10-12,007210,벽산,BUY,3903,3955,15436365,"리밸런싱 매수 (6위, 63.4점)",0,0.0000,19295,하락
2023-10-12,009420,한올바이오파마,BUY,397,38800,15403600,"리밸런싱 매수 (7위, 63.3점)",0,0.0000,19254,하락
2023-10-12,294630,서남,BUY,2379,6490,15439710,"리밸런싱 매수 (8위, 63.3점)",0,0.0000,19300,하락
2023-10-12,000640,동아쏘시오홀딩스,BUY,148,104136,15412128,"리밸런싱 매수 (9위, 63.3점)",0,0.0000,19265,하락
2023-10-12,264850,이랜시스,BUY,2864,5390,15436960,"리밸런싱 매수 (10위, 63.2점)",0,0.0000,19296,하락
2023-10-13,033290,로젠,SELL,2539,6242,15848438,[리밸런싱] 긴급 매도 (점수 64.3 < 65.0),391507,0.0266,19811,하락
2023-10-13,082640,동양생명,SELL,3039,4920,14951880,[리밸런싱] 긴급 매도 (점수 62.9 < 65.0),-504930,-0.0315,18690,하락
2023-10-13,024060,흥구석유,SELL,1545,13500,20857500,[리밸런싱] 긴급 매도 (점수 63.4 < 65.0),5396878,0.3514,26072,하락
2023-10-13,223250,드림씨아이에스,SELL,1966,6680,13132880,[리밸런싱] 긴급 매도 (점수 63.7 < 65.0),-2316636,-0.1490,16416,하락
2023-10-13,250060,모비스,SELL,2935,5100,14968500,[리밸런싱] 긴급 매도 (점수 64.1 < 65.0),-488311,-0.0304,18711,하락
2023-10-13,007210,벽산,SELL,3903,4040,15768120,[리밸런싱] 긴급 매도 (점수 63.9 < 65.0),312045,0.0215,19710,하락
2023-10-13,009420,한올바이오파마,SELL,397,35950,14272150,[리밸런싱] 긴급 매도 (점수 62.5 < 65.0),-1149290,-0.0735,17840,하락
2023-10-13,294630,서남,SELL,2379,5640,13417560,[리밸런싱] 긴급 매도 (점수 63.2 < 65.0),-2038922,-0.1310,16772,하락
2023-10-13,000640,동아쏘시오홀딩스,SELL,148,105205,15570340,[리밸런싱] 긴급 매도 (점수 61.9 < 65.0),138749,0.0103,19463,하락
2023-10-13,264850,이랜시스,SELL,2864,4990,14291360,[리밸런싱] 긴급 매도 (점수 63.3 < 65.0),-1163464,-0.0742,17864,하락
2023-10-13,033290,로젠,BUY,2408,6344,15276352,"리밸런싱 매수 (1위, 64.3점)",0,0.0000,19095,하락
2023-10-13,250060,모비스,BUY,2926,5220,15273720,"리밸런싱 매수 (2위, 64.1점)",0,0.0000,19092,하락
2023-10-13,007210,벽산,BUY,3872,3945,15275040,"리밸런싱 매수 (3위, 63.9점)",0,0.0000,19094,하락
2023-10-13,223250,드림씨아이에스,BUY,2067,7390,15275130,"리밸런싱 매수 (4위, 63.7점)",0,0.0000,19094,하락
2023-10-13,024060,흥구석유,BUY,1319,11580,15274020,"리밸런싱 매수 (5위, 63.4점)",0,0.0000,19093,하락
2023-10-13,264850,이랜시스,BUY,2904,5260,15275040,"리밸런싱 매수 (6위, 63.3점)",0,0.0000,19094,하락
2023-10-13,294630,서남,BUY,2704,5650,15277600,"리밸런싱 매수 (7위, 63.2점)",0,0.0000,19097,하락
2023-10-13,018670,SK가스,BUY,97,156000,15132000,"리밸런싱 매수 (8위, 63.1점)",0,0.0000,18915,하락
2023-10-13,110990,디아이티,BUY,946,16150,15277900,"리밸런싱 매수 (9위, 63.1점)",0,0.0000,19097,하락
2023-10-13,066790,씨씨에스,BUY,8690,1758,15277020,"리밸런싱 매수 (10위, 63.0점)",0,0.0000,19096,하락
2023-10-16,250060,모비스,SELL,2926,4915,14381290,[리밸런싱] 긴급 매도 (점수 63.9 < 65.0),-910407,-0.0584,17977,하락
2023-10-16,007210,벽산,SELL,3872,3865,14965280,[리밸런싱] 긴급 매도 (점수 62.5 < 65.0),-328467,-0.0203,18707,하락
2023-10-16,223250,드림씨아이에스,SELL,2067,6390,13208130,[리밸런싱] 긴급 매도 (점수 61.9 < 65.0),-2083510,-0.1353,16510,하락
2023-10-16,024060,흥구석유,SELL,1319,16700,22027300,[리밸런싱] 긴급 매도 (점수 63.3 < 65.0),6725746,0.4421,27534,하락
2023-10-16,264850,이랜시스,SELL,2904,4765,13837560,[리밸런싱] 긴급 매도 (점수 63.1 < 65.0),-1454777,-0.0941,17297,하락
2023-10-16,294630,서남,SELL,2704,5340,14439360,[리밸런싱] 긴급 매도 (점수 62.2 < 65.0),-856289,-0.0549,18049,하락
2023-10-16,018670,SK가스,SELL,97,161500,15665500,[리밸런싱] 긴급 매도 (점수 64.1 < 65.0),513918,0.0353,19582,하락
2023-10-16,110990,디아이티,SELL,946,17330,16394180,[리밸런싱] 긴급 매도 (점수 61.0 < 65.0),1095787,0.0731,20493,하락
2023-10-16,066790,씨씨에스,SELL,8690,1851,16085190,[리밸런싱] 긴급 매도 (점수 63.0 < 65.0),788064,0.0529,20106,하락
2023-10-16,018670,SK가스,BUY,126,158600,19983600,"리밸런싱 매수 (2위, 64.1점)",0,0.0000,24980,하락
2023-10-16,250060,모비스,BUY,4067,4945,20111315,"리밸런싱 매수 (3위, 63.9점)",0,0.0000,25139,하락
2023-10-16,082640,동양생명,BUY,4088,4920,20112960,"리밸런싱 매수 (4위, 63.4점)",0,0.0000,25141,하락
2023-10-16,000680,LS네트웍스,BUY,3991,5040,20114640,"리밸런싱 매수 (6위, 63.3점)",0,0.0000,25143,하락
2023-10-16,264850,이랜시스,BUY,4084,4925,20113700,"리밸런싱 매수 (8위, 63.1점)",0,0.0000,25142,하락
2023-10-16,066790,씨씨에스,BUY,11345,1773,20114685,"리밸런싱 매수 (9위, 63.0점)",0,0.0000,25143,하락
2023-10-16,229640,LS에코에너지,BUY,1792,11220,20106240,"리밸런싱 매수 (10위, 63.0점)",0,0.0000,25133,하락
2023-10-16,000680,LS네트웍스,SELL,3991,6048,24137568,목표 익절 도달 (20.0%),3992756,0.2000,30172,하락
2023-10-16,229640,LS에코에너지,SELL,1792,13127,23524301,목표 익절 도달 (17.0%),3388655,0.1700,29405,하락
2023-10-17,018670,SK가스,SELL,126,158600,19983600,[리밸런싱] 긴급 매도 (점수 63.6 < 65.0),-24980,0.0000,24980,하락
2023-10-17,250060,모비스,SELL,4067,6380,25947460,[리밸런싱] 긴급 매도 (점수 63.9 < 65.0),5803711,0.2902,32434,하락
2023-10-17,082640,동양생명,SELL,4088,4995,20419560,[리밸런싱] 긴급 매도 (점수 64.7 < 65.0),281076,0.0152,25524,하락
2023-10-17,264850,이랜시스,SELL,4084,5500,22462000,[리밸런싱] 긴급 매도 (점수 64.0 < 65.0),2320222,0.1168,28078,하락
2023-10-17,066790,씨씨에스,SELL,11345,1862,21124390,[리밸런싱] 긴급 매도 (점수 63.0 < 65.0),983300,0.0502,26405,하락
2023-10-17,082640,동양생명,BUY,3539,4940,17482660,"리밸런싱 매수 (2위, 64.7점)",0,0.0000,21853,하락
2023-10-17,264850,이랜시스,BUY,3609,4845,17485605,"리밸런싱 매수 (3위, 64.0점)",0,0.0000,21857,하락
2023-10-17,250060,모비스,BUY,3305,5290,17483450,"리밸런싱 매수 (4위, 63.9점)",0,0.0000,21854,하락
2023-10-17,294630,서남,BUY,3262,5360,17484320,"리밸런싱 매수 (5위, 63.6점)",0,0.0000,21855,하락
2023-10-17,018670,SK가스,BUY,107,162000,17334000,"리밸런싱 매수 (6위, 63.6점)",0,0.0000,21668,하락
2023-10-17,024060,흥구석유,BUY,1047,16690,17474430,"리밸런싱 매수 (7위, 63.4점)",0,0.0000,21843,하락
2023-10-17,000680,LS네트웍스,BUY,2582,6770,17480140,"리밸런싱 매수 (8위, 63.3점)",0,0.0000,21850,하락
2023-10-17,066790,씨씨에스,BUY,9503,1840,17485520,"리밸런싱 매수 (9위, 63.0점)",0,0.0000,21857,하락
2023-10-17,229640,LS에코에너지,BUY,1327,13170,17476590,"리밸런싱 매수 (10위, 63.0점)",0,0.0000,21846,하락
2023-10-17,250060,모비스,SELL,3305,6348,20980140,목표 익절 도달 (20.0%),3470465,0.2000,26225,하락
2023-10-18,082640,동양생명,SELL,3539,5000,17695000,[리밸런싱] 긴급 매도 (점수 64.7 < 65.0),190221,0.0121,22119,하락
2023-10-18,264850,이랜시스,SELL,3609,5500,19849500,[리밸런싱] 긴급 매도 (점수 63.9 < 65.0),2339083,0.1352,24812,하락
2023-10-18,294630,서남,SELL,3262,5580,18201960,[리밸런싱] 긴급 매도 (점수 62.9 < 65.0),694888,0.0410,22752,하락
2023-10-18,024060,흥구석유,SELL,1047,16560,17338320,[리밸런싱] 긴급 매도 (점수 63.3 < 65.0),-157783,-0.0078,21673,하락
2023-10-18,000680,LS네트웍스,SELL,2582,5670,14639940,[리밸런싱] 긴급 매도 (점수 63.2 < 65.0),-2858500,-0.1625,18300,하락
2023-10-18,066790,씨씨에스,SELL,9503,1924,18283772,[리밸런싱] 긴급 매도 (점수 63.0 < 65.0),775397,0.0457,22855,하락
2023-10-18,229640,LS에코에너지,SELL,1327,11700,15525900,[리밸런싱] 긴급 매도 (점수 63.5 < 65.0),-1970097,-0.1116,19407,하락
2023-10-18,082640,동양생명,BUY,3561,4995,17787195,"리밸런싱 매수 (3위, 64.7점)",0,0.0000,22234,하락
2023-10-18,264850,이랜시스,BUY,3294,5400,17787600,"리밸런싱 매수 (4위, 63.9점)",0,0.0000,22234,하락
2023-10-18,250060,모비스,BUY,2589,6870,17786430,"리밸런싱 매수 (5위, 63.8점)",0,0.0000,22233,하락
2023-10-18,229640,LS에코에너지,BUY,1435,12390,17779650,"리밸런싱 매수 (6위, 63.5점)",0,0.0000,22225,하락
2023-10-18,175330,JB금융지주,BUY,1624,10950,17782800,"리밸런싱 매수 (7위, 63.4점)",0,0.0000,22228,하락
2023-10-18,024060,흥구석유,BUY,1131,15730,17790630,"리밸런싱 매수 (8위, 63.3점)",0,0.0000,22238,하락
2023-10-18,000680,LS네트웍스,BUY,2846,6250,17787500,"리밸런싱 매수 (9위, 63.2점)",0,0.0000,22234,하락
2023-10-18,066790,씨씨에스,BUY,8829,2015,17790435,"리밸런싱 매수 (10위, 63.0점)",0,0.0000,22238,하락
2023-10-19,082640,동양생명,SELL,3561,4950,17626950,[리밸런싱] 긴급 매도 (점수 63.8 < 65.0),-182279,-0.0090,22034,하락
2023-10-19,264850,이랜시스,SELL,3294,5220,17194680,[리밸런싱] 긴급 매도 (점수 63.7 < 65.0),-614413,-0.0333,21493,하락
2023-10-19,250060,모비스,SELL,2589,6300,16310700,[리밸런싱] 긴급 매도 (점수 63.6 < 65.0),-1496118,-0.0830,20388,하락
2023-10-19,229640,LS에코에너지,SELL,1435,10910,15655850,[리밸런싱] 긴급 매도 (점수 62.4 < 65.0),-2143370,-0.1195,19570,하락
2023-10-19,175330,JB금융지주,SELL,1624,10510,17068240,[리밸런싱] 긴급 매도 (점수 58.1 < 65.0),-735895,-0.0402,21335,하락
2023-10-19,024060,흥구석유,SELL,1131,15000,16965000,[리밸런싱] 긴급 매도 (점수 63.5 < 65.0),-846836,-0.0464,21206,하락
2023-10-19,000680,LS네트웍스,SELL,2846,5110,14543060,[리밸런싱] 긴급 매도 (점수 62.8 < 65.0),-3262619,-0.1824,18179,하락
2023-10-19,066790,씨씨에스,SELL,8829,1947,17190063,[리밸런싱] 긴급 매도 (점수 63.0 < 65.0),-621860,-0.0337,21488,하락
2023-10-19,082640,동양생명,BUY,3359,4920,16526280,"리밸런싱 매수 (3위, 63.8점)",0,0.0000,20658,하락
2023-10-19,264850,이랜시스,BUY,3113,5310,16530030,"리밸런싱 매수 (4위, 63.7점)",0,0.0000,20663,하락
2023-10-19,250060,모비스,BUY,2493,6630,16528590,"리밸런싱 매수 (5위, 63.6점)",0,0.0000,20661,하락
2023-10-19,024060,흥구석유,BUY,961,17200,16529200,"리밸런싱 매수 (6위, 63.5점)",0,0.0000,20662,하락
2023-10-19,340360,다보링크,BUY,7531,2195,16530545,"리밸런싱 매수 (7위, 63.0점)",0,0.0000,20663,하락
2023-10-19,066790,씨씨에스,BUY,8849,1868,16529932,"리밸런싱 매수 (8위, 63.0점)",0,0.0000,20662,하락
2023-10-19,000680,LS네트웍스,BUY,2850,5800,16530000,"리밸런싱 매수 (9위, 62.8점)",0,0.0000,20662,하락
2023-10-19,229640,LS에코에너지,BUY,1311,12600,16518600,"리밸런싱 매수 (10위, 62.4점)",0,0.0000,20648,하락
2023-10-20,033290,로젠,SELL,2408,6983,16815064,[리밸런싱] 긴급 매도 (점수 64.7 < 65.0),1517693,0.1007,21019,하락
2023-10-20,018670,SK가스,SELL,107,160100,17130700,[리밸런싱] 긴급 매도 (점수 61.9 < 65.0),-224713,-0.0117,21413,하락
2023-10-20,082640,동양생명,SELL,3359,4825,16207175,[리밸런싱] 팩터 데이터 없음,-339364,-0.0193,20259,하락
2023-10-20,264850,이랜시스,SELL,3113,6430,20016590,[리밸런싱] 긴급 매도 (점수 63.6 < 65.0),3461539,0.2109,25021,하락
2023-10-20,250060,모비스,SELL,2493,5480,13661640,[리밸런싱] 긴급 매도 (점수 63.3 < 65.0),-2884027,-0.1735,17077,하락
2023-10-20,024060,흥구석유,SELL,961,14170,13617370,[리밸런싱] 긴급 매도 (점수 63.5 < 65.0),-2928852,-0.1762,17022,하락
2023-10-20,340360,다보링크,SELL,7531,2330,17547230,[리밸런싱] 긴급 매도 (점수 63.0 < 65.0),994751,0.0615,21934,하락
2023-10-20,066790,씨씨에스,SELL,8849,1580,13981420,[리밸런싱] 팩터 데이터 없음,-2565989,-0.1542,17477,하락
2023-10-20,000680,LS네트웍스,SELL,2850,5270,15019500,[리밸런싱] 긴급 매도 (점수 63.2 < 65.0),-1529274,-0.0914,18774,하락
2023-10-20,229640,LS에코에너지,SELL,1311,10770,14119470,[리밸런싱] 긴급 매도 (점수 61.7 < 65.0),-2416779,-0.1452,17649,하락
2023-10-20,033290,로젠,BUY,2456,7136,17526016,"리밸런싱 매수 (1위, 64.7점)",0,0.0000,21908,하락
2023-10-20,264850,이랜시스,BUY,3358,5220,17528760,"리밸런싱 매수 (2위, 63.6점)",0,0.0000,21911,하락
2023-10-20,024060,흥구석유,BUY,1095,16000,17520000,"리밸런싱 매수 (3위, 63.5점)",0,0.0000,21900,하락
2023-10-20,000680,LS네트웍스,BUY,3471,5050,17528550,"리밸런싱 매수 (5위, 63.2점)",0,0.0000,21911,하락
2023-10-20,340360,다보링크,BUY,7638,2295,17529210,"리밸런싱 매수 (6위, 63.0점)",0,0.0000,21912,하락
2023-10-20,025950,동신건설,BUY,1088,16110,17527680,"리밸런싱 매수 (7위, 62.7점)",0,0.0000,21910,하락
2023-10-20,003690,코리안리,BUY,2786,6292,17529512,"리밸런싱 매수 (8위, 62.6점)",0,0.0000,21912,하락
2023-10-20,004090,한국석유,BUY,1057,16580,17525060,"리밸런싱 매수 (9위, 62.1점)",0,0.0000,21906,하락
2023-10-20,004100,태양금속,BUY,4770,3675,17529750,"리밸런싱 매수 (10위, 61.9점)",0,0.0000,21912,하락
2023-10-20,264850,이랜시스,SELL,3358,6264,21034512,목표 익절 도달 (20.0%),3479459,0.2000,26293,하락
2023-10-20,025950,동신건설,SELL,1088,19332,21033216,목표 익절 도달 (20.0%),3479244,0.2000,26292,하락
2023-10-23,033290,로젠,SELL,2456,5936,14578816,[리밸런싱] 긴급 매도 (점수 61.4 < 65.0),-2965424,-0.1682,18224,하락
2023-10-23,024060,흥구석유,SELL,1095,13050,14289750,[리밸런싱] 긴급 매도 (점수 64.1 < 65.0),-3248112,-0.1844,17862,하락
2023-10-23,000680,LS네트웍스,SELL,3471,5230,18153330,[리밸런싱] 긴급 매도 (점수 63.2 < 65.0),602088,0.0356,22692,하락
2023-10-23,340360,다보링크,SELL,7638,2300,17567400,[리밸런싱] 긴급 매도 (점수 63.0 < 65.0),16231,0.0022,21959,하락
2023-10-23,003690,코리안리,SELL,2786,6431,17916766,[리밸런싱] 긴급 매도 (점수 61.4 < 65.0),364858,0.0221,22396,하락
2023-10-23,004090,한국석유,SELL,1057,14480,15305360,[리밸런싱] 긴급 매도 (점수 56.8 < 65.0),-2238832,-0.1267,19132,하락
2023-10-23,004100,태양금속,SELL,4770,3250,15502500,[리밸런싱] 긴급 매도 (점수 59.5 < 65.0),-2046628,-0.1156,19378,하락
2023-10-23,024060,흥구석유,BUY,1081,14340,15501540,"리밸런싱 매수 (1위, 64.1점)",0,0.0000,19377,하락
2023-10-23,264850,이랜시스,BUY,2426,6390,15502140,"리밸런싱 매수 (2위, 63.7점)",0,0.0000,19378,하락
2023-10-23,229640,LS에코에너지,BUY,1444,10730,15494120,"리밸런싱 매수 (3위, 63.4점)",0,0.0000,19368,하락
2023-10-23,250060,모비스,BUY,2844,5450,15499800,"리밸런싱 매수 (4위, 63.3점)",0,0.0000,19375,하락
2023-10-23,000680,LS네트웍스,BUY,3039,5100,15498900,"리밸런싱 매수 (5위, 63.2점)",0,0.0000,19374,하락
2023-10-23,340360,다보링크,BUY,6769,2290,15501010,"리밸런싱 매수 (6위, 63.0점)",0,0.0000,19376,하락
2023-10-23,003690,코리안리,BUY,2373,6531,15498063,"리밸런싱 매수 (7위, 61.4점)",0,0.0000,19373,하락
2023-10-23,033290,로젠,BUY,2250,6889,15500250,"리밸런싱 매수 (8위, 61.4점)",0,0.0000,19375,하락
2023-10-23,065350,신성델타테크,BUY,352,44000,15488000,"리밸런싱 매수 (9위, 61.0점)",0,0.0000,19360,하락
2023-10-23,018670,SK가스,BUY,97,159400,15461800,"리밸런싱 매수 (10위, 60.9점)",0,0.0000,19327,하락
2023-10-24,024060,흥구석유,SELL,1081,12390,13393590,[리밸런싱] 긴급 매도 (점수 63.9 < 65.0),-2124692,-0.1360,16742,하락
2023-10-24,264850,이랜시스,SELL,2426,5650,13706900,[리밸런싱] 긴급 매도 (점수 63.6 < 65.0),-1812374,-0.1158,17134,하락
2023-10-24,229640,LS에코에너지,SELL,1444,12100,17472400,[리밸런싱] 긴급 매도 (점수 63.3 < 65.0),1956440,0.1277,21840,하락
2023-10-24,250060,모비스,SELL,2844,5310,15101640,[리밸런싱] 긴급 매도 (점수 63.5 < 65.0),-417037,-0.0257,18877,하락
2023-10-24,000680,LS네트웍스,SELL,3039,5170,15711630,[리밸런싱] 긴급 매도 (점수 63.2 < 65.0),193090,0.0137,19640,하락
2023-10-24,340360,다보링크,SELL,6769,2305,15602545,[리밸런싱] 긴급 매도 (점수 63.0 < 65.0),82032,0.0066,19503,하락
2023-10-24,003690,코리안리,SELL,2373,6510,15448230,[리밸런싱] 긴급 매도 (점수 62.8 < 65.0),-69143,-0.0032,19310,하락
2023-10-24,033290,로젠,SELL,2250,5944,13374000,[리밸런싱] 긴급 매도 (점수 61.6 < 65.0),-2142968,-0.1372,16718,하락
2023-10-24,065350,신성델타테크,SELL,352,44100,15523200,[리밸런싱] 긴급 매도 (점수 60.8 < 65.0),15796,0.0023,19404,하락
2023-10-24,018670,SK가스,SELL,97,150100,14559700,[리밸런싱] 긴급 매도 (점수 58.2 < 65.0),-920300,-0.0583,18200,하락
2023-10-24,264850,이랜시스,BUY,2788,5960,16616480,"리밸런싱 매수 (2위, 63.6점)",0,0.0000,20771,하락
2023-10-24,250060,모비스,BUY,3089,5380,16618820,"리밸런싱 매수 (3위, 63.5점)",0,0.0000,20774,하락
2023-10-24,002800,신신제약,BUY,2941,5650,16616650,"리밸런싱 매수 (4위, 63.4점)",0,0.0000,20771,하락
2023-10-24,229640,LS에코에너지,BUY,1494,11120,16613280,"리밸런싱 매수 (5위, 63.3점)",0,0.0000,20767,하락
2023-10-24,000680,LS네트웍스,BUY,3284,5060,16617040,"리밸런싱 매수 (6위, 63.2점)",0,0.0000,20771,하락
2023-10-24,340360,다보링크,BUY,7210,2305,16619050,"리밸런싱 매수 (7위, 63.0점)",0,0.0000,20774,하락
2023-10-24,003690,코리안리,BUY,2579,6444,16619076,"리밸런싱 매수 (8위, 62.8점)",0,0.0000,20774,하락
2023-10-24,004100,태양금속,BUY,5106,3255,16620030,"리밸런싱 매수 (9위, 61.7점)",0,0.0000,20775,하락
2023-10-24,033290,로젠,BUY,2837,5858,16619146,"리밸런싱 매수 (10위, 61.6점)",0,0.0000,20774,하락
2023-10-24,002800,신신제약,SELL,2941,6780,19939980,목표 익절 도달 (20.0%),3298405,0.2000,24925,하락
2023-10-25,264850,이랜시스,SELL,2788,5620,15668560,[리밸런싱] 긴급 매도 (점수 63.8 < 65.0),-967506,-0.0570,19586,하락
2023-10-25,250060,모비스,SELL,3089,4925,15213325,[리밸런싱] 긴급 매도 (점수 61.5 < 65.0),-1424512,-0.0846,19017,하락
2023-10-25,229640,LS에코에너지,SELL,1494,11640,17390160,[리밸런싱] 긴급 매도 (점수 58.8 < 65.0),755142,0.0468,21738,하락
2023-10-25,000680,LS네트웍스,SELL,3284,4840,15894560,[리밸런싱] 긴급 매도 (점수 54.3 < 65.0),-742348,-0.0435,19868,하락
2023-10-25,340360,다보링크,SELL,7210,2355,16979550,[리밸런싱] 긴급 매도 (점수 63.0 < 65.0),339276,0.0217,21224,하락
2023-10-25,003690,코리안리,SELL,2579,6467,16678393,[리밸런싱] 긴급 매도 (점수 62.3 < 65.0),38469,0.0036,20848,하락
2023-10-25,004100,태양금속,SELL,5106,3430,17513580,[리밸런싱] 긴급 매도 (점수 61.4 < 65.0),871658,0.0538,21892,하락
2023-10-25,033290,로젠,SELL,2837,6242,17708554,[리밸런싱] 긴급 매도 (점수 62.1 < 65.0),1067272,0.0656,22136,하락
2023-10-25,002800,신신제약,BUY,2246,7550,16957300,"리밸런싱 매수 (1위, 63.9점)",0,0.0000,21197,하락
2023-10-25,264850,이랜시스,BUY,3094,5480,16955120,"리밸런싱 매수 (3위, 63.8점)",0,0.0000,21194,하락
2023-10-25,195940,HK이노엔,BUY,395,42900,16945500,"리밸런싱 매수 (4위, 63.1점)",0,0.0000,21182,하락
2023-10-25,340360,다보링크,BUY,7278,2330,16957740,"리밸런싱 매수 (5위, 63.0점)",0,0.0000,21197,하락
2023-10-25,003690,코리안리,BUY,2605,6510,16958550,"리밸런싱 매수 (6위, 62.3점)",0,0.0000,21198,하락
2023-10-25,018290,브이티,BUY,919,18450,16955550,"리밸런싱 매수 (7위, 62.2점)",0,0.0000,21194,하락
2023-10-25,033290,로젠,BUY,2833,5986,16958338,"리밸런싱 매수 (8위, 62.1점)",0,0.0000,21198,하락
2023-10-25,048410,현대바이오,BUY,1008,16820,16954560,"리밸런싱 매수 (9위, 61.6점)",0,0.0000,21193,하락
2023-10-25,250060,모비스,BUY,3255,5210,16958550,"리밸런싱 매수 (10위, 61.5점)",0,0.0000,21198,하락
2023-10-26,002800,신신제약,SELL,2246,7250,16283500,[리밸런싱] 긴급 매도 (점수 61.8 < 65.0),-694154,-0.0397,20354,하락
2023-10-26,264850,이랜시스,SELL,3094,4875,15083250,[리밸런싱] 긴급 매도 (점수 63.2 < 65.0),-1890724,-0.1104,18854,하락
2023-10-26,195940,HK이노엔,SELL,395,43100,17024500,[리밸런싱] 긴급 매도 (점수 64.9 < 65.0),57719,0.0047,21281,하락
2023-10-26,340360,다보링크,SELL,7278,2385,17358030,[리밸런싱] 긴급 매도 (점수 63.0 < 65.0),378592,0.0236,21698,하락
2023-10-26,003690,코리안리,SELL,2605,6431,16752755,[리밸런싱] 긴급 매도 (점수 62.1 < 65.0),-226736,-0.0121,20941,하락
2023-10-26,018290,브이티,SELL,919,17960,16505240,[리밸런싱] 긴급 매도 (점수 62.6 < 65.0),-470942,-0.0266,20632,하락
2023-10-26,033290,로젠,SELL,2833,6131,17369123,[리밸런싱] 긴급 매도 (점수 62.2 < 65.0),389074,0.0242,21711,하락
2023-10-26,048410,현대바이오,SELL,1008,18069,18213552,[리밸런싱] 긴급 매도 (점수 62.5 < 65.0),1236225,0.0743,22767,하락
2023-10-26,250060,모비스,SELL,3255,4875,15868125,[리밸런싱] 긴급 매도 (점수 60.5 < 65.0),-1110260,-0.0643,19835,하락
2023-10-26,195940,HK이노엔,BUY,389,42800,16649200,"리밸런싱 매수 (1위, 64.9점)",0,0.0000,20812,하락
2023-10-26,024060,흥구석유,BUY,1332,12520,16676640,"리밸런싱 매수 (2위, 64.0점)",0,0.0000,20846,하락
2023-10-26,340360,다보링크,BUY,7315,2280,16678200,"리밸런싱 매수 (4위, 63.0점)",0,0.0000,20848,하락
2023-10-26,018290,브이티,BUY,932,17880,16664160,"리밸런싱 매수 (5위, 62.6점)",0,0.0000,20830,하락
2023-10-26,048410,현대바이오,BUY,956,17432,16664992,"리밸런싱 매수 (6위, 62.5점)",0,0.0000,20831,하락
2023-10-26,033290,로젠,BUY,2716,6139,16673524,"리밸런싱 매수 (7위, 62.2점)",0,0.0000,20842,하락
2023-10-26,229640,LS에코에너지,BUY,1472,11330,16677760,"리밸런싱 매수 (8위, 62.1점)",0,0.0000,20847,하락
2023-10-26,003690,코리안리,BUY,2579,6466,16675814,"리밸런싱 매수 (9위, 62.1점)",0,0.0000,20845,하락
2023-10-26,002800,신신제약,BUY,2197,7590,16675230,"리밸런싱 매수 (10위, 61.8점)",0,0.0000,20844,하락
2023-10-27,195940,HK이노엔,SELL,389,42500,16532500,[리밸런싱] 긴급 매도 (점수 61.8 < 65.0),-137366,-0.0070,20666,하락
2023-10-27,024060,흥구석유,SELL,1332,11750,15651000,[리밸런싱] 긴급 매도 (점수 63.9 < 65.0),-1045204,-0.0615,19564,하락
2023-10-27,340360,다보링크,SELL,7315,1986,14527590,[리밸런싱] 팩터 데이터 없음,-2168769,-0.1289,18159,하락
2023-10-27,018290,브이티,SELL,932,16890,15741480,[리밸런싱] 긴급 매도 (점수 61.5 < 65.0),-942357,-0.0554,19677,하락
2023-10-27,048410,현대바이오,SELL,956,18211,17409716,[리밸런싱] 긴급 매도 (점수 60.9 < 65.0),722962,0.0447,21762,하락
2023-10-27,033290,로젠,SELL,2716,6174,16768584,[리밸런싱] 긴급 매도 (점수 62.2 < 65.0),74099,0.0057,20961,하락
2023-10-27,229640,LS에코에너지,SELL,1472,12380,18223360,[리밸런싱] 긴급 매도 (점수 54.7 < 65.0),1522821,0.0927,22779,하락
2023-10-27,003690,코리안리,SELL,2579,6323,16307017,[리밸런싱] 긴급 매도 (점수 59.8 < 65.0),-389181,-0.0221,20384,하락
2023-10-27,002800,신신제약,SELL,2197,6920,15203240,[리밸런싱] 긴급 매도 (점수 60.2 < 65.0),-1490994,-0.0883,19004,하락
2023-10-27,033290,로젠,BUY,2647,6131,16228757,"리밸런싱 매수 (2위, 62.2점)",0,0.0000,20286,하락
2023-10-27,009620,삼보산업,BUY,2507,6473,16227811,"리밸런싱 매수 (3위, 61.9점)",0,0.0000,20285,하락
2023-10-27,195940,HK이노엔,BUY,375,43250,16218750,"리밸런싱 매수 (4위, 61.8점)",0,0.0000,20273,하락
2023-10-27,018290,브이티,BUY,901,18010,16227010,"리밸런싱 매수 (5위, 61.5점)",0,0.0000,20284,하락
2023-10-27,004100,태양금속,BUY,4859,3340,16229060,"리밸런싱 매수 (6위, 61.3점)",0,0.0000,20286,하락
2023-10-27,264850,이랜시스,BUY,3329,4875,16228875,"리밸런싱 매수 (7위, 61.2점)",0,0.0000,20286,하락
2023-10-27,194700,노바렉스,BUY,1502,10800,16221600,"리밸런싱 매수 (8위, 61.1점)",0,0.0000,20277,하락
2023-10-27,048410,현대바이오,BUY,883,18375,16225125,"리밸런싱 매수 (9위, 60.9점)",0,0.0000,20281,하락
2023-10-27,250060,모비스,BUY,3336,4865,16229640,"리밸런싱 매수 (10위, 60.7점)",0,0.0000,20287,하락
2023-10-30,033290,로젠,SELL,2647,6336,16771392,[리밸런싱] 긴급 매도 (점수 63.0 < 65.0),521671,0.0334,20964,하락
2023-10-30,009620,삼보산업,SELL,2507,6737,16889659,[리밸런싱] 긴급 매도 (점수 60.1 < 65.0),640736,0.0408,21112,하락
2023-10-30,195940,HK이노엔,SELL,375,43000,16125000,[리밸런싱] 긴급 매도 (점수 62.2 < 65.0),-113906,-0.0058,20156,하락
2023-10-30,018290,브이티,SELL,901,17150,15452150,[리밸런싱] 긴급 매도 (점수 60.1 < 65.0),-794175,-0.0478,19315,하락
2023-10-30,004100,태양금속,SELL,4859,3335,16204765,[리밸런싱] 긴급 매도 (점수 61.2 < 65.0),-44551,-0.0015,20256,하락
2023-10-30,264850,이랜시스,SELL,3329,4940,16445260,[리밸런싱] 긴급 매도 (점수 60.4 < 65.0),195828,0.0133,20557,하락
2023-10-30,194700,노바렉스,SELL,1502,13390,20111780,[리밸런싱] 긴급 매도 (점수 64.1 < 65.0),3865040,0.2398,25140,하락
2023-10-30,048410,현대바이오,SELL,883,18399,16246317,[리밸런싱] 긴급 매도 (점수 61.3 < 65.0),884,0.0013,20308,하락
2023-10-30,250060,모비스,SELL,3336,5070,16913520,[리밸런싱] 긴급 매도 (점수 60.5 < 65.0),662738,0.0421,21142,하락
2023-10-30,194700,노바렉스,BUY,1299,11610,15081390,"리밸런싱 매수 (1위, 64.1점)",0,0.0000,18852,하락
2023-10-30,024060,흥구석유,BUY,1251,12050,15074550,"리밸런싱 매수 (2위, 64.0점)",0,0.0000,18843,하락
2023-10-30,004090,한국석유,BUY,1155,13050,15072750,"리밸런싱 매수 (3위, 63.9점)",0,0.0000,18841,하락
2023-10-30,066790,씨씨에스,BUY,9146,1649,15081754,"리밸런싱 매수 (4위, 63.8점)",0,0.0000,18852,하락
2023-10-30,003570,SNT다이내믹스,BUY,1162,12970,15071140,"리밸런싱 매수 (5위, 63.1점)",0,0.0000,18839,하락
2023-10-30,033290,로젠,BUY,2436,6191,15081276,"리밸런싱 매수 (6위, 63.0점)",0,0.0000,18852,하락
2023-10-30,195940,HK이노엔,BUY,356,42350,15076600,"리밸런싱 매수 (7위, 62.2점)",0,0.0000,18846,하락
2023-10-30,048410,현대바이오,BUY,825,18281,15081825,"리밸런싱 매수 (8위, 61.3점)",0,0.0000,18852,하락
2023-10-30,004100,태양금속,BUY,4684,3220,15082480,"리밸런싱 매수 (9위, 61.2점)",0,0.0000,18853,하락
2023-10-30,065350,신성델타테크,BUY,373,40350,15050550,"리밸런싱 매수 (10위, 61.0점)",0,0.0000,18813,하락
2023-10-30,024060,흥구석유,SELL,1251,14460,18089460,목표 익절 도달 (20.0%),2992298,0.2000,22612,하락
2023-10-30,004090,한국석유,SELL,1155,15660,18087300,목표 익절 도달 (20.0%),2991941,0.2000,22609,하락
2023-10-31,194700,노바렉스,SELL,1299,12560,16315440,[리밸런싱] 긴급 매도 (점수 62.7 < 65.0),1213656,0.0818,20394,하락
2023-10-31,066790,씨씨에스,SELL,9146,2085,19069410,[리밸런싱] 긴급 매도 (점수 63.9 < 65.0),3963819,0.2644,23837,하락
2023-10-31,003570,SNT다이내믹스,SELL,1162,13120,15245440,[리밸런싱] 긴급 매도 (점수 58.9 < 65.0),155243,0.0116,19057,하락
2023-10-31,033290,로젠,SELL,2436,6251,15227436,[리밸런싱] 긴급 매도 (점수 62.8 < 65.0),127126,0.0097,19034,하락
2023-10-31,195940,HK이노엔,SELL,356,43200,15379200,[리밸런싱] 긴급 매도 (점수 62.0 < 65.0),283376,0.0201,19224,하락
2023-10-31,048410,현대바이오,SELL,825,17622,14538150,[리밸런싱] 긴급 매도 (점수 58.9 < 65.0),-561848,-0.0360,18173,하락
2023-10-31,004100,태양금속,SELL,4684,3030,14192520,[리밸런싱] 긴급 매도 (점수 60.1 < 65.0),-907701,-0.0590,17741,하락
2023-10-31,065350,신성델타테크,SELL,373,38450,14341850,[리밸런싱] 긴급 매도 (점수 60.9 < 65.0),-726627,-0.0471,17927,하락
2023-10-31,066790,씨씨에스,BUY,9001,1977,17794977,"리밸런싱 매수 (1위, 63.9점)",0,0.0000,22244,하락
2023-10-31,004090,한국석유,BUY,1098,16200,17787600,"리밸런싱 매수 (2위, 63.7점)",0,0.0000,22234,하락
2023-10-31,033290,로젠,BUY,2801,6353,17794753,"리밸런싱 매수 (4위, 62.8점)",0,0.0000,22243,하락
2023-10-31,194700,노바렉스,BUY,1343,13250,17794750,"리밸런싱 매수 (5위, 62.7점)",0,0.0000,22243,하락
2023-10-31,195940,HK이노엔,BUY,412,43150,17777800,"리밸런싱 매수 (6위, 62.0점)",0,0.0000,22222,하락
2023-10-31,250060,모비스,BUY,3489,5100,17793900,"리밸런싱 매수 (7위, 61.1점)",0,0.0000,22242,하락
2023-10-31,003690,코리안리,BUY,2805,6343,17792115,"리밸런싱 매수 (8위, 61.1점)",0,0.0000,22240,하락
2023-10-31,065350,신성델타테크,BUY,441,40300,17772300,"리밸런싱 매수 (9위, 60.9점)",0,0.0000,22215,하락
2023-10-31,264850,이랜시스,BUY,3588,4960,17796480,"리밸런싱 매수 (10위, 60.7점)",0,0.0000,22246,하락
2023-10-31,250060,모비스,SELL,3489,5967,20818863,목표 익절 도달 (17.0%),2998939,0.1700,26024,하락
2023-11-01,066790,씨씨에스,SELL,9001,2130,19172130,[리밸런싱] 긴급 매도 (점수 63.8 < 65.0),1353188,0.0774,23965,하락
2023-11-01,004090,한국석유,SELL,1098,16570,18193860,[리밸런싱] 긴급 매도 (점수 63.8 < 65.0),383518,0.0228,22742,하락
2023-11-01,033290,로젠,SELL,2801,6131,17172931,[리밸런싱] 긴급 매도 (점수 62.1 < 65.0),-643288,-0.0349,21466,하락
2023-11-01,194700,노바렉스,SELL,1343,13340,17915620,[리밸런싱] 긴급 매도 (점수 64.0 < 65.0),98475,0.0068,22395,하락
2023-11-01,195940,HK이노엔,SELL,412,43500,17922000,[리밸런싱] 긴급 매도 (점수 62.6 < 65.0),121798,0.0081,22402,하락
2023-11-01,003690,코리안리,SELL,2805,6424,18019320,[리밸런싱] 긴급 매도 (점수 60.8 < 65.0),204681,0.0128,22524,하락
2023-11-01,065350,신성델타테크,SELL,441,37150,16383150,[리밸런싱] 긴급 매도 (점수 60.4 < 65.0),-1409629,-0.0782,20479,하락
2023-11-01,264850,이랜시스,SELL,3588,5120,18370560,[리밸런싱] 긴급 매도 (점수 61.1 < 65.0),551117,0.0323,22963,하락
2023-11-01,194700,노바렉스,BUY,1293,12650,16356450,"리밸런싱 매수 (1위, 64.0점)",0,0.0000,20446,하락
2023-11-01,004090,한국석유,BUY,987,16570,16354590,"리밸런싱 매수 (2위, 63.8점)",0,0.0000,20443,하락
2023-11-01,066790,씨씨에스,BUY,7847,2085,16360995,"리밸런싱 매수 (3위, 63.8점)",0,0.0000,20451,하락
2023-11-01,024060,흥구석유,BUY,1249,13100,16361900,"리밸런싱 매수 (4위, 63.7점)",0,0.0000,20452,하락
2023-11-01,085620,미래에셋생명,BUY,3233,5060,16358980,"리밸런싱 매수 (5위, 63.6점)",0,0.0000,20449,하락
2023-11-01,195940,HK이노엔,BUY,375,43600,16350000,"리밸런싱 매수 (6위, 62.6점)",0,0.0000,20438,하락
2023-11-01,033290,로젠,BUY,2607,6275,16358925,"리밸런싱 매수 (7위, 62.1점)",0,0.0000,20449,하락
2023-11-01,250060,모비스,BUY,2921,5600,16357600,"리밸런싱 매수 (8위, 61.6점)",0,0.0000,20447,하락
2023-11-01,003230,삼양식품,BUY,89,183500,16331500,"리밸런싱 매수 (9위, 61.4점)",0,0.0000,20414,하락
2023-11-01,264850,이랜시스,BUY,3339,4900,16361100,"리밸런싱 매수 (10위, 61.1점)",0,0.0000,20451,하락
2023-11-02,194700,노바렉스,SELL,1293,13090,16925370,[리밸런싱] 긴급 매도 (점수 63.6 < 65.0),547763,0.0348,21157,하락
2023-11-02,004090,한국석유,SELL,987,16450,16236150,[리밸런싱] 긴급 매도 (점수 63.7 < 65.0),-138735,-0.0072,20295,하락
2023-11-02,066790,씨씨에스,SELL,7847,2765,21696955,[리밸런싱] 긴급 매도 (점수 64.1 < 65.0),5308839,0.3261,27121,하락
2023-11-02,024060,흥구석유,SELL,1249,13220,16511780,[리밸런싱] 긴급 매도 (점수 63.5 < 65.0),129240,0.0092,20640,하락
2023-11-02,085620,미래에셋생명,SELL,3233,4905,15857865,[리밸런싱] 긴급 매도 (점수 61.5 < 65.0),-520937,-0.0306,19822,하락
2023-11-02,195940,HK이노엔,SELL,375,43300,16237500,[리밸런싱] 긴급 매도 (점수 61.8 < 65.0),-132797,-0.0069,20297,하락
2023-11-02,033290,로젠,SELL,2607,6114,15939198,[리밸런싱] 긴급 매도 (점수 62.2 < 65.0),-439651,-0.0257,19924,하락
2023-11-02,250060,모비스,SELL,2921,5910,17263110,[리밸런싱] 긴급 매도 (점수 51.8 < 65.0),883931,0.0554,21579,하락
2023-11-02,003230,삼양식품,SELL,89,194500,17310500,[리밸런싱] 긴급 매도 (점수 62.9 < 65.0),957362,0.0599,21638,하락
2023-11-02,264850,이랜시스,SELL,3339,5200,17362800,[리밸런싱] 긴급 매도 (점수 61.8 < 65.0),979996,0.0612,21704,하락
2023-11-02,194700,노바렉스,BUY,1833,13320,24415560,"리밸런싱 매수 (3위, 63.6점)",0,0.0000,30519,하락
2023-11-02,003230,삼양식품,BUY,128,190100,24332800,"리밸런싱 매수 (5위, 62.9점)",0,0.0000,30416,하락
2023-11-02,033290,로젠,BUY,3919,6233,24427127,"리밸런싱 매수 (6위, 62.2점)",0,0.0000,30534,하락
2023-11-02,195940,HK이노엔,BUY,555,43950,24392250,"리밸런싱 매수 (7위, 61.8점)",0,0.0000,30490,하락
2023-11-02,264850,이랜시스,BUY,4679,5220,24424380,"리밸런싱 매수 (8위, 61.8점)",0,0.0000,30530,하락
2023-11-02,085620,미래에셋생명,BUY,4644,5260,24427440,"리밸런싱 매수 (9위, 61.5점)",0,0.0000,30534,하락
2023-11-02,004100,태양금속,BUY,7842,3115,24427830,"리밸런싱 매수 (10위, 60.8점)",0,0.0000,30535,하락
2023-11-03,194700,노바렉스,SELL,1833,13010,23847330,[리밸런싱] 긴급 매도 (점수 63.2 < 65.0),-598039,-0.0233,29809,하락
2023-11-03,003230,삼양식품,SELL,128,194200,24857600,[리밸런싱] 긴급 매도 (점수 62.7 < 65.0),493728,0.0216,31072,하락
2023-11-03,033290,로젠,SELL,3919,6259,24529021,[리밸런싱] 긴급 매도 (점수 60.2 < 65.0),71233,0.0042,30661,하락
2023-11-03,195940,HK이노엔,SELL,555,41700,23143500,[리밸런싱] 긴급 매도 (점수 58.2 < 65.0),-1277679,-0.0512,28929,하락
2023-11-03,264850,이랜시스,SELL,4679,4765,22295435,[리밸런싱] 긴급 매도 (점수 61.8 < 65.0),-2156814,-0.0872,27869,하락
2023-11-03,085620,미래에셋생명,SELL,4644,5140,23870160,[리밸런싱] 긴급 매도 (점수 63.0 < 65.0),-587118,-0.0228,29838,하락
2023-11-03,004100,태양금속,SELL,7842,3095,24270990,[리밸런싱] 긴급 매도 (점수 59.7 < 65.0),-187179,-0.0064,30339,하락
2023-11-03,003570,SNT다이내믹스,BUY,1416,13060,18492960,"리밸런싱 매수 (1위, 63.8점)",0,0.0000,23116,하락
2023-11-03,009620,삼보산업,BUY,2691,6875,18500625,"리밸런싱 매수 (2위, 63.6점)",0,0.0000,23126,하락
2023-11-03,194700,노바렉스,BUY,1415,13070,18494050,"리밸런싱 매수 (4위, 63.2점)",0,0.0000,23118,하락
2023-11-03,024060,흥구석유,BUY,1398,13230,18495540,"리밸런싱 매수 (5위, 63.0점)",0,0.0000,23119,하락
2023-11-03,085620,미래에셋생명,BUY,3772,4905,18501660,"리밸런싱 매수 (6위, 63.0점)",0,0.0000,23127,하락
2023-11-03,003230,삼양식품,BUY,94,195000,18330000,"리밸런싱 매수 (7위, 62.7점)",0,0.0000,22912,하락
2023-11-03,004090,한국석유,BUY,1108,16700,18503600,"리밸런싱 매수 (8위, 62.2점)",0,0.0000,23130,하락
2023-11-03,264850,이랜시스,BUY,3558,5200,18501600,"리밸런싱 매수 (9위, 61.8점)",0,0.0000,23127,하락
2023-11-03,018290,브이티,BUY,1011,18300,18501300,"리밸런싱 매수 (10위, 61.6점)",0,0.0000,23127,하락
2023-11-06,003570,SNT다이내믹스,SELL,1416,13760,19484160,[리밸런싱] 긴급 매도 (점수 62.3 < 65.0),966845,0.0536,24355,하락
2023-11-06,009620,삼보산업,SELL,2691,7309,19668519,[리밸런싱] 긴급 매도 (점수 61.2 < 65.0),1143308,0.0631,24586,하락
2023-11-06,194700,노바렉스,SELL,1415,12340,17461100,[리밸런싱] 긴급 매도 (점수 61.2 < 65.0),-1054776,-0.0559,21826,하락
2023-11-06,024060,흥구석유,SELL,1398,11880,16608240,[리밸런싱] 긴급 매도 (점수 63.1 < 65.0),-1908060,-0.1020,20760,하락
2023-11-06,085620,미래에셋생명,SELL,3772,5080,19161760,[리밸런싱] 긴급 매도 (점수 62.1 < 65.0),636148,0.0357,23952,하락
2023-11-06,003230,삼양식품,SELL,94,198800,18687200,[리밸런싱] 긴급 매도 (점수 62.6 < 65.0),333841,0.0195,23359,하락
2023-11-06,004090,한국석유,SELL,1108,14200,15733600,[리밸런싱] 긴급 매도 (점수 57.9 < 65.0),-2789667,-0.1497,19667,하락
2023-11-06,264850,이랜시스,SELL,3558,4925,17523150,[리밸런싱] 긴급 매도 (점수 61.4 < 65.0),-1000354,-0.0529,21904,하락
2023-11-06,018290,브이티,SELL,1011,19500,19714500,[리밸런싱] 긴급 매도 (점수 59.0 < 65.0),1188557,0.0656,24643,하락
2023-11-06,185750,종근당,BUY,213,96087,20466531,"리밸런싱 매수 (1위, 64.4점)",0,0.0000,25583,하락
2023-11-06,179900,유티아이,BUY,642,31900,20479800,"리밸런싱 매수 (3위, 63.3점)",0,0.0000,25600,하락
2023-11-06,003230,삼양식품,BUY,105,194200,20391000,"리밸런싱 매수 (5위, 62.6점)",0,0.0000,25489,하락
2023-11-06,003570,SNT다이내믹스,BUY,1462,14000,20468000,"리밸런싱 매수 (6위, 62.3점)",0,0.0000,25585,하락
2023-11-06,085620,미래에셋생명,BUY,4031,5080,20477480,"리밸런싱 매수 (7위, 62.1점)",0,0.0000,25597,하락
2023-11-06,264850,이랜시스,BUY,4284,4780,20477520,"리밸런싱 매수 (8위, 61.4점)",0,0.0000,25597,하락
2023-11-06,056080,유진로봇,BUY,1737,11790,20479230,"리밸런싱 매수 (9위, 61.2점)",0,0.0000,25599,하락
2023-11-06,009620,삼보산업,BUY,2619,7820,20480580,"리밸런싱 매수 (10위, 61.2점)",0,0.0000,25601,하락
2023-11-06,185750,종근당,SELL,213,115304,24559837,목표 익절 도달 (20.0%),4062606,0.2000,30700,하락
2023-11-07,179900,유티아이,SELL,642,33700,21635400,[리밸런싱] 긴급 매도 (점수 64.3 < 65.0),1128556,0.0564,27044,하락
2023-11-07,003230,삼양식품,SELL,105,202000,21210000,[리밸런싱] 긴급 매도 (점수 62.3 < 65.0),792488,0.0402,26512,하락
2023-11-07,003570,SNT다이내믹스,SELL,1462,13640,19941680,[리밸런싱] 긴급 매도 (점수 59.5 < 65.0),-551247,-0.0257,24927,하락
2023-11-07,085620,미래에셋생명,SELL,4031,5350,21565850,[리밸런싱] 긴급 매도 (점수 63.2 < 65.0),1061413,0.0531,26957,하락
2023-11-07,264850,이랜시스,SELL,4284,4590,19663560,[리밸런싱] 긴급 매도 (점수 60.5 < 65.0),-838539,-0.0397,24579,하락
2023-11-07,056080,유진로봇,SELL,1737,11940,20739780,[리밸런싱] 긴급 매도 (점수 54.3 < 65.0),234625,0.0127,25925,하락
2023-11-07,009620,삼보산업,SELL,2619,7584,19862496,[리밸런싱] 긴급 매도 (점수 63.0 < 65.0),-642912,-0.0302,24828,하락
2023-11-07,185750,종근당,BUY,138,122160,16858080,"리밸런싱 매수 (1위, 65.1점)",0,0.0000,21073,하락
2023-11-07,179900,유티아이,BUY,543,31100,16887300,"리밸런싱 매수 (2위, 64.3점)",0,0.0000,21109,하락
2023-11-07,066790,씨씨에스,BUY,4784,3530,16887520,"리밸런싱 매수 (3위, 63.5점)",0,0.0000,21109,하락
2023-11-07,085620,미래에셋생명,BUY,3331,5070,16888170,"리밸런싱 매수 (4위, 63.2점)",0,0.0000,21110,하락
2023-11-07,009620,삼보산업,BUY,2286,7386,16884396,"리밸런싱 매수 (5위, 63.0점)",0,0.0000,21105,하락
2023-11-07,024060,흥구석유,BUY,1442,11710,16885820,"리밸런싱 매수 (6위, 62.8점)",0,0.0000,21107,하락
2023-11-07,020710,시공테크,BUY,2872,5880,16887360,"리밸런싱 매수 (7위, 62.6점)",0,0.0000,21109,하락
2023-11-07,376930,노을,BUY,4104,4115,16887960,"리밸런싱 매수 (8위, 62.6점)",0,0.0000,21110,하락
2023-11-07,003230,삼양식품,BUY,86,195500,16813000,"리밸런싱 매수 (9위, 62.3점)",0,0.0000,21016,하락
2023-11-07,014830,유니드,BUY,218,77400,16873200,"리밸런싱 매수 (10위, 61.5점)",0,0.0000,21092,하락
2023-11-08,185750,종근당,SELL,138,118059,16292142,[리밸런싱] 긴급 매도 (점수 64.8 < 65.0),-586303,-0.0336,20365,하락
2023-11-08,179900,유티아이,SELL,543,32750,17783250,[리밸런싱] 긴급 매도 (점수 63.8 < 65.0),873721,0.0531,22229,하락
2023-11-08,066790,씨씨에스,SELL,4784,3410,16313440,[리밸런싱] 긴급 매도 (점수 64.1 < 65.0),-594472,-0.0340,20392,하락
2023-11-08,085620,미래에셋생명,SELL,3331,5550,18487050,[리밸런싱] 긴급 매도 (점수 64.0 < 65.0),1575771,0.0947,23109,하락
2023-11-08,009620,삼보산업,SELL,2286,8145,18619470,[리밸런싱] 긴급 매도 (점수 64.9 < 65.0),1711800,0.1028,23274,하락
2023-11-08,024060,흥구석유,SELL,1442,10210,14722820,[리밸런싱] 긴급 매도 (점수 60.7 < 65.0),-2181404,-0.1281,18404,하락
2023-11-08,020710,시공테크,SELL,2872,6190,17777680,[리밸런싱] 긴급 매도 (점수 63.3 < 65.0),868098,0.0527,22222,하락
2023-11-08,376930,노을,SELL,4104,4935,20253240,[리밸런싱] 긴급 매도 (점수 62.0 < 65.0),3339963,0.1993,25317,하락
2023-11-08,003230,삼양식품,SELL,86,204500,17587000,[리밸런싱] 긴급 매도 (점수 63.1 < 65.0),752016,0.0460,21984,하락
2023-11-08,014830,유니드,SELL,218,78600,17134800,[리밸런싱] 긴급 매도 (점수 61.5 < 65.0),240182,0.0155,21418,하락
2023-11-08,009620,삼보산업,BUY,2342,7457,17464294,"리밸런싱 매수 (1위, 64.9점)",0,0.0000,21830,하락
2023-11-08,185750,종근당,BUY,147,118059,17354673,"리밸런싱 매수 (2위, 64.8점)",0,0.0000,21693,하락
2023-11-08,066790,씨씨에스,BUY,4906,3560,17465360,"리밸런싱 매수 (3위, 64.1점)",0,0.0000,21832,하락
2023-11-08,085620,미래에셋생명,BUY,3265,5350,17467750,"리밸런싱 매수 (4위, 64.0점)",0,0.0000,21835,하락
2023-11-08,179900,유티아이,BUY,518,33700,17456600,"리밸런싱 매수 (5위, 63.8점)",0,0.0000,21821,하락
2023-11-08,020710,시공테크,BUY,2854,6120,17466480,"리밸런싱 매수 (6위, 63.3점)",0,0.0000,21833,하락
2023-11-08,003230,삼양식품,BUY,85,204000,17340000,"리밸런싱 매수 (7위, 63.1점)",0,0.0000,21675,하락
2023-11-08,052790,액토즈소프트,BUY,2219,7870,17463530,"리밸런싱 매수 (8위, 62.6점)",0,0.0000,21829,하락
2023-11-08,376930,노을,BUY,3728,4685,17465680,"리밸런싱 매수 (9위, 62.0점)",0,0.0000,21832,하락
2023-11-08,195940,HK이노엔,BUY,410,42600,17466000,"리밸런싱 매수 (10위, 61.6점)",0,0.0000,21832,하락
2023-11-08,052790,액토즈소프트,SELL,2219,9444,20956236,목표 익절 도달 (20.0%),3466511,0.2000,26195,하락
2023-11-09,009620,삼보산업,SELL,2342,7645,17904590,[리밸런싱] 긴급 매도 (점수 63.4 < 65.0),417915,0.0252,22381,하락
2023-11-09,185750,종근당,SELL,147,114503,16831941,[리밸런싱] 긴급 매도 (점수 61.9 < 65.0),-543772,-0.0301,21040,하락
2023-11-09,066790,씨씨에스,SELL,4906,3345,16410570,[리밸런싱] 긴급 매도 (점수 63.4 < 65.0),-1075303,-0.0604,20513,하락
2023-11-09,085620,미래에셋생명,SELL,3265,5490,17924850,[리밸런싱] 긴급 매도 (점수 63.5 < 65.0),434694,0.0262,22406,하락
2023-11-09,179900,유티아이,SELL,518,32500,16835000,[리밸런싱] 긴급 매도 (점수 63.5 < 65.0),-642644,-0.0356,21044,하락
2023-11-09,020710,시공테크,SELL,2854,6300,17980200,[리밸런싱] 긴급 매도 (점수 63.6 < 65.0),491245,0.0294,22475,하락
2023-11-09,003230,삼양식품,SELL,85,212500,18062500,[리밸런싱] 긴급 매도 (점수 63.2 < 65.0),699922,0.0417,22578,하락
2023-11-09,376930,노을,SELL,3728,4972,18535616,[리밸런싱] 긴급 매도 (점수 61.3 < 65.0),1046766,0.0613,23170,하락
2023-11-09,195940,HK이노엔,SELL,410,44250,18142500,[리밸런싱] 긴급 매도 (점수 60.2 < 65.0),653822,0.0387,22678,하락
2023-11-09,340360,다보링크,BUY,8155,2200,17941000,"리밸런싱 매수 (1위, 63.7점)",0,0.0000,22426,하락
2023-11-09,020710,시공테크,BUY,2898,6190,17938620,"리밸런싱 매수 (2위, 63.6점)",0,0.0000,22423,하락
2023-11-09,085620,미래에셋생명,BUY,3232,5550,17937600,"리밸런싱 매수 (3위, 63.5점)",0,0.0000,22422,하락
2023-11-09,179900,유티아이,BUY,547,32750,17914250,"리밸런싱 매수 (4위, 63.5점)",0,0.0000,22393,하락
2023-11-09,066790,씨씨에스,BUY,5436,3300,17938800,"리밸런싱 매수 (5위, 63.4점)",0,0.0000,22424,하락
2023-11-09,009620,삼보산업,BUY,2293,7821,17933553,"리밸런싱 매수 (6위, 63.4점)",0,0.0000,22417,하락
2023-11-09,003230,삼양식품,BUY,87,205000,17835000,"리밸런싱 매수 (7위, 63.2점)",0,0.0000,22294,하락
2023-11-09,052790,액토즈소프트,BUY,1619,11080,17938520,"리밸런싱 매수 (8위, 63.1점)",0,0.0000,22423,하락
2023-11-09,280360,롯데웰푸드,BUY,142,125500,17821000,"리밸런싱 매수 (9위, 62.1점)",0,0.0000,22276,하락
2023-11-09,185750,종근당,BUY,150,119516,17927400,"리밸런싱 매수 (10위, 61.9점)",0,0.0000,22409,하락
2023-11-10,340360,다보링크,SELL,8155,2305,18797275,[리밸런싱] 긴급 매도 (점수 63.3 < 65.0),832778,0.0477,23497,하락
2023-11-10,020710,시공테크,SELL,2898,5950,17243100,[리밸런싱] 긴급 매도 (점수 60.6 < 65.0),-717074,-0.0388,21554,하락
2023-11-10,085620,미래에셋생명,SELL,3232,5460,17646720,[리밸런싱] 긴급 매도 (점수 63.5 < 65.0),-312938,-0.0162,22058,하락
2023-11-10,179900,유티아이,SELL,547,32150,17586050,[리밸런싱] 긴급 매도 (점수 63.8 < 65.0),-350183,-0.0183,21983,하락
2023-11-10,066790,씨씨에스,SELL,5436,3610,19623960,[리밸런싱] 긴급 매도 (점수 63.1 < 65.0),1660630,0.0939,24530,하락
2023-11-10,009620,삼보산업,SELL,2293,7106,16294058,[리밸런싱] 긴급 매도 (점수 59.9 < 65.0),-1659863,-0.0914,20368,하락
2023-11-10,003230,삼양식품,SELL,87,211000,18357000,[리밸런싱] 긴급 매도 (점수 62.6 < 65.0),499054,0.0293,22946,하락
2023-11-10,052790,액토즈소프트,SELL,1619,13300,21532700,[리밸런싱] 긴급 매도 (점수 63.0 < 65.0),3567264,0.2004,26916,하락
2023-11-10,280360,롯데웰푸드,SELL,142,128600,18261200,[리밸런싱] 긴급 매도 (점수 61.3 < 65.0),417374,0.0247,22826,하락
2023-11-10,185750,종근당,SELL,150,108578,16286700,[리밸런싱] 긴급 매도 (점수 59.0 < 65.0),-1661058,-0.0915,20358,하락
2023-11-10,179900,유티아이,BUY,564,32150,18132600,"리밸런싱 매수 (1위, 63.8점)",0,0.0000,22666,하락
2023-11-10,085620,미래에셋생명,BUY,3305,5490,18144450,"리밸런싱 매수 (2위, 63.5점)",0,0.0000,22681,하락
2023-11-10,340360,다보링크,BUY,7200,2520,18144000,"리밸런싱 매수 (3위, 63.3점)",0,0.0000,22680,하락
2023-11-10,066790,씨씨에스,BUY,5644,3215,18145460,"리밸런싱 매수 (4위, 63.1점)",0,0.0000,22682,하락
2023-11-10,052790,액토즈소프트,BUY,1320,13740,18136800,"리밸런싱 매수 (5위, 63.0점)",0,0.0000,22671,하락
2023-11-10,003230,삼양식품,BUY,84,215500,18102000,"리밸런싱 매수 (6위, 62.6점)",0,0.0000,22628,하락
2023-11-10,376930,노을,BUY,3783,4796,18143268,"리밸런싱 매수 (7위, 62.3점)",0,0.0000,22679,하락
2023-11-10,033290,로젠,BUY,2976,6097,18144672,"리밸런싱 매수 (8위, 61.8점)",0,0.0000,22681,하락
2023-11-10,373200,엑스플러스,BUY,9965,1821,18146265,"리밸런싱 매수 (9위, 61.3점)",0,0.0000,22683,하락
2023-11-10,280360,롯데웰푸드,BUY,143,126300,18060900,"리밸런싱 매수 (10위, 61.3점)",0,0.0000,22576,하락
2023-11-13,179900,유티아이,SELL,564,31000,17484000,[리밸런싱] 긴급 매도 (점수 62.4 < 65.0),-670455,-0.0358,21855,하락
2023-11-13,085620,미래에셋생명,SELL,3305,5330,17615650,[리밸런싱] 긴급 매도 (점수 62.6 < 65.0),-550820,-0.0291,22020,하락
2023-11-13,340360,다보링크,SELL,7200,2410,17352000,[리밸런싱] 긴급 매도 (점수 62.3 < 65.0),-813690,-0.0437,21690,하락
2023-11-13,052790,액토즈소프트,SELL,1320,12800,16896000,[리밸런싱] 긴급 매도 (점수 63.1 < 65.0),-1261920,-0.0684,21120,하락
2023-11-13,003230,삼양식품,SELL,84,210000,17640000,[리밸런싱] 긴급 매도 (점수 60.0 < 65.0),-484050,-0.0255,22050,하락
2023-11-13,376930,노을,SELL,3783,5416,20488728,[리밸런싱] 긴급 매도 (점수 62.6 < 65.0),2319849,0.1293,25611,하락
2023-11-13,033290,로젠,SELL,2976,6183,18400608,[리밸런싱] 긴급 매도 (점수 60.0 < 65.0),232935,0.0141,23001,하락
2023-11-13,373200,엑스플러스,SELL,9965,1814,18076510,[리밸런싱] 긴급 매도 (점수 61.1 < 65.0),-92351,-0.0038,22596,하락
2023-11-13,280360,롯데웰푸드,SELL,143,126400,18075200,[리밸런싱] 긴급 매도 (점수 59.7 < 65.0),-8294,0.0008,22594,하락
2023-11-13,229000,젠큐릭스,BUY,2658,6760,17968080,"리밸런싱 매수 (1위, 63.1점)",0,0.0000,22460,하락
2023-11-13,085620,미래에셋생명,BUY,3238,5550,17970900,"리밸런싱 매수 (3위, 62.6점)",0,0.0000,22464,하락
2023-11-13,376930,노을,BUY,3635,4944,17971440,"리밸런싱 매수 (4위, 62.6점)",0,0.0000,22464,하락
2023-11-13,179900,유티아이,BUY,569,31550,17951950,"리밸런싱 매수 (5위, 62.4점)",0,0.0000,22440,하락
2023-11-13,340360,다보링크,BUY,7457,2410,17971370,"리밸런싱 매수 (6위, 62.3점)",0,0.0000,22464,하락
2023-11-13,250060,모비스,BUY,3328,5400,17971200,"리밸런싱 매수 (7위, 62.1점)",0,0.0000,22464,하락
2023-11-13,373200,엑스플러스,BUY,9420,1908,17973360,"리밸런싱 매수 (8위, 61.1점)",0,0.0000,22467,하락
2023-11-13,003570,SNT다이내믹스,BUY,1364,13170,17963880,"리밸런싱 매수 (9위, 60.5점)",0,0.0000,22455,하락
2023-11-13,264850,이랜시스,BUY,4160,4320,17971200,"리밸런싱 매수 (10위, 60.2점)",0,0.0000,22464,하락
2023-11-13,229000,젠큐릭스,SELL,2658,8112,21561696,목표 익절 도달 (20.0%),3566664,0.2000,26952,하락
2023-11-14,066790,씨씨에스,SELL,5644,3395,19161380,[리밸런싱] 긴급 매도 (점수 63.2 < 65.0),991968,0.0560,23952,하락
2023-11-14,085620,미래에셋생명,SELL,3238,5190,16805220,[리밸런싱] 긴급 매도 (점수 61.8 < 65.0),-1186687,-0.0649,21007,하락
2023-11-14,376930,노을,SELL,3635,5527,20090645,[리밸런싱] 긴급 매도 (점수 62.9 < 65.0),2094092,0.1179,25113,하락
2023-11-14,179900,유티아이,SELL,569,33000,18777000,[리밸런싱] 긴급 매도 (점수 63.7 < 65.0),801579,0.0460,23471,하락
2023-11-14,340360,다보링크,SELL,7457,2395,17859515,[리밸런싱] 긴급 매도 (점수 61.7 < 65.0),-134179,-0.0062,22324,하락
2023-11-14,250060,모비스,SELL,3328,5760,19169280,[리밸런싱] 긴급 매도 (점수 52.2 < 65.0),1174118,0.0667,23962,하락
2023-11-14,373200,엑스플러스,SELL,9420,1829,17229180,[리밸런싱] 긴급 매도 (점수 60.9 < 65.0),-765716,-0.0414,21536,하락
2023-11-14,003570,SNT다이내믹스,SELL,1364,13750,18755000,[리밸런싱] 긴급 매도 (점수 62.0 < 65.0),767676,0.0440,23444,하락
2023-11-14,264850,이랜시스,SELL,4160,4515,18782400,[리밸런싱] 긴급 매도 (점수 60.0 < 65.0),787722,0.0451,23478,하락
2023-11-14,179900,유티아이,BUY,605,31000,18755000,"리밸런싱 매수 (1위, 63.7점)",0,0.0000,23444,하락
2023-11-14,066790,씨씨에스,BUY,4840,3880,18779200,"리밸런싱 매수 (2위, 63.2점)",0,0.0000,23474,하락
2023-11-14,052790,액토즈소프트,BUY,1441,13030,18776230,"리밸런싱 매수 (3위, 63.1점)",0,0.0000,23470,하락
2023-11-14,376930,노을,BUY,3527,5324,18777748,"리밸런싱 매수 (4위, 62.9점)",0,0.0000,23472,하락
2023-11-14,229000,젠큐릭스,BUY,2586,7260,18774360,"리밸런싱 매수 (5위, 62.8점)",0,0.0000,23468,하락
2023-11-14,003570,SNT다이내믹스,BUY,1401,13400,18773400,"리밸런싱 매수 (6위, 62.0점)",0,0.0000,23467,하락
2023-11-14,085620,미래에셋생명,BUY,3497,5370,18778890,"리밸런싱 매수 (7위, 61.8점)",0,0.0000,23474,하락
2023-11-14,340360,다보링크,BUY,7907,2375,18779125,"리밸런싱 매수 (8위, 61.7점)",0,0.0000,23474,하락
2023-11-14,020710,시공테크,BUY,3156,5950,18778200,"리밸런싱 매수 (9위, 61.5점)",0,0.0000,23473,하락
2023-11-14,001530,DI동일,BUY,672,27946,18779712,"리밸런싱 매수 (10위, 61.4점)",0,0.0000,23475,하락
2023-11-15,179900,유티아이,SELL,605,31700,19178500,[리밸런싱] 긴급 매도 (점수 62.5 < 65.0),399527,0.0226,23973,하락
2023-11-15,066790,씨씨에스,SELL,4840,3190,15439600,[리밸런싱] 긴급 매도 (점수 63.3 < 65.0),-3358900,-0.1778,19300,하락
2023-11-15,052790,액토즈소프트,SELL,1441,11400,16427400,[리밸런싱] 긴급 매도 (점수 63.4 < 65.0),-2369364,-0.1251,20534,하락
2023-11-15,376930,노을,SELL,3527,5851,20636477,[리밸런싱] 긴급 매도 (점수 63.1 < 65.0),1832933,0.0990,25796,하락
2023-11-15,229000,젠큐릭스,SELL,2586,7000,18102000,[리밸런싱] 긴급 매도 (점수 62.6 < 65.0),-694988,-0.0358,22628,하락
2023-11-15,003570,SNT다이내믹스,SELL,1401,13690,19179690,[리밸런싱] 긴급 매도 (점수 61.6 < 65.0),382315,0.0216,23975,하락
2023-11-15,085620,미래에셋생명,SELL,3497,4805,16803085,[리밸런싱] 긴급 매도 (점수 59.1 < 65.0),-1996809,-0.1052,21004,하락
2023-11-15,340360,다보링크,SELL,7907,2355,18620985,[리밸런싱] 긴급 매도 (점수 56.2 < 65.0),-181416,-0.0084,23276,하락
2023-11-15,020710,시공테크,SELL,3156,6120,19314720,[리밸런싱] 긴급 매도 (점수 61.5 < 65.0),512377,0.0286,24143,하락
2023-11-15,001530,DI동일,SELL,672,27364,18388608,[리밸런싱] 긴급 매도 (점수 61.5 < 65.0),-414090,-0.0208,22986,하락
2023-11-15,052790,액토즈소프트,BUY,1418,12810,18164580,"리밸런싱 매수 (1위, 63.4점)",0,0.0000,22706,하락
2023-11-15,066790,씨씨에스,BUY,5423,3350,18167050,"리밸런싱 매수 (2위, 63.3점)",0,0.0000,22709,하락
2023-11-15,376930,노을,BUY,3337,5444,18166628,"리밸런싱 매수 (3위, 63.1점)",0,0.0000,22708,하락
2023-11-15,110990,디아이티,BUY,761,23850,18149850,"리밸런싱 매수 (4위, 62.9점)",0,0.0000,22687,하락
2023-11-15,033290,로젠,BUY,2860,6352,18166720,"리밸런싱 매수 (5위, 62.6점)",0,0.0000,22708,하락
2023-11-15,229000,젠큐릭스,BUY,2523,7200,18165600,"리밸런싱 매수 (6위, 62.6점)",0,0.0000,22707,하락
2023-11-15,179900,유티아이,BUY,542,33500,18157000,"리밸런싱 매수 (7위, 62.5점)",0,0.0000,22696,하락
2023-11-15,014830,유니드,BUY,236,76700,18101200,"리밸런싱 매수 (8위, 62.2점)",0,0.0000,22626,하락
2023-11-15,003570,SNT다이내믹스,BUY,1315,13810,18160150,"리밸런싱 매수 (9위, 61.6점)",0,0.0000,22700,하락
2023-11-15,001530,DI동일,BUY,619,29333,18157127,"리밸런싱 매수 (10위, 61.5점)",0,0.0000,22696,하락
2023-11-16,052790,액토즈소프트,SELL,1418,11650,16519700,[리밸런싱] 긴급 매도 (점수 63.4 < 65.0),-1665530,-0.0906,20650,하락
2023-11-16,066790,씨씨에스,SELL,5423,3240,17570520,[리밸런싱] 긴급 매도 (점수 63.4 < 65.0),-618493,-0.0328,21963,하락
2023-11-16,376930,노을,SELL,3337,5870,19588190,[리밸런싱] 긴급 매도 (점수 63.2 < 65.0),1397077,0.0783,24485,하락
2023-11-16,110990,디아이티,SELL,761,23600,17959600,[리밸런싱] 긴급 매도 (점수 60.8 < 65.0),-212700,-0.0105,22450,하락
2023-11-16,033290,로젠,SELL,2860,6617,18924620,[리밸런싱] 긴급 매도 (점수 63.0 < 65.0),734244,0.0417,23656,하락
2023-11-16,229000,젠큐릭스,SELL,2523,6630,16727490,[리밸런싱] 긴급 매도 (점수 62.6 < 65.0),-1459019,-0.0792,20909,하락
2023-11-16,179900,유티아이,SELL,542,31950,17316900,[리밸런싱] 긴급 매도 (점수 62.5 < 65.0),-861746,-0.0463,21646,하락
2023-11-16,014830,유니드,SELL,236,78700,18573200,[리밸런싱] 긴급 매도 (점수 62.0 < 65.0),448784,0.0261,23216,하락
2023-11-16,003570,SNT다이내믹스,SELL,1315,13980,18383700,[리밸런싱] 긴급 매도 (점수 63.0 < 65.0),200570,0.0123,22980,하락
2023-11-16,001530,DI동일,SELL,619,28080,17381520,[리밸런싱] 긴급 매도 (점수 62.5 < 65.0),-797334,-0.0427,21727,하락
2023-11-16,052790,액토즈소프트,BUY,1564,11420,17860880,"리밸런싱 매수 (1위, 63.4점)",0,0.0000,22326,하락
2023-11-16,066790,씨씨에스,BUY,5331,3350,17858850,"리밸런싱 매수 (2위, 63.4점)",0,0.0000,22324,하락
2023-11-16,376930,노을,BUY,3000,5953,17859000,"리밸런싱 매수 (3위, 63.2점)",0,0.0000,22324,하락
2023-11-16,033290,로젠,BUY,2720,6565,17856800,"리밸런싱 매수 (4위, 63.0점)",0,0.0000,22321,하락
2023-11-16,003570,SNT다이내믹스,BUY,1306,13670,17853020,"리밸런싱 매수 (5위, 63.0점)",0,0.0000,22316,하락
2023-11-16,185750,종근당,BUY,162,110217,17855154,"리밸런싱 매수 (6위, 62.7점)",0,0.0000,22319,하락
2023-11-16,229000,젠큐릭스,BUY,2596,6880,17860480,"리밸런싱 매수 (7위, 62.6점)",0,0.0000,22326,하락
2023-11-16,001530,DI동일,BUY,652,27364,17841328,"리밸런싱 매수 (8위, 62.5점)",0,0.0000,22302,하락
2023-11-16,179900,유티아이,BUY,567,31450,17832150,"리밸런싱 매수 (9위, 62.5점)",0,0.0000,22290,하락
2023-11-16,098120,마이크로컨텍솔,BUY,1550,11520,17856000,"리밸런싱 매수 (10위, 62.2점)",0,0.0000,22320,하락
2023-11-16,098120,마이크로컨텍솔,SELL,1550,13478,20891520,목표 익절 도달 (17.0%),3009406,0.1700,26114,하락
2023-11-17,052790,액토즈소프트,SELL,1564,10930,17094520,[리밸런싱] 긴급 매도 (점수 64.1 < 65.0),-787728,-0.0429,21368,하락
2023-11-17,066790,씨씨에스,SELL,5331,3035,16179585,[리밸런싱] 긴급 매도 (점수 63.5 < 65.0),-1699489,-0.0940,20224,하락
2023-11-17,376930,노을,SELL,3000,5611,16833000,[리밸런싱] 긴급 매도 (점수 63.3 < 65.0),-1047041,-0.0575,21041,하락
2023-11-17,033290,로젠,SELL,2720,6821,18553120,[리밸런싱] 긴급 매도 (점수 64.1 < 65.0),673129,0.0390,23191,하락
2023-11-17,185750,종근당,SELL,162,106116,17190792,[리밸런싱] 긴급 매도 (점수 57.2 < 65.0),-685850,-0.0372,21488,하락
2023-11-17,229000,젠큐릭스,SELL,2596,6170,16017320,[리밸런싱] 팩터 데이터 없음,-1863182,-0.1032,20022,하락
2023-11-17,001530,DI동일,SELL,652,28170,18366840,[리밸런싱] 긴급 매도 (점수 63.9 < 65.0),502553,0.0295,22959,하락
2023-11-17,179900,유티아이,SELL,567,31750,18002250,[리밸런싱] 긴급 매도 (점수 62.8 < 65.0),147597,0.0095,22503,하락
2023-11-17,052790,액토즈소프트,BUY,1518,11620,17639160,"리밸런싱 매수 (2위, 64.1점)",0,0.0000,22049,하락
2023-11-17,033290,로젠,BUY,2663,6625,17642375,"리밸런싱 매수 (3위, 64.1점)",0,0.0000,22053,하락
2023-11-17,001530,DI동일,BUY,634,27812,17632808,"리밸런싱 매수 (4위, 63.9점)",0,0.0000,22041,하락
2023-11-17,294870,HDC현대산업개발,BUY,1299,13580,17640420,"리밸런싱 매수 (5위, 63.6점)",0,0.0000,22051,하락
2023-11-17,066790,씨씨에스,BUY,5445,3240,17641800,"리밸런싱 매수 (6위, 63.5점)",0,0.0000,22052,하락
2023-11-17,110990,디아이티,BUY,738,23900,17638200,"리밸런싱 매수 (7위, 63.5점)",0,0.0000,22048,하락
2023-11-17,376930,노을,BUY,3034,5814,17639676,"리밸런싱 매수 (8위, 63.3점)",0,0.0000,22050,하락
2023-11-17,204840,지엘팜텍,BUY,14332,1231,17642692,"리밸런싱 매수 (9위, 63.0점)",0,0.0000,22053,하락
2023-11-17,179900,유티아이,BUY,557,31650,17629050,"리밸런싱 매수 (10위, 62.8점)",0,0.0000,22036,하락
2023-11-20,003570,SNT다이내믹스,SELL,1306,14600,19067600,[리밸런싱] 긴급 매도 (점수 61.5 < 65.0),1190746,0.0680,23834,하락
2023-11-20,052790,액토즈소프트,SELL,1518,11270,17107860,[리밸런싱] 긴급 매도 (점수 62.6 < 65.0),-552685,-0.0301,21385,하락
2023-11-20,033290,로젠,SELL,2663,6804,18119052,[리밸런싱] 긴급 매도 (점수 61.8 < 65.0),454028,0.0270,22649,하락
2023-11-20,001530,DI동일,SELL,634,28348,17972632,[리밸런싱] 긴급 매도 (점수 63.9 < 65.0),317358,0.0193,22466,하락
2023-11-20,294870,HDC현대산업개발,SELL,1299,13960,18134040,[리밸런싱] 긴급 매도 (점수 62.6 < 65.0),470952,0.0280,22668,하락
2023-11-20,066790,씨씨에스,SELL,5445,2835,15436575,[리밸런싱] 긴급 매도 (점수 63.9 < 65.0),-2224521,-0.1250,19296,하락
2023-11-20,110990,디아이티,SELL,738,21950,16199100,[리밸런싱] 긴급 매도 (점수 62.8 < 65.0),-1459349,-0.0816,20249,하락
2023-11-20,376930,노을,SELL,3034,5916,17949144,[리밸런싱] 긴급 매도 (점수 63.1 < 65.0),287032,0.0175,22436,하락
2023-11-20,204840,지엘팜텍,SELL,14332,1500,21498000,[리밸런싱] 긴급 매도 (점수 63.1 < 65.0),3828436,0.2185,26872,하락
2023-11-20,179900,유티아이,SELL,557,32100,17879700,[리밸런싱] 긴급 매도 (점수 63.6 < 65.0),228300,0.0142,22350,하락
2023-11-20,066790,씨씨에스,BUY,6140,2915,17898100,"리밸런싱 매수 (1위, 63.9점)",0,0.0000,22373,하락
2023-11-20,001530,DI동일,BUY,639,27991,17886249,"리밸런싱 매수 (2위, 63.9점)",0,0.0000,22358,하락
2023-11-20,179900,유티아이,BUY,557,32100,17879700,"리밸런싱 매수 (3위, 63.6점)",0,0.0000,22350,하락
2023-11-20,098120,마이크로컨텍솔,BUY,1361,13150,17897150,"리밸런싱 매수 (4위, 63.2점)",0,0.0000,22371,하락
2023-11-20,376930,노을,BUY,3049,5870,17897630,"리밸런싱 매수 (5위, 63.1점)",0,0.0000,22372,하락
2023-11-20,041920,메디아나,BUY,2234,8010,17894340,"리밸런싱 매수 (6위, 63.1점)",0,0.0000,22368,하락
2023-11-20,204840,지엘팜텍,BUY,13112,1365,17897880,"리밸런싱 매수 (7위, 63.1점)",0,0.0000,22372,하락
2023-11-20,110990,디아이티,BUY,791,22600,17876600,"리밸런싱 매수 (8위, 62.8점)",0,0.0000,22346,하락
2023-11-20,294870,HDC현대산업개발,BUY,1257,14230,17887110,"리밸런싱 매수 (9위, 62.6점)",0,0.0000,22359,하락
2023-11-20,052790,액토즈소프트,BUY,1633,10960,17897680,"리밸런싱 매수 (10위, 62.6점)",0,0.0000,22372,하락
2023-11-20,041920,메디아나,SELL,2234,9612,21473208,목표 익절 도달 (20.0%),3552026,0.2000,26842,하락
2023-11-21,066790,씨씨에스,SELL,6140,2890,17744600,[리밸런싱] 긴급 매도 (점수 63.9 < 65.0),-175681,-0.0086,22181,하락
2023-11-21,001530,DI동일,SELL,639,28885,18457515,[리밸런싱] 긴급 매도 (점수 63.7 < 65.0),548194,0.0319,23072,하락
2023-11-21,179900,유티아이,SELL,557,31450,17517650,[리밸런싱] 긴급 매도 (점수 62.8 < 65.0),-383947,-0.0202,21897,하락
2023-11-21,098120,마이크로컨텍솔,SELL,1361,12950,17624950,[리밸런싱] 긴급 매도 (점수 63.0 < 65.0),-294231,-0.0152,22031,하락
2023-11-21,376930,노을,SELL,3049,5694,17361006,[리밸런싱] 긴급 매도 (점수 62.9 < 65.0),-558325,-0.0300,21701,하락
2023-11-21,204840,지엘팜텍,SELL,13112,1700,22290400,[리밸런싱] 긴급 매도 (점수 63.3 < 65.0),4364657,0.2454,27863,하락
2023-11-21,110990,디아이티,SELL,791,21550,17046050,[리밸런싱] 긴급 매도 (점수 62.6 < 65.0),-851858,-0.0465,21308,하락
2023-11-21,052790,액토즈소프트,SELL,1633,11160,18224280,[리밸런싱] 긴급 매도 (점수 62.9 < 65.0),303820,0.0182,22780,하락
2023-11-21,066790,씨씨에스,BUY,6525,2850,18596250,"리밸런싱 매수 (2위, 63.9점)",0,0.0000,23245,하락
2023-11-21,085620,미래에셋생명,BUY,3653,5090,18593770,"리밸런싱 매수 (3위, 63.9점)",0,0.0000,23242,하락
2023-11-21,020710,시공테크,BUY,2919,6370,18594030,"리밸런싱 매수 (4위, 63.7점)",0,0.0000,23243,하락
2023-11-21,001530,DI동일,BUY,651,28528,18571728,"리밸런싱 매수 (5위, 63.7점)",0,0.0000,23215,하락
2023-11-21,204840,지엘팜텍,BUY,12267,1516,18596772,"리밸런싱 매수 (6위, 63.3점)",0,0.0000,23246,하락
2023-11-21,098120,마이크로컨텍솔,BUY,1408,13200,18585600,"리밸런싱 매수 (7위, 63.0점)",0,0.0000,23232,하락
2023-11-21,376930,노을,BUY,3143,5916,18593988,"리밸런싱 매수 (8위, 62.9점)",0,0.0000,23242,하락
2023-11-21,052790,액토즈소프트,BUY,1632,11390,18588480,"리밸런싱 매수 (9위, 62.9점)",0,0.0000,23236,하락
2023-11-21,179900,유티아이,BUY,572,32500,18590000,"리밸런싱 매수 (10위, 62.8점)",0,0.0000,23238,하락
2023-11-21,204840,지엘팜텍,SELL,12267,1819,22316126,목표 익절 도달 (20.0%),3691459,0.2000,27895,하락
2023-11-22,066790,씨씨에스,SELL,6525,2795,18237375,[리밸런싱] 긴급 매도 (점수 63.8 < 65.0),-381672,-0.0193,22797,하락
2023-11-22,085620,미래에셋생명,SELL,3653,5240,19141720,[리밸런싱] 긴급 매도 (점수 64.1 < 65.0),524023,0.0295,23927,하락
2023-11-22,020710,시공테크,SELL,2919,6900,20141100,[리밸런싱] 긴급 매도 (점수 63.7 < 65.0),1521894,0.0832,25176,하락
2023-11-22,001530,DI동일,SELL,651,28974,18862074,[리밸런싱] 긴급 매도 (점수 64.1 < 65.0),266768,0.0156,23578,하락
2023-11-22,098120,마이크로컨텍솔,SELL,1408,12440,17515520,[리밸런싱] 긴급 매도 (점수 62.7 < 65.0),-1091974,-0.0576,21894,하락
2023-11-22,376930,노을,SELL,3143,5342,16789906,[리밸런싱] 긴급 매도 (점수 63.6 < 65.0),-1825069,-0.0970,20987,하락
2023-11-22,052790,액토즈소프트,SELL,1632,11450,18686400,[리밸런싱] 긴급 매도 (점수 63.2 < 65.0),74562,0.0053,23358,하락
2023-11-22,179900,유티아이,SELL,572,31550,18046600,[리밸런싱] 긴급 매도 (점수 61.0 < 65.0),-565958,-0.0292,22558,하락
2023-11-22,001530,DI동일,BUY,656,28661,18801616,"리밸런싱 매수 (2위, 64.1점)",0,0.0000,23502,하락
2023-11-22,085620,미래에셋생명,BUY,3598,5230,18817540,"리밸런싱 매수 (3위, 64.1점)",0,0.0000,23522,하락
2023-11-22,204840,지엘팜텍,BUY,11269,1670,18819230,"리밸런싱 매수 (4위, 64.1점)",0,0.0000,23524,하락
2023-11-22,066790,씨씨에스,BUY,6662,2825,18820150,"리밸런싱 매수 (5위, 63.8점)",0,0.0000,23525,하락
2023-11-22,033540,파라텍,BUY,7022,2680,18818960,"리밸런싱 매수 (6위, 63.7점)",0,0.0000,23524,하락
2023-11-22,020710,시공테크,BUY,2869,6560,18820640,"리밸런싱 매수 (7위, 63.7점)",0,0.0000,23526,하락
2023-11-22,376930,노을,BUY,3382,5564,18817448,"리밸런싱 매수 (8위, 63.6점)",0,0.0000,23522,하락
2023-11-22,052790,액토즈소프트,BUY,1684,11170,18810280,"리밸런싱 매수 (9위, 63.2점)",0,0.0000,23513,하락
2023-11-22,033250,체시스,BUY,7169,2625,18818625,"리밸런싱 매수 (10위, 63.2점)",0,0.0000,23523,하락
2023-11-22,033250,체시스,SELL,7169,3071,22017791,목표 익절 도달 (17.0%),3171644,0.1700,27522,하락
2023-11-23,294870,HDC현대산업개발,SELL,1257,14720,18503040,[리밸런싱] 긴급 매도 (점수 65.0 < 65.0),592801,0.0344,23129,하락
2023-11-23,001530,DI동일,SELL,656,28974,19006944,[리밸런싱] 긴급 매도 (점수 64.5 < 65.0),181569,0.0109,23759,하락
2023-11-23,085620,미래에셋생명,SELL,3598,5370,19321260,[리밸런싱] 긴급 매도 (점수 64.5 < 65.0),479568,0.0268,24152,하락
2023-11-23,204840,지엘팜텍,SELL,11269,1586,17872634,[리밸런싱] 긴급 매도 (점수 63.4 < 65.0),-968937,-0.0503,22341,하락
2023-11-23,066790,씨씨에스,SELL,6662,2880,19186560,[리밸런싱] 긴급 매도 (점수 63.6 < 65.0),342427,0.0195,23983,하락
2023-11-23,033540,파라텍,SELL,7022,2780,19521160,[리밸런싱] 긴급 매도 (점수 59.8 < 65.0),677799,0.0373,24401,하락
2023-11-23,020710,시공테크,SELL,2869,6070,17414830,[리밸런싱] 긴급 매도 (점수 57.9 < 65.0),-1427579,-0.0747,21769,하락
2023-11-23,376930,노을,SELL,3382,5361,18130902,[리밸런싱] 긴급 매도 (점수 63.8 < 65.0),-709210,-0.0365,22664,하락
2023-11-23,052790,액토즈소프트,SELL,1684,11720,19736480,[리밸런싱] 긴급 매도 (점수 62.4 < 65.0),901529,0.0492,24671,하락
2023-11-23,294870,HDC현대산업개발,BUY,1272,14950,19016400,"리밸런싱 매수 (1위, 65.0점)",0,0.0000,23770,하락
2023-11-23,210980,SK디앤디,BUY,1155,16464,19015920,"리밸런싱 매수 (2위, 64.6점)",0,0.0000,23770,하락
2023-11-23,001530,DI동일,BUY,647,29377,19006919,"리밸런싱 매수 (3위, 64.5점)",0,0.0000,23759,하락
2023-11-23,085620,미래에셋생명,BUY,3638,5230,19026740,"리밸런싱 매수 (4위, 64.5점)",0,0.0000,23783,하락
2023-11-23,376930,노을,BUY,3663,5194,19025622,"리밸런싱 매수 (5위, 63.8점)",0,0.0000,23782,하락
2023-11-23,066790,씨씨에스,BUY,6808,2795,19028360,"리밸런싱 매수 (6위, 63.6점)",0,0.0000,23785,하락
2023-11-23,204840,지엘팜텍,BUY,12277,1550,19029350,"리밸런싱 매수 (7위, 63.4점)",0,0.0000,23787,하락
2023-11-23,052790,액토즈소프트,BUY,1662,11450,19029900,"리밸런싱 매수 (8위, 62.4점)",0,0.0000,23787,하락
2023-11-23,185750,종근당,BUY,173,109396,18925508,"리밸런싱 매수 (9위, 61.8점)",0,0.0000,23657,하락
2023-11-23,041190,우리기술투자,BUY,3398,5600,19028800,"리밸런싱 매수 (10위, 61.8점)",0,0.0000,23786,하락
2023-11-24,210980,SK디앤디,SELL,1155,16607,19181085,[리밸런싱] 긴급 매도 (점수 62.7 < 65.0),141189,0.0087,23976,하락
2023-11-24,001530,DI동일,SELL,647,28974,18746178,[리밸런싱] 긴급 매도 (점수 63.7 < 65.0),-284174,-0.0137,23433,하락
2023-11-24,085620,미래에셋생명,SELL,3638,5210,18953980,[리밸런싱] 긴급 매도 (점수 61.4 < 65.0),-96452,-0.0038,23692,하락
2023-11-24,376930,노을,SELL,3663,5157,18890091,[리밸런싱] 긴급 매도 (점수 63.5 < 65.0),-159144,-0.0071,23613,하락
2023-11-24,066790,씨씨에스,SELL,6808,2835,19300680,[리밸런싱] 긴급 매도 (점수 63.5 < 65.0),248194,0.0143,24126,하락
2023-11-24,204840,지엘팜텍,SELL,12277,1475,18108575,[리밸런싱] 긴급 매도 (점수 63.6 < 65.0),-943411,-0.0484,22636,하락
2023-11-24,052790,액토즈소프트,SELL,1662,11340,18847080,[리밸런싱] 긴급 매도 (점수 62.9 < 65.0),-206379,-0.0096,23559,하락
2023-11-24,185750,종근당,SELL,173,115050,19903650,[리밸런싱] 긴급 매도 (점수 61.1 < 65.0),953262,0.0517,24880,하락
2023-11-24,041190,우리기술투자,SELL,3398,5750,19538500,[리밸런싱] 긴급 매도 (점수 62.1 < 65.0),485277,0.0268,24423,하락
2023-11-24,001530,DI동일,BUY,658,28885,19006330,"리밸런싱 매수 (2위, 63.7점)",0,0.0000,23758,하락
2023-11-24,204840,지엘팜텍,BUY,12513,1520,19019760,"리밸런싱 매수 (3위, 63.6점)",0,0.0000,23775,하락
2023-11-24,376930,노을,BUY,3470,5481,19019070,"리밸런싱 매수 (4위, 63.5점)",0,0.0000,23774,하락
2023-11-24,066790,씨씨에스,BUY,6650,2860,19019000,"리밸런싱 매수 (5위, 63.5점)",0,0.0000,23774,하락
2023-11-24,033250,체시스,BUY,5934,3205,19018470,"리밸런싱 매수 (6위, 63.2점)",0,0.0000,23773,하락
2023-11-24,052790,액토즈소프트,BUY,1651,11520,19019520,"리밸런싱 매수 (7위, 62.9점)",0,0.0000,23774,하락
2023-11-24,210980,SK디앤디,BUY,1124,16918,19015832,"리밸런싱 매수 (8위, 62.7점)",0,0.0000,23770,하락
2023-11-24,041190,우리기술투자,BUY,3319,5730,19017870,"리밸런싱 매수 (9위, 62.1점)",0,0.0000,23772,하락
2023-11-24,025540,한국단자,BUY,257,74000,19018000,"리밸런싱 매수 (10위, 62.0점)",0,0.0000,23772,하락
2023-11-27,001530,DI동일,SELL,658,28573,18801034,[리밸런싱] 긴급 매도 (점수 62.4 < 65.0),-228797,-0.0108,23501,하락
2023-11-27,204840,지엘팜텍,SELL,12513,1592,19920696,[리밸런싱] 긴급 매도 (점수 63.7 < 65.0),876035,0.0474,24901,하락
2023-11-27,376930,노을,SELL,3470,4611,16000170,[리밸런싱] 긴급 매도 (점수 62.0 < 65.0),-3038900,-0.1587,20000,하락
2023-11-27,066790,씨씨에스,SELL,6650,2660,17689000,[리밸런싱] 긴급 매도 (점수 63.5 < 65.0),-1352111,-0.0699,22111,하락
2023-11-27,033250,체시스,SELL,5934,2785,16526190,[리밸런싱] 팩터 데이터 없음,-2512938,-0.1310,20658,하락
2023-11-27,052790,액토즈소프트,SELL,1651,10210,16856710,[리밸런싱] 긴급 매도 (점수 61.1 < 65.0),-2183881,-0.1137,21071,하락
2023-11-27,210980,SK디앤디,SELL,1124,16408,18442592,[리밸런싱] 긴급 매도 (점수 61.4 < 65.0),-596293,-0.0301,23053,하락
2023-11-27,041190,우리기술투자,SELL,3319,6010,19947190,[리밸런싱] 긴급 매도 (점수 63.3 < 65.0),904386,0.0489,24934,하락
2023-11-27,025540,한국단자,SELL,257,74500,19146500,[리밸런싱] 긴급 매도 (점수 61.8 < 65.0),104567,0.0068,23933,하락
2023-11-27,204840,지엘팜텍,BUY,12274,1475,18104150,"리밸런싱 매수 (2위, 63.7점)",0,0.0000,22630,하락
2023-11-27,066790,씨씨에스,BUY,6308,2870,18103960,"리밸런싱 매수 (3위, 63.5점)",0,0.0000,22630,하락
2023-11-27,041190,우리기술투자,BUY,3110,5820,18100200,"리밸런싱 매수 (4위, 63.3점)",0,0.0000,22625,하락
2023-11-27,199800,툴젠,BUY,276,65400,18050400,"리밸런싱 매수 (5위, 63.3점)",0,0.0000,22563,하락
2023-11-27,080220,제주반도체,BUY,2842,6370,18103540,"리밸런싱 매수 (6위, 63.0점)",0,0.0000,22629,하락
2023-11-27,098120,마이크로컨텍솔,BUY,1405,12880,18096400,"리밸런싱 매수 (7위, 62.5점)",0,0.0000,22620,하락
2023-11-27,001530,DI동일,BUY,632,28616,18085312,"리밸런싱 매수 (8위, 62.4점)",0,0.0000,22607,하락
2023-11-27,259960,크래프톤,BUY,86,208500,17931000,"리밸런싱 매수 (9위, 62.0점)",0,0.0000,22414,하락
2023-11-27,376930,노을,BUY,3542,5111,18103162,"리밸런싱 매수 (10위, 62.0점)",0,0.0000,22629,하락
2023-11-28,204840,지엘팜텍,SELL,12274,1494,18337356,[리밸런싱] 긴급 매도 (점수 62.8 < 65.0),210284,0.0129,22922,하락
2023-11-28,066790,씨씨에스,SELL,6308,2300,14508400,[리밸런싱] 긴급 매도 (점수 61.9 < 65.0),-3613696,-0.1986,18136,하락
2023-11-28,041190,우리기술투자,SELL,3110,5670,17633700,[리밸런싱] 긴급 매도 (점수 62.2 < 65.0),-488542,-0.0258,22042,하락
2023-11-28,199800,툴젠,SELL,276,76600,21141600,[리밸런싱] 긴급 매도 (점수 63.2 < 65.0),3064773,0.1713,26427,하락
2023-11-28,080220,제주반도체,SELL,2842,6800,19325600,[리밸런싱] 긴급 매도 (점수 61.3 < 65.0),1197903,0.0675,24157,하락
2023-11-28,098120,마이크로컨텍솔,SELL,1405,13300,18686500,[리밸런싱] 긴급 매도 (점수 61.1 < 65.0),566742,0.0326,23358,하락
2023-11-28,001530,DI동일,SELL,632,28348,17915936,[리밸런싱] 긴급 매도 (점수 60.6 < 65.0),-191771,-0.0094,22395,하락
2023-11-28,259960,크래프톤,SELL,86,216000,18576000,[리밸런싱] 긴급 매도 (점수 61.7 < 65.0),621780,0.0360,23220,하락
2023-11-28,376930,노을,SELL,3542,4462,15804404,[리밸런싱] 긴급 매도 (점수 61.5 < 65.0),-2318514,-0.1270,19756,하락
2023-11-28,199800,툴젠,BUY,247,72700,17956900,"리밸런싱 매수 (2위, 63.2점)",0,0.0000,22446,하락
2023-11-28,204840,지엘팜텍,BUY,11711,1535,17976385,"리밸런싱 매수 (3위, 62.8점)",0,0.0000,22470,하락
2023-11-28,196170,알테오젠,BUY,242,74200,17956400,"리밸런싱 매수 (4위, 62.8점)",0,0.0000,22446,하락
2023-11-28,027830,대성창투,BUY,7569,2375,17976375,"리밸런싱 매수 (5위, 62.3점)",0,0.0000,22470,하락
2023-11-28,041190,우리기술투자,BUY,3001,5990,17975990,"리밸런싱 매수 (6위, 62.2점)",0,0.0000,22470,하락
2023-11-28,025540,한국단자,BUY,241,74500,17954500,"리밸런싱 매수 (7위, 61.9점)",0,0.0000,22443,하락
2023-11-28,066790,씨씨에스,BUY,6633,2710,17975430,"리밸런싱 매수 (8위, 61.9점)",0,0.0000,22469,하락
2023-11-28,085620,미래에셋생명,BUY,3411,5270,17975970,"리밸런싱 매수 (9위, 61.7점)",0,0.0000,22470,하락
2023-11-28,259960,크래프톤,BUY,82,217500,17835000,"리밸런싱 매수 (10위, 61.7점)",0,0.0000,22294,하락
2023-11-29,199800,툴젠,SELL,247,78100,19290700,[리밸런싱] 긴급 매도 (점수 63.3 < 65.0),1309687,0.0743,24113,하락
2023-11-29,204840,지엘팜텍,SELL,11711,1436,16816996,[리밸런싱] 긴급 매도 (점수 62.6 < 65.0),-1180410,-0.0645,21021,하락
2023-11-29,196170,알테오젠,SELL,242,78600,19021200,[리밸런싱] 긴급 매도 (점수 61.0 < 65.0),1041024,0.0593,23776,하락
2023-11-29,027830,대성창투,SELL,7569,2445,18506205,[리밸런싱] 긴급 매도 (점수 62.7 < 65.0),506697,0.0295,23133,하락
2023-11-29,041190,우리기술투자,SELL,3001,5740,17225740,[리밸런싱] 긴급 매도 (점수 61.6 < 65.0),-771782,-0.0417,21532,하락
2023-11-29,025540,한국단자,SELL,241,74900,18050900,[리밸런싱] 긴급 매도 (점수 61.5 < 65.0),73836,0.0054,22564,하락
2023-11-29,066790,씨씨에스,SELL,6633,2005,13299165,[리밸런싱] 긴급 매도 (점수 60.9 < 65.0),-4692889,-0.2601,16624,하락
2023-11-29,085620,미래에셋생명,SELL,3411,5510,18794610,[리밸런싱] 긴급 매도 (점수 61.9 < 65.0),795147,0.0455,23493,하락
2023-11-29,259960,크래프톤,SELL,82,216000,17712000,[리밸런싱] 긴급 매도 (점수 61.3 < 65.0),-145140,-0.0069,22140,하락
2023-11-29,080220,제주반도체,BUY,2516,7000,17612000,"리밸런싱 매수 (2위, 63.8점)",0,0.0000,22015,하락
2023-11-29,199800,툴젠,BUY,233,75500,17591500,"리밸런싱 매수 (3위, 63.3점)",0,0.0000,21989,하락
2023-11-29,204210,스타에스엠리츠,BUY,1358,12970,17613260,"리밸런싱 매수 (4위, 63.1점)",0,0.0000,22017,하락
2023-11-29,027830,대성창투,BUY,7218,2440,17611920,"리밸런싱 매수 (5위, 62.7점)",0,0.0000,22015,하락
2023-11-29,204840,지엘팜텍,BUY,12031,1464,17613384,"리밸런싱 매수 (6위, 62.6점)",0,0.0000,22017,하락
2023-11-29,085620,미래에셋생명,BUY,3220,5470,17613400,"리밸런싱 매수 (7위, 61.9점)",0,0.0000,22017,하락
2023-11-29,000120,CJ대한통운,BUY,170,103200,17544000,"리밸런싱 매수 (8위, 61.9점)",0,0.0000,21930,하락
2023-11-29,376930,노을,BUY,3922,4490,17609780,"리밸런싱 매수 (9위, 61.7점)",0,0.0000,22012,하락
2023-11-29,041190,우리기술투자,BUY,2995,5880,17610600,"리밸런싱 매수 (10위, 61.6점)",0,0.0000,22013,하락
2023-11-30,199800,툴젠,SELL,233,76400,17801200,[리밸런싱] 긴급 매도 (점수 62.9 < 65.0),187448,0.0119,22252,하락
2023-11-30,204210,스타에스엠리츠,SELL,1358,12810,17395980,[리밸런싱] 긴급 매도 (점수 63.1 < 65.0),-239025,-0.0123,21745,하락
2023-11-30,027830,대성창투,SELL,7218,2460,17756280,[리밸런싱] 긴급 매도 (점수 63.0 < 65.0),122165,0.0082,22195,하락
2023-11-30,204840,지엘팜텍,SELL,12031,1495,17986345,[리밸런싱] 긴급 매도 (점수 62.9 < 65.0),350478,0.0212,22483,하락
2023-11-30,085620,미래에셋생명,SELL,3220,5500,17710000,[리밸런싱] 긴급 매도 (점수 61.2 < 65.0),74462,0.0055,22138,하락
2023-11-30,000120,CJ대한통운,SELL,170,113100,19227000,[리밸런싱] 긴급 매도 (점수 65.0 < 65.0),1658966,0.0959,24034,하락
2023-11-30,376930,노을,SELL,3922,4925,19315850,[리밸런싱] 긴급 매도 (점수 62.3 < 65.0),1681925,0.0969,24145,하락
2023-11-30,041190,우리기술투자,SELL,2995,5540,16592300,[리밸런싱] 긴급 매도 (점수 60.4 < 65.0),-1039040,-0.0578,20740,하락
2023-11-30,000120,CJ대한통운,BUY,167,107200,17902400,"리밸런싱 매수 (3위, 65.0점)",0,0.0000,22378,하락
2023-11-30,204210,스타에스엠리츠,BUY,1390,12900,17931000,"리밸런싱 매수 (4위, 63.1점)",0,0.0000,22414,하락
2023-11-30,383930,디티앤씨알오,BUY,2317,7740,17933580,"리밸런싱 매수 (5위, 63.1점)",0,0.0000,22417,하락
2023-11-30,027830,대성창투,BUY,7233,2480,17937840,"리밸런싱 매수 (6위, 63.0점)",0,0.0000,22422,하락
2023-11-30,199800,툴젠,BUY,231,77600,17925600,"리밸런싱 매수 (7위, 62.9점)",0,0.0000,22407,하락
2023-11-30,204840,지엘팜텍,BUY,12363,1451,17938713,"리밸런싱 매수 (8위, 62.9점)",0,0.0000,22423,하락
2023-11-30,025540,한국단자,BUY,239,74900,17901100,"리밸런싱 매수 (9위, 62.7점)",0,0.0000,22376,하락
2023-11-30,033540,파라텍,BUY,6764,2652,17938128,"리밸런싱 매수 (10위, 62.3점)",0,0.0000,22423,하락
2023-12-01,080220,제주반도체,SELL,2516,7060,17762960,[리밸런싱] 긴급 매도 (점수 60.0 < 65.0),128756,0.0086,22204,하락
2023-12-01,000120,CJ대한통운,SELL,167,113800,19004600,[리밸런싱] 긴급 매도 (점수 63.6 < 65.0),1078444,0.0616,23756,하락
2023-12-01,204210,스타에스엠리츠,SELL,1390,11790,16388100,[리밸런싱] 팩터 데이터 없음,-1563385,-0.0860,20485,하락
2023-12-01,383930,디티앤씨알오,SELL,2317,8120,18814040,[리밸런싱] 긴급 매도 (점수 63.0 < 65.0),856942,0.0491,23518,하락
2023-12-01,027830,대성창투,SELL,7233,2490,18010170,[리밸런싱] 긴급 매도 (점수 63.2 < 65.0),49817,0.0040,22513,하락
2023-12-01,199800,툴젠,SELL,231,80400,18572400,[리밸런싱] 긴급 매도 (점수 63.4 < 65.0),623584,0.0361,23216,하락
2023-12-01,204840,지엘팜텍,SELL,12363,1310,16195530,[리밸런싱] 긴급 매도 (점수 61.8 < 65.0),-1763427,-0.0972,20244,하락
2023-12-01,025540,한국단자,SELL,239,74500,17805500,[리밸런싱] 긴급 매도 (점수 61.6 < 65.0),-117857,-0.0053,22257,하락
2023-12-01,033540,파라텍,SELL,6764,2905,19649420,[리밸런싱] 긴급 매도 (점수 61.8 < 65.0),1686730,0.0954,24562,하락
2023-12-01,094480,갤럭시아머니트리,BUY,2144,8390,17988160,"리밸런싱 매수 (2위, 63.9점)",0,0.0000,22485,하락
2023-12-01,033290,로젠,BUY,1925,9342,17983350,"리밸런싱 매수 (3위, 63.8점)",0,0.0000,22479,하락
2023-12-01,000120,CJ대한통운,BUY,157,114000,17898000,"리밸런싱 매수 (4위, 63.6점)",0,0.0000,22372,하락
2023-12-01,199800,툴젠,BUY,228,78900,17989200,"리밸런싱 매수 (5위, 63.4점)",0,0.0000,22486,하락
2023-12-01,027830,대성창투,BUY,7313,2460,17989980,"리밸런싱 매수 (6위, 63.2점)",0,0.0000,22487,하락
2023-12-01,000240,한국앤컴퍼니,BUY,1218,14760,17977680,"리밸런싱 매수 (7위, 63.2점)",0,0.0000,22472,하락
2023-12-01,383930,디티앤씨알오,BUY,2178,8260,17990280,"리밸런싱 매수 (8위, 63.0점)",0,0.0000,22488,하락
2023-12-01,145020,휴젤,BUY,118,151700,17900600,"리밸런싱 매수 (9위, 62.7점)",0,0.0000,22376,하락
2023-12-01,259960,크래프톤,BUY,84,214000,17976000,"리밸런싱 매수 (10위, 62.4점)",0,0.0000,22470,하락
2023-12-04,094480,갤럭시아머니트리,SELL,2144,11350,24334400,[리밸런싱] 긴급 매도 (점수 63.5 < 65.0),6315822,0.3528,30418,하락
2023-12-04,000120,CJ대한통운,SELL,157,112800,17709600,[리밸런싱] 긴급 매도 (점수 63.1 < 65.0),-210537,-0.0105,22137,하락
2023-12-04,199800,툴젠,SELL,228,75800,17282400,[리밸런싱] 긴급 매도 (점수 63.1 < 65.0),-728403,-0.0393,21603,하락
2023-12-04,027830,대성창투,SELL,7313,2595,18977235,[리밸런싱] 긴급 매도 (점수 63.9 < 65.0),963533,0.0549,23722,하락
2023-12-04,383930,디티앤씨알오,SELL,2178,8180,17816040,[리밸런싱] 긴급 매도 (점수 63.3 < 65.0),-196510,-0.0097,22270,하락
2023-12-04,145020,휴젤,SELL,118,155300,18325400,[리밸런싱] 긴급 매도 (점수 63.7 < 65.0),401893,0.0237,22907,하락
2023-12-04,259960,크래프톤,SELL,84,218000,18312000,[리밸런싱] 긴급 매도 (점수 61.7 < 65.0),313110,0.0187,22890,하락
2023-12-04,027830,대성창투,BUY,7608,2490,18943920,"리밸런싱 매수 (4위, 63.9점)",0,0.0000,23680,하락
2023-12-04,003570,SNT다이내믹스,BUY,1199,15800,18944200,"리밸런싱 매수 (5위, 63.8점)",0,0.0000,23680,하락
2023-12-04,145020,휴젤,BUY,122,154700,18873400,"리밸런싱 매수 (6위, 63.7점)",0,0.0000,23592,하락
2023-12-04,112040,위메이드,BUY,302,62700,18935400,"리밸런싱 매수 (7위, 63.7점)",0,0.0000,23669,하락
2023-12-04,094480,갤럭시아머니트리,BUY,1965,9640,18942600,"리밸런싱 매수 (8위, 63.5점)",0,0.0000,23678,하락
2023-12-04,041190,우리기술투자,BUY,3041,6230,18945430,"리밸런싱 매수 (9위, 63.5점)",0,0.0000,23682,하락
2023-12-04,002720,국제약품,BUY,3205,5910,18941550,"리밸런싱 매수 (10위, 63.4점)",0,0.0000,23677,하락
2023-12-04,094480,갤럭시아머니트리,SELL,1965,11568,22731120,목표 익절 도달 (20.0%),3760106,0.2000,28414,하락
2023-12-04,002720,국제약품,SELL,3205,7092,22729860,목표 익절 도달 (20.0%),3759898,0.2000,28412,하락
2023-12-05,000240,한국앤컴퍼니,SELL,1218,21850,26613300,[리밸런싱] 긴급 매도 (점수 64.8 < 65.0),8602353,0.4804,33267,하락
2023-12-05,027830,대성창투,SELL,7608,2590,19704720,[리밸런싱] 긴급 매도 (점수 64.0 < 65.0),736169,0.0402,24631,하락
2023-12-05,003570,SNT다이내믹스,SELL,1199,15210,18236790,[리밸런싱] 긴급 매도 (점수 60.5 < 65.0),-730206,-0.0373,22796,하락
2023-12-05,145020,휴젤,SELL,122,151700,18507400,[리밸런싱] 긴급 매도 (점수 63.1 < 65.0),-389134,-0.0194,23134,하락
2023-12-05,112040,위메이드,SELL,302,65900,19901800,[리밸런싱] 긴급 매도 (점수 63.7 < 65.0),941523,0.0510,24877,하락
2023-12-05,041190,우리기술투자,SELL,3041,7010,21317410,[리밸런싱] 긴급 매도 (점수 63.5 < 65.0),2345333,0.1252,26647,하락
2023-12-05,210980,SK디앤디,BUY,1334,18136,24193424,"리밸런싱 매수 (4위, 64.5점)",0,0.0000,30242,하락
2023-12-05,000120,CJ대한통운,BUY,214,112700,24117800,"리밸런싱 매수 (5위, 64.3점)",0,0.0000,30147,하락
2023-12-05,027830,대성창투,BUY,9293,2605,24208265,"리밸런싱 매수 (6위, 64.0점)",0,0.0000,30260,하락
2023-12-05,112040,위메이드,BUY,343,70500,24181500,"리밸런싱 매수 (7위, 63.7점)",0,0.0000,30227,하락
2023-12-05,041190,우리기술투자,BUY,3181,7610,24207410,"리밸런싱 매수 (8위, 63.5점)",0,0.0000,30259,하락
2023-12-05,330350,위더스제약,BUY,2148,11270,24207960,"리밸런싱 매수 (9위, 63.5점)",0,0.0000,30260,하락
2023-12-05,094480,갤럭시아머니트리,BUY,2020,11980,24199600,"리밸런싱 매수 (10위, 63.4점)",0,0.0000,30250,하락
2023-12-06,027830,대성창투,SELL,9293,2720,25276960,[리밸런싱] 긴급 매도 (점수 64.7 < 65.0),1037099,0.0441,31596,하락
2023-12-06,112040,위메이드,SELL,343,69400,23804200,[리밸런싱] 긴급 매도 (점수 63.1 < 65.0),-407055,-0.0156,29755,하락
2023-12-06,041190,우리기술투자,SELL,3181,7430,23634830,[리밸런싱] 긴급 매도 (점수 63.5 < 65.0),-602124,-0.0237,29544,하락
2023-12-06,330350,위더스제약,SELL,2148,12070,25926360,[리밸런싱] 긴급 매도 (점수 63.4 < 65.0),1685992,0.0710,32408,하락
2023-12-06,094480,갤럭시아머니트리,SELL,2020,11940,24118800,[리밸런싱] 긴급 매도 (점수 63.3 < 65.0),-110948,-0.0033,30148,하락
2023-12-06,033540,파라텍,BUY,6735,3032,20420520,"리밸런싱 매수 (4위, 66.2점)",0,0.0000,25526,하락
2023-12-06,051160,지어소프트,BUY,2010,10160,20421600,"리밸런싱 매수 (6위, 64.9점)",0,0.0000,25527,하락
2023-12-06,027830,대성창투,BUY,7765,2630,20421950,"리밸런싱 매수 (7위, 64.7점)",0,0.0000,25527,하락
2023-12-06,000240,한국앤컴퍼니,BUY,963,21200,20415600,"리밸런싱 매수 (8위, 64.5점)",0,0.0000,25520,하락
2023-12-06,080220,제주반도체,BUY,2662,7670,20417540,"리밸런싱 매수 (9위, 63.9점)",0,0.0000,25522,하락
2023-12-06,041190,우리기술투자,BUY,2652,7700,20420400,"리밸런싱 매수 (10위, 63.5점)",0,0.0000,25526,하락
2023-12-07,033540,파라텍,SELL,6735,3210,21619350,[리밸런싱] 긴급 매도 (점수 64.9 < 65.0),1171806,0.0587,27024,하락
2023-12-07,000240,한국앤컴퍼니,SELL,963,22100,21282300,[리밸런싱] 긴급 매도 (점수 64.4 < 65.0),840097,0.0425,26603,하락
2023-12-07,080220,제주반도체,SELL,2662,8940,23798280,[리밸런싱] 긴급 매도 (점수 63.8 < 65.0),3350992,0.1656,29748,하락
2023-12-07,041190,우리기술투자,SELL,2652,7260,19253520,[리밸런싱] 긴급 매도 (점수 63.3 < 65.0),-1190947,-0.0571,24067,하락
2023-12-07,033540,파라텍,BUY,6630,3232,21428160,"리밸런싱 매수 (7위, 64.9점)",0,0.0000,26785,하락
2023-12-07,000240,한국앤컴퍼니,BUY,1020,21000,21420000,"리밸런싱 매수 (8위, 64.4점)",0,0.0000,26775,하락
2023-12-07,080220,제주반도체,BUY,2588,8280,21428640,"리밸런싱 매수 (9위, 63.8점)",0,0.0000,26786,하락
2023-12-07,041190,우리기술투자,BUY,2884,7430,21428120,"리밸런싱 매수 (10위, 63.3점)",0,0.0000,26785,하락
2023-12-08,051160,지어소프트,SELL,2010,10410,20924100,[리밸런싱] 긴급 매도 (점수 64.4 < 65.0),476345,0.0246,26155,하락
2023-12-08,033540,파라텍,SELL,6630,3112,20632560,[리밸런싱] 긴급 매도 (점수 62.7 < 65.0),-821391,-0.0371,25791,하락
2023-12-08,000240,한국앤컴퍼니,SELL,1020,22150,22593000,[리밸런싱] 긴급 매도 (점수 64.3 < 65.0),1144759,0.0548,28241,하락
2023-12-08,080220,제주반도체,SELL,2588,11280,29192640,[리밸런싱] 긴급 매도 (점수 63.1 < 65.0),7727509,0.3623,36491,하락
2023-12-08,041190,우리기술투자,SELL,2884,7090,20447560,[리밸런싱] 긴급 매도 (점수 63.4 < 65.0),-1006119,-0.0458,25559,하락
2023-12-08,124500,아이티센글로벌,BUY,4151,5470,22705970,"리밸런싱 매수 (4위, 66.3점)",0,0.0000,28382,하락
2023-12-08,051160,지어소프트,BUY,2169,10470,22709430,"리밸런싱 매수 (7위, 64.4점)",0,0.0000,28387,하락
2023-12-08,000240,한국앤컴퍼니,BUY,1048,21650,22689200,"리밸런싱 매수 (8위, 64.3점)",0,0.0000,28362,하락
2023-12-08,041190,우리기술투자,BUY,3225,7040,22704000,"리밸런싱 매수 (9위, 63.4점)",0,0.0000,28380,하락
2023-12-08,383930,디티앤씨알오,BUY,2803,8100,22704300,"리밸런싱 매수 (10위, 63.4점)",0,0.0000,28380,하락
2023-12-08,124500,아이티센글로벌,SELL,4151,6564,27247164,목표 익절 도달 (20.0%),4507135,0.2000,34059,하락
2023-12-08,383930,디티앤씨알오,SELL,2803,9720,27245160,목표 익절 도달 (20.0%),4506804,0.2000,34056,하락
2023-12-11,294870,HDC현대산업개발,SELL,1272,14790,18812880,[리밸런싱] 긴급 매도 (점수 63.9 < 65.0),-227036,-0.0107,23516,하락
2023-12-11,033290,로젠,SELL,1925,8899,17130575,[리밸런싱] 긴급 매도 (점수 62.4 < 65.0),-874188,-0.0474,21413,하락
2023-12-11,210980,SK디앤디,SELL,1334,17939,23930626,[리밸런싱] 긴급 매도 (점수 63.0 < 65.0),-292711,-0.0109,29913,하락
2023-12-11,027830,대성창투,SELL,7765,2620,20344300,[리밸런싱] 긴급 매도 (점수 64.9 < 65.0),-103080,-0.0038,25430,하락
2023-12-11,051160,지어소프트,SELL,2169,10340,22427460,[리밸런싱] 긴급 매도 (점수 64.2 < 65.0),-310004,-0.0124,28034,하락
2023-12-11,000240,한국앤컴퍼니,SELL,1048,22550,23632400,[리밸런싱] 긴급 매도 (점수 64.3 < 65.0),913660,0.0416,29540,하락
2023-12-11,041190,우리기술투자,SELL,3225,6680,21543000,[리밸런싱] 긴급 매도 (점수 62.9 < 65.0),-1187929,-0.0511,26929,하락
2023-12-11,124500,아이티센글로벌,BUY,3590,6250,22437500,"리밸런싱 매수 (2위, 65.7점)",0,0.0000,28047,하락
2023-12-11,027830,대성창투,BUY,7859,2855,22437445,"리밸런싱 매수 (3위, 64.9점)",0,0.0000,28047,하락
2023-12-11,000240,한국앤컴퍼니,BUY,1022,21950,22432900,"리밸런싱 매수 (4위, 64.3점)",0,0.0000,28041,하락
2023-12-11,051160,지어소프트,BUY,2095,10710,22437450,"리밸런싱 매수 (5위, 64.2점)",0,0.0000,28047,하락
2023-12-11,294870,HDC현대산업개발,BUY,1443,15550,22438650,"리밸런싱 매수 (6위, 63.9점)",0,0.0000,28048,하락
2023-12-11,058470,리노공업,BUY,533,42047,22411051,"리밸런싱 매수 (7위, 63.7점)",0,0.0000,28014,하락
2023-12-11,094480,갤럭시아머니트리,BUY,1790,12530,22428700,"리밸런싱 매수 (8위, 63.4점)",0,0.0000,28036,하락
2023-12-11,383930,디티앤씨알오,BUY,2310,9710,22430100,"리밸런싱 매수 (9위, 63.3점)",0,0.0000,28038,하락
2023-12-11,229640,LS에코에너지,BUY,1208,18570,22432560,"리밸런싱 매수 (10위, 63.2점)",0,0.0000,28041,하락
2023-12-11,229640,LS에코에너지,SELL,1208,22284,26919072,목표 익절 도달 (20.0%),4452863,0.2000,33649,하락
2023-12-12,027830,대성창투,SELL,7859,2265,17800635,[리밸런싱] 긴급 매도 (점수 57.1 < 65.0),-4659061,-0.2067,22251,하락
2023-12-12,000240,한국앤컴퍼니,SELL,1022,21000,21462000,[리밸런싱] 긴급 매도 (점수 63.9 < 65.0),-997728,-0.0433,26828,하락
2023-12-12,051160,지어소프트,SELL,2095,10310,21599450,[리밸런싱] 긴급 매도 (점수 63.4 < 65.0),-864999,-0.0373,26999,하락
2023-12-12,058470,리노공업,SELL,533,42349,22572017,[리밸런싱] 긴급 매도 (점수 62.6 < 65.0),132751,0.0072,28215,하락
2023-12-12,094480,갤럭시아머니트리,SELL,1790,12100,21659000,[리밸런싱] 긴급 매도 (점수 63.4 < 65.0),-796774,-0.0343,27074,하락
2023-12-12,383930,디티앤씨알오,SELL,2310,9580,22129800,[리밸런싱] 긴급 매도 (점수 62.8 < 65.0),-327962,-0.0134,27662,하락
2023-12-12,033540,파라텍,BUY,7595,2892,21964740,"리밸런싱 매수 (4위, 65.1점)",0,0.0000,27456,하락
2023-12-12,000240,한국앤컴퍼니,BUY,998,22000,21956000,"리밸런싱 매수 (5위, 63.9점)",0,0.0000,27445,하락
2023-12-12,079550,LIG넥스원,BUY,174,126000,21924000,"리밸런싱 매수 (6위, 63.5점)",0,0.0000,27405,하락
2023-12-12,094480,갤럭시아머니트리,BUY,1915,11470,21965050,"리밸런싱 매수 (7위, 63.4점)",0,0.0000,27456,하락
2023-12-12,084690,대상홀딩스,BUY,1650,13310,21961500,"리밸런싱 매수 (8위, 63.4점)",0,0.0000,27452,하락
2023-12-12,051160,지어소프트,BUY,2143,10250,21965750,"리밸런싱 매수 (9위, 63.4점)",0,0.0000,27457,하락
2023-12-12,204210,스타에스엠리츠,BUY,1513,14510,21953630,"리밸런싱 매수 (10위, 63.3점)",0,0.0000,27442,하락
2023-12-12,033540,파라텍,SELL,7595,3470,26357688,목표 익절 도달 (20.0%),4360001,0.2000,32947,하락
2023-12-13,294870,HDC현대산업개발,SELL,1443,14890,21486270,[리밸런싱] 긴급 매도 (점수 64.4 < 65.0),-979238,-0.0424,26858,하락
2023-12-13,000240,한국앤컴퍼니,SELL,998,21600,21556800,[리밸런싱] 긴급 매도 (점수 64.1 < 65.0),-426146,-0.0182,26946,하락
2023-12-13,079550,LIG넥스원,SELL,174,127500,22185000,[리밸런싱] 긴급 매도 (점수 61.8 < 65.0),233269,0.0119,27731,하락
2023-12-13,094480,갤럭시아머니트리,SELL,1915,12470,23880050,[리밸런싱] 긴급 매도 (점수 63.4 < 65.0),1885150,0.0872,29850,하락
2023-12-13,084690,대상홀딩스,SELL,1650,14950,24667500,[리밸런싱] 긴급 매도 (점수 63.3 < 65.0),2675166,0.1232,30834,하락
2023-12-13,051160,지어소프트,SELL,2143,10190,21837170,[리밸런싱] 긴급 매도 (점수 63.1 < 65.0),-155876,-0.0059,27296,하락
2023-12-13,204210,스타에스엠리츠,SELL,1513,12870,19472310,[리밸런싱] 긴급 매도 (점수 63.4 < 65.0),-2505660,-0.1130,24340,하락
2023-12-13,033540,파라텍,BUY,6615,3422,22636530,"리밸런싱 매수 (3위, 65.4점)",0,0.0000,28296,하락
2023-12-13,294870,HDC현대산업개발,BUY,1481,15280,22629680,"리밸런싱 매수 (4위, 64.4점)",0,0.0000,28287,하락
2023-12-13,000240,한국앤컴퍼니,BUY,1070,21150,22630500,"리밸런싱 매수 (5위, 64.1점)",0,0.0000,28288,하락
2023-12-13,229640,LS에코에너지,BUY,1129,20050,22636450,"리밸런싱 매수 (6위, 63.5점)",0,0.0000,28296,하락
2023-12-13,094480,갤럭시아머니트리,BUY,1855,12200,22631000,"리밸런싱 매수 (7위, 63.4점)",0,0.0000,28289,하락
2023-12-13,204210,스타에스엠리츠,BUY,1709,13240,22627160,"리밸런싱 매수 (8위, 63.4점)",0,0.0000,28284,하락
2023-12-13,084690,대상홀딩스,BUY,1690,13390,22629100,"리밸런싱 매수 (9위, 63.3점)",0,0.0000,28286,하락
2023-12-13,089030,테크윙,BUY,2377,9520,22629040,"리밸런싱 매수 (10위, 63.3점)",0,0.0000,28286,하락
2023-12-13,033540,파라텍,SELL,6615,4106,27163836,목표 익절 도달 (20.0%),4493351,0.2000,33955,하락
2023-12-13,084690,대상홀딩스,SELL,1690,16068,27154920,목표 익절 도달 (20.0%),4491876,0.2000,33944,하락
2023-12-13,089030,테크윙,SELL,2377,11138,26475977,목표 익절 도달 (17.0%),3813842,0.1700,33095,하락
2023-12-14,294870,HDC현대산업개발,SELL,1481,14480,21444880,[리밸런싱] 긴급 매도 (점수 61.7 < 65.0),-1211606,-0.0524,26806,하락
2023-12-14,000240,한국앤컴퍼니,SELL,1070,21150,22630500,[리밸런싱] 긴급 매도 (점수 63.9 < 65.0),-28288,0.0000,28288,하락
2023-12-14,229640,LS에코에너지,SELL,1129,17210,19430090,[리밸런싱] 긴급 매도 (점수 63.9 < 65.0),-3230648,-0.1416,24288,하락
2023-12-14,094480,갤럭시아머니트리,SELL,1855,11000,20405000,[리밸런싱] 긴급 매도 (점수 64.0 < 65.0),-2251506,-0.0984,25506,하락
2023-12-14,204210,스타에스엠리츠,SELL,1709,12780,21841020,[리밸런싱] 긴급 매도 (점수 63.4 < 65.0),-813441,-0.0347,27301,하락
2023-12-14,255220,SG,BUY,14442,1611,23266062,"리밸런싱 매수 (2위, 65.7점)",0,0.0000,29083,하락
2023-12-14,234340,헥토파이낸셜,BUY,1403,16577,23257531,"리밸런싱 매수 (3위, 65.7점)",0,0.0000,29072,하락
2023-12-14,033540,파라텍,BUY,6839,3402,23266278,"리밸런싱 매수 (5위, 64.5점)",0,0.0000,29083,하락
2023-12-14,094480,갤럭시아머니트리,BUY,1789,13000,23257000,"리밸런싱 매수 (6위, 64.0점)",0,0.0000,29071,하락
2023-12-14,000240,한국앤컴퍼니,BUY,1060,21950,23267000,"리밸런싱 매수 (7위, 63.9점)",0,0.0000,29084,하락
2023-12-14,229640,LS에코에너지,BUY,1260,18460,23259600,"리밸런싱 매수 (8위, 63.9점)",0,0.0000,29074,하락
2023-12-14,084690,대상홀딩스,BUY,1530,15200,23256000,"리밸런싱 매수 (9위, 63.4점)",0,0.0000,29070,하락
2023-12-14,204210,스타에스엠리츠,BUY,1859,12510,23256090,"리밸런싱 매수 (10위, 63.4점)",0,0.0000,29070,하락
2023-12-15,124500,아이티센글로벌,SELL,3590,7980,28648200,[리밸런싱] 긴급 매도 (점수 63.2 < 65.0),6174890,0.2768,35810,하락
2023-12-15,255220,SG,SELL,14442,1660,23973720,[리밸런싱] 긴급 매도 (점수 63.4 < 65.0),677691,0.0304,29967,하락
2023-12-15,234340,헥토파이낸셜,SELL,1403,16645,23352935,[리밸런싱] 긴급 매도 (점수 63.4 < 65.0),66213,0.0041,29191,하락
2023-12-15,033540,파라텍,SELL,6839,3590,24552010,[리밸런싱] 긴급 매도 (점수 64.5 < 65.0),1255042,0.0553,30690,하락
2023-12-15,094480,갤럭시아머니트리,SELL,1789,11560,20680840,[리밸런싱] 긴급 매도 (점수 64.0 < 65.0),-2602011,-0.1108,25851,하락
2023-12-15,000240,한국앤컴퍼니,SELL,1060,15850,16801000,[리밸런싱] 긴급 매도 (점수 55.0 < 65.0),-6487001,-0.2779,21001,하락
2023-12-15,229640,LS에코에너지,SELL,1260,16850,21231000,[리밸런싱] 긴급 매도 (점수 63.9 < 65.0),-2055139,-0.0872,26539,하락
2023-12-15,084690,대상홀딩스,SELL,1530,13170,20150100,[리밸런싱] 긴급 매도 (점수 63.9 < 65.0),-3131088,-0.1336,25188,하락
2023-12-15,204210,스타에스엠리츠,SELL,1859,12180,22642620,[리밸런싱] 팩터 데이터 없음,-641773,-0.0264,28303,하락
2023-12-15,033540,파라텍,BUY,6423,3487,22397001,"리밸런싱 매수 (2위, 64.5점)",0,0.0000,27996,하락
2023-12-15,094480,갤럭시아머니트리,BUY,2074,10800,22399200,"리밸런싱 매수 (3위, 64.0점)",0,0.0000,27999,하락
2023-12-15,084690,대상홀딩스,BUY,1612,13890,22390680,"리밸런싱 매수 (4위, 63.9점)",0,0.0000,27988,하락
2023-12-15,229640,LS에코에너지,BUY,1313,17060,22399780,"리밸런싱 매수 (5위, 63.9점)",0,0.0000,28000,하락
2023-12-15,255220,SG,BUY,12556,1784,22399904,"리밸런싱 매수 (6위, 63.4점)",0,0.0000,28000,하락
2023-12-15,234340,헥토파이낸셜,BUY,1300,17220,22386000,"리밸런싱 매수 (7위, 63.4점)",0,0.0000,27982,하락
2023-12-15,080220,제주반도체,BUY,1982,11300,22396600,"리밸런싱 매수 (8위, 63.3점)",0,0.0000,27996,하락
2023-12-15,124500,아이티센글로벌,BUY,3348,6690,22398120,"리밸런싱 매수 (9위, 63.2점)",0,0.0000,27998,하락
2023-12-15,042000,카페24,BUY,799,28000,22372000,"리밸런싱 매수 (10위, 63.2점)",0,0.0000,27965,하락
2023-12-18,000120,CJ대한통운,SELL,214,116500,24931000,[리밸런싱] 긴급 매도 (점수 64.1 < 65.0),782036,0.0337,31164,하락
2023-12-18,033540,파라텍,SELL,6423,3520,22608960,[리밸런싱] 긴급 매도 (점수 64.0 < 65.0),183698,0.0095,28261,하락
2023-12-18,094480,갤럭시아머니트리,SELL,2074,11900,24680600,[리밸런싱] 긴급 매도 (점수 63.5 < 65.0),2250549,0.1019,30851,하락
2023-12-18,084690,대상홀딩스,SELL,1612,14060,22664720,[리밸런싱] 긴급 매도 (점수 63.8 < 65.0),245709,0.0122,28331,하락
2023-12-18,229640,LS에코에너지,SELL,1313,19120,25104560,[리밸런싱] 긴급 매도 (점수 64.0 < 65.0),2673399,0.1208,31381,하락
2023-12-18,255220,SG,SELL,12556,1485,18645660,[리밸런싱] 긴급 매도 (점수 55.9 < 65.0),-3777551,-0.1676,23307,하락
2023-12-18,234340,헥토파이낸셜,SELL,1300,16307,21199100,[리밸런싱] 긴급 매도 (점수 62.9 < 65.0),-1213399,-0.0530,26499,하락
2023-12-18,080220,제주반도체,SELL,1982,12430,24636260,[리밸런싱] 긴급 매도 (점수 63.3 < 65.0),2208865,0.1000,30795,하락
2023-12-18,124500,아이티센글로벌,SELL,3348,7980,26717040,[리밸런싱] 긴급 매도 (점수 63.2 < 65.0),4285524,0.1928,33396,하락
2023-12-18,042000,카페24,SELL,799,32700,26127300,[리밸런싱] 긴급 매도 (점수 63.1 < 65.0),3722641,0.1679,32659,하락
2023-12-18,170920,엘티씨,BUY,1703,13900,23671700,"리밸런싱 매수 (1위, 65.8점)",0,0.0000,29590,하락
2023-12-18,079550,LIG넥스원,BUY,178,133000,23674000,"리밸런싱 매수 (2위, 64.4점)",0,0.0000,29592,하락
2023-12-18,000120,CJ대한통운,BUY,200,118200,23640000,"리밸런싱 매수 (3위, 64.1점)",0,0.0000,29550,하락
2023-12-18,033540,파라텍,BUY,6596,3590,23679640,"리밸런싱 매수 (4위, 64.0점)",0,0.0000,29600,하락
2023-12-18,229640,LS에코에너지,BUY,1402,16890,23679780,"리밸런싱 매수 (5위, 64.0점)",0,0.0000,29600,하락
2023-12-18,084690,대상홀딩스,BUY,1712,13830,23676960,"리밸런싱 매수 (6위, 63.8점)",0,0.0000,29596,하락
2023-12-18,094480,갤럭시아머니트리,BUY,2084,11360,23674240,"리밸런싱 매수 (7위, 63.5점)",0,0.0000,29593,하락
2023-12-18,080220,제주반도체,BUY,2027,11680,23675360,"리밸런싱 매수 (8위, 63.3점)",0,0.0000,29594,하락
2023-12-18,124500,아이티센글로벌,BUY,2964,7990,23682360,"리밸런싱 매수 (9위, 63.2점)",0,0.0000,29603,하락
2023-12-18,042000,카페24,BUY,820,28850,23657000,"리밸런싱 매수 (10위, 63.1점)",0,0.0000,29571,하락
2023-12-19,079550,LIG넥스원,SELL,178,138000,24564000,[리밸런싱] 긴급 매도 (점수 64.2 < 65.0),859295,0.0376,30705,하락
2023-12-19,033540,파라텍,SELL,6596,3120,20579520,[리밸런싱] 긴급 매도 (점수 62.5 < 65.0),-3125844,-0.1309,25724,하락
2023-12-19,229640,LS에코에너지,SELL,1402,18280,25628560,[리밸런싱] 긴급 매도 (점수 63.9 < 65.0),1916744,0.0823,32036,하락
2023-12-19,084690,대상홀딩스,SELL,1712,14000,23968000,[리밸런싱] 긴급 매도 (점수 64.0 < 65.0),261080,0.0123,29960,하락
2023-12-19,094480,갤럭시아머니트리,SELL,2084,11830,24653720,[리밸런싱] 긴급 매도 (점수 64.0 < 65.0),948663,0.0414,30817,하락
2023-12-19,080220,제주반도체,SELL,2027,12250,24830750,[리밸런싱] 긴급 매도 (점수 63.3 < 65.0),1124352,0.0488,31038,하락
2023-12-19,124500,아이티센글로벌,SELL,2964,8730,25875720,[리밸런싱] 긴급 매도 (점수 63.2 < 65.0),2161015,0.0926,32345,하락
2023-12-19,042000,카페24,SELL,820,31200,25584000,[리밸런싱] 긴급 매도 (점수 63.2 < 65.0),1895020,0.0815,31980,하락
2023-12-19,028300,HLB,BUY,549,44400,24375600,"리밸런싱 매수 (3위, 64.7점)",0,0.0000,30470,하락
2023-12-19,180640,한진칼,BUY,396,61500,24354000,"리밸런싱 매수 (4위, 64.3점)",0,0.0000,30442,하락
2023-12-19,079550,LIG넥스원,BUY,174,140000,24360000,"리밸런싱 매수 (5위, 64.2점)",0,0.0000,30450,하락
2023-12-19,094480,갤럭시아머니트리,BUY,2047,11920,24400240,"리밸런싱 매수 (6위, 64.0점)",0,0.0000,30500,하락
2023-12-19,084690,대상홀딩스,BUY,1735,14060,24394100,"리밸런싱 매수 (7위, 64.0점)",0,0.0000,30493,하락
2023-12-19,229640,LS에코에너지,BUY,1274,19150,24397100,"리밸런싱 매수 (8위, 63.9점)",0,0.0000,30496,하락
2023-12-19,383930,디티앤씨알오,BUY,2696,9050,24398800,"리밸런싱 매수 (9위, 63.7점)",0,0.0000,30498,하락
2023-12-19,080220,제주반도체,BUY,1946,12540,24402840,"리밸런싱 매수 (10위, 63.3점)",0,0.0000,30504,하락
2023-12-20,079550,LIG넥스원,SELL,174,137500,23925000,[리밸런싱] 긴급 매도 (점수 63.8 < 65.0),-464906,-0.0179,29906,하락
2023-12-20,094480,갤럭시아머니트리,SELL,2047,11220,22967340,[리밸런싱] 긴급 매도 (점수 63.9 < 65.0),-1461609,-0.0587,28709,하락
2023-12-20,084690,대상홀딩스,SELL,1735,14920,25886200,[리밸런싱] 긴급 매도 (점수 64.0 < 65.0),1459742,0.0612,32358,하락
2023-12-20,229640,LS에코에너지,SELL,1274,18230,23225020,[리밸런싱] 긴급 매도 (점수 63.7 < 65.0),-1201111,-0.0480,29031,하락
2023-12-20,383930,디티앤씨알오,SELL,2696,9770,26339920,[리밸런싱] 긴급 매도 (점수 63.3 < 65.0),1908195,0.0796,32925,하락
2023-12-20,080220,제주반도체,SELL,1946,12080,23507680,[리밸런싱] 긴급 매도 (점수 63.4 < 65.0),-924545,-0.0367,29385,하락
2023-12-20,234340,헥토파이낸셜,BUY,1510,16069,24264190,"리밸런싱 매수 (5위, 65.7점)",0,0.0000,30330,하락
2023-12-20,084690,대상홀딩스,BUY,1691,14350,24265850,"리밸런싱 매수 (6위, 64.0점)",0,0.0000,30332,하락
2023-12-20,094480,갤럭시아머니트리,BUY,2034,11930,24265620,"리밸런싱 매수 (7위, 63.9점)",0,0.0000,30332,하락
2023-12-20,079550,LIG넥스원,BUY,175,138100,24167500,"리밸런싱 매수 (8위, 63.8점)",0,0.0000,30209,하락
2023-12-20,229640,LS에코에너지,BUY,1310,18520,24261200,"리밸런싱 매수 (9위, 63.7점)",0,0.0000,30326,하락
2023-12-20,124500,아이티센글로벌,BUY,2895,8380,24260100,"리밸런싱 매수 (10위, 63.4점)",0,0.0000,30325,하락
2023-12-20,180640,한진칼,SELL,396,73800,29224800,목표 익절 도달 (20.0%),4834269,0.2000,36531,하락
2023-12-21,084690,대상홀딩스,SELL,1691,13110,22169010,[리밸런싱] 긴급 매도 (점수 63.9 < 65.0),-2124551,-0.0864,27711,하락
2023-12-21,094480,갤럭시아머니트리,SELL,2034,11940,24285960,[리밸런싱] 긴급 매도 (점수 63.9 < 65.0),-10017,0.0008,30357,하락
2023-12-21,079550,LIG넥스원,SELL,175,138500,24237500,[리밸런싱] 긴급 매도 (점수 64.0 < 65.0),39703,0.0029,30297,하락
2023-12-21,229640,LS에코에너지,SELL,1310,22400,29344000,[리밸런싱] 긴급 매도 (점수 63.9 < 65.0),5046120,0.2095,36680,하락
2023-12-21,124500,아이티센글로벌,SELL,2895,7290,21104550,[리밸런싱] 긴급 매도 (점수 64.1 < 65.0),-3181931,-0.1301,26381,하락
2023-12-21,180640,한진칼,BUY,351,71100,24956100,"리밸런싱 매수 (2위, 67.2점)",0,0.0000,31195,하락
2023-12-21,089030,테크윙,BUY,2295,10900,25015500,"리밸런싱 매수 (6위, 65.1점)",0,0.0000,31269,하락
2023-12-21,124500,아이티센글로벌,BUY,3371,7420,25012820,"리밸런싱 매수 (7위, 64.1점)",0,0.0000,31266,하락
2023-12-21,079550,LIG넥스원,BUY,183,136400,24961200,"리밸런싱 매수 (8위, 64.0점)",0,0.0000,31202,하락
2023-12-21,229640,LS에코에너지,BUY,1275,19610,25002750,"리밸런싱 매수 (9위, 63.9점)",0,0.0000,31253,하락
2023-12-21,094480,갤럭시아머니트리,BUY,2192,11410,25010720,"리밸런싱 매수 (10위, 63.9점)",0,0.0000,31263,하락
2023-12-21,170920,엘티씨,SELL,1703,16680,28406040,목표 익절 도달 (20.0%),4698832,0.2000,35508,하락
2023-12-22,089030,테크윙,SELL,2295,10750,24671250,[리밸런싱] 긴급 매도 (점수 63.5 < 65.0),-375089,-0.0138,30839,횡보
2023-12-22,124500,아이티센글로벌,SELL,3371,7070,23832970,[리밸런싱] 긴급 매도 (점수 63.9 < 65.0),-1209641,-0.0472,29791,횡보
2023-12-22,079550,LIG넥스원,SELL,183,135700,24833100,[리밸런싱] 긴급 매도 (점수 64.1 < 65.0),-159141,-0.0051,31041,횡보
2023-12-22,229640,LS에코에너지,SELL,1275,20700,26392500,[리밸런싱] 긴급 매도 (점수 63.8 < 65.0),1356759,0.0556,32991,횡보
2023-12-22,094480,갤럭시아머니트리,SELL,2192,10390,22774880,[리밸런싱] 긴급 매도 (점수 63.4 < 65.0),-2264309,-0.0894,28469,횡보
2023-12-22,170920,엘티씨,BUY,1484,16920,25109280,"리밸런싱 매수 (5위, 65.9점)",0,0.0000,31387,횡보
2023-12-22,294870,HDC현대산업개발,BUY,1721,14590,25109390,"리밸런싱 매수 (6위, 64.1점)",0,0.0000,31387,횡보
2023-12-22,079550,LIG넥스원,BUY,181,138200,25014200,"리밸런싱 매수 (7위, 64.1점)",0,0.0000,31268,횡보
2023-12-22,084690,대상홀딩스,BUY,1951,12870,25109370,"리밸런싱 매수 (8위, 63.9점)",0,0.0000,31387,횡보
2023-12-22,124500,아이티센글로벌,BUY,3532,7110,25112520,"리밸런싱 매수 (9위, 63.9점)",0,0.0000,31391,횡보
2023-12-22,229640,LS에코에너지,BUY,1144,21950,25110800,"리밸런싱 매수 (10위, 63.8점)",0,0.0000,31388,횡보
2023-12-22,234340,헥토파이낸셜,SELL,1510,19283,29117028,목표 익절 도달 (20.0%),4816442,0.2000,36396,횡보
2023-12-26,294870,HDC현대산업개발,SELL,1721,14970,25763370,[리밸런싱] 긴급 매도 (점수 64.5 < 65.0),621776,0.0260,32204,횡보
2023-12-26,079550,LIG넥스원,SELL,181,130600,23638600,[리밸런싱] 긴급 매도 (점수 62.7 < 65.0),-1405148,-0.0550,29548,횡보
2023-12-26,084690,대상홀딩스,SELL,1951,11650,22729150,[리밸런싱] 긴급 매도 (점수 62.1 < 65.0),-2408631,-0.0948,28411,횡보
2023-12-26,124500,아이티센글로벌,SELL,3532,6600,23311200,[리밸런싱] 긴급 매도 (점수 63.8 < 65.0),-1830459,-0.0717,29139,횡보
2023-12-26,229640,LS에코에너지,SELL,1144,20650,23623600,[리밸런싱] 긴급 매도 (점수 63.9 < 65.0),-1516730,-0.0592,29530,횡보
2023-12-26,234340,헥토파이낸셜,BUY,1650,17930,29584500,"리밸런싱 매수 (4위, 66.3점)",0,0.0000,36981,횡보
2023-12-26,294870,HDC현대산업개발,BUY,1985,14900,29576500,"리밸런싱 매수 (7위, 64.5점)",0,0.0000,36971,횡보
2023-12-26,089030,테크윙,BUY,2742,10790,29586180,"리밸런싱 매수 (8위, 64.2점)",0,0.0000,36983,횡보
2023-12-26,229640,LS에코에너지,BUY,1332,22200,29570400,"리밸런싱 매수 (9위, 63.9점)",0,0.0000,36963,횡보
2023-12-26,124500,아이티센글로벌,BUY,4143,7140,29581020,"리밸런싱 매수 (10위, 63.8점)",0,0.0000,36976,횡보
2023-12-26,170920,엘티씨,SELL,1484,15566,23100538,손절 실행 (-8.0%),-2037618,-0.0800,28876,횡보
2023-12-27,294870,HDC현대산업개발,SELL,1985,14440,28663400,[리밸런싱] 긴급 매도 (점수 62.0 < 65.0),-948929,-0.0309,35829,횡보
2023-12-27,089030,테크윙,SELL,2742,11400,31258800,[리밸런싱] 긴급 매도 (점수 64.7 < 65.0),1633546,0.0565,39074,횡보
2023-12-27,229640,LS에코에너지,SELL,1332,20800,27705600,[리밸런싱] 긴급 매도 (점수 63.6 < 65.0),-1899432,-0.0631,34632,횡보
2023-12-27,124500,아이티센글로벌,SELL,4143,7100,29415300,[리밸런싱] 긴급 매도 (점수 63.9 < 65.0),-202489,-0.0056,36769,횡보
2023-12-27,141080,리가켐바이오,BUY,381,61100,23279100,"리밸런싱 매수 (2위, 67.3점)",0,0.0000,29099,횡보
2023-12-27,025320,시노펙스,BUY,4122,5652,23297544,"리밸런싱 매수 (6위, 65.0점)",0,0.0000,29122,횡보
2023-12-27,170920,엘티씨,BUY,1469,15860,23298340,"리밸런싱 매수 (7위, 64.8점)",0,0.0000,29123,횡보
2023-12-27,089030,테크윙,BUY,2026,11500,23299000,"리밸런싱 매수 (8위, 64.7점)",0,0.0000,29124,횡보
2023-12-27,042000,카페24,BUY,755,30850,23291750,"리밸런싱 매수 (9위, 64.0점)",0,0.0000,29115,횡보
2023-12-27,124500,아이티센글로벌,BUY,3377,6900,23301300,"리밸런싱 매수 (10위, 63.9점)",0,0.0000,29127,횡보
2023-12-28,025320,시노펙스,SELL,4122,6850,28235700,[리밸런싱] 긴급 매도 (점수 64.1 < 65.0),4902861,0.2120,35295,상승
2023-12-28,170920,엘티씨,SELL,1469,15140,22240660,[리밸런싱] 긴급 매도 (점수 64.2 < 65.0),-1085481,-0.0454,27801,상승
2023-12-28,089030,테크윙,SELL,2026,11450,23197700,[리밸런싱] 긴급 매도 (점수 64.5 < 65.0),-130297,-0.0043,28997,상승
2023-12-28,042000,카페24,SELL,755,28000,21140000,[리밸런싱] 긴급 매도 (점수 63.6 < 65.0),-2178175,-0.0924,26425,상승
2023-12-28,124500,아이티센글로벌,SELL,3377,7440,25124880,[리밸런싱] 긴급 매도 (점수 63.9 < 65.0),1792174,0.0783,31406,상승
2023-12-28,068270,셀트리온,BUY,136,174882,23783952,"리밸런싱 매수 (6위, 64.5점)",0,0.0000,29730,상승
2023-12-28,089030,테크윙,BUY,2101,11390,23930390,"리밸런싱 매수 (7위, 64.5점)",0,0.0000,29913,상승
2023-12-28,170920,엘티씨,BUY,1530,15640,23929200,"리밸런싱 매수 (8위, 64.2점)",0,0.0000,29912,상승
2023-12-28,025320,시노펙스,BUY,3878,6170,23927260,"리밸런싱 매수 (9위, 64.1점)",0,0.0000,29909,상승
2023-12-28,124500,아이티센글로벌,BUY,3419,7000,23933000,"리밸런싱 매수 (10위, 63.9점)",0,0.0000,29916,상승
2024-01-02,170920,엘티씨,SELL,1530,15120,23133600,[리밸런싱] 긴급 매도 (점수 64.0 < 65.0),-824517,-0.0332,28917,상승
2024-01-02,025320,시노펙스,SELL,3878,7231,28041818,[리밸런싱] 긴급 매도 (점수 64.2 < 65.0),4079506,0.1720,35052,상승
2024-01-02,124500,아이티센글로벌,SELL,3419,7430,25403170,[리밸런싱] 긴급 매도 (점수 63.8 < 65.0),1438416,0.0614,31754,상승
2024-01-02,025540,한국단자,BUY,335,76000,25460000,"리밸런싱 매수 (8위, 64.4점)",0,0.0000,31825,상승
2024-01-02,272210,한화시스템,BUY,1459,17470,25488730,"리밸런싱 매수 (9위, 64.2점)",0,0.0000,31861,상승
2024-01-02,025320,시노펙스,BUY,3495,7294,25492530,"리밸런싱 매수 (10위, 64.2점)",0,0.0000,31866,상승
2024-01-02,028300,HLB,SELL,549,53280,29250720,목표 익절 도달 (20.0%),4838557,0.2000,36563,상승
2024-01-02,068270,셀트리온,SELL,136,204612,27827224,목표 익절 도달 (17.0%),4008488,0.1700,34784,상승
2024-01-03,025540,한국단자,SELL,335,74200,24857000,[리밸런싱] 긴급 매도 (점수 62.8 < 65.0),-634071,-0.0237,31071,상승
2024-01-03,025320,시노펙스,SELL,3495,7412,25904940,[리밸런싱] 긴급 매도 (점수 64.2 < 65.0),380029,0.0162,32381,상승
2024-01-03,068270,셀트리온,BUY,128,210208,26906624,"리밸런싱 매수 (1위, 68.5점)",0,0.0000,33633,상승
2024-01-03,028300,HLB,BUY,513,52400,26881200,"리밸런싱 매수 (3위, 67.1점)",0,0.0000,33602,상승
2024-01-03,170920,엘티씨,BUY,1805,14910,26912550,"리밸런싱 매수 (9위, 65.3점)",0,0.0000,33641,상승
2024-01-03,232140,와이씨,BUY,5068,5310,26911080,"리밸런싱 매수 (10위, 65.2점)",0,0.0000,33639,상승
2024-01-03,232140,와이씨,SELL,5068,6213,31485964,목표 익절 도달 (17.0%),4535526,0.1700,39357,상승
2024-01-04,028300,HLB,SELL,513,46000,23598000,[리밸런싱] 긴급 매도 (점수 63.5 < 65.0),-3312698,-0.1221,29498,상승
2024-01-04,232140,와이씨,BUY,4387,6260,27462620,"리밸런싱 매수 (9위, 64.8점)",0,0.0000,34328,상승
2024-01-04,013990,아가방컴퍼니,BUY,4562,6020,27463240,"리밸런싱 매수 (10위, 64.5점)",0,0.0000,34329,상승
2024-01-05,272210,한화시스템,SELL,1459,17850,26043150,[리밸런싱] 긴급 매도 (점수 61.4 < 65.0),521866,0.0218,32554,상승
2024-01-05,013990,아가방컴퍼니,SELL,4562,5760,26277120,[리밸런싱] 긴급 매도 (점수 64.8 < 65.0),-1218966,-0.0432,32846,상승
2024-01-05,279600,미디어젠,BUY,1247,20918,26084746,"리밸런싱 매수 (3위, 67.5점)",0,0.0000,32606,상승
2024-01-05,102710,이엔에프테크놀로지,BUY,928,28100,26076800,"리밸런싱 매수 (10위, 65.0점)",0,0.0000,32596,상승
2024-01-08,141080,리가켐바이오,SELL,381,57200,21793200,[리밸런싱] 긴급 매도 (점수 64.4 < 65.0),-1513142,-0.0638,27242,상승
2024-01-08,068270,셀트리온,SELL,128,189510,24257280,[리밸런싱] 긴급 매도 (점수 64.0 < 65.0),-2679666,-0.0985,30322,상승
2024-01-08,279600,미디어젠,SELL,1247,21210,26448870,[리밸런싱] 팩터 데이터 없음,331063,0.0140,33061,상승
2024-01-08,102710,이엔에프테크놀로지,SELL,928,28200,26169600,[리밸런싱] 긴급 매도 (점수 63.7 < 65.0),60088,0.0036,32712,상승
2024-01-08,027360,아주IB투자,BUY,8521,2890,24625690,"리밸런싱 매수 (7위, 65.1점)",0,0.0000,30782,상승
2024-01-08,013990,아가방컴퍼니,BUY,4268,5770,24626360,"리밸런싱 매수 (8위, 64.8점)",0,0.0000,30783,상승
2024-01-08,294870,HDC현대산업개발,BUY,1716,14350,24624600,"리밸런싱 매수 (9위, 64.5점)",0,0.0000,30781,상승
2024-01-08,141080,리가켐바이오,BUY,423,58200,24618600,"리밸런싱 매수 (10위, 64.4점)",0,0.0000,30773,상승
2024-01-09,089030,테크윙,SELL,2101,11340,23825340,[리밸런싱] 긴급 매도 (점수 63.6 < 65.0),-134832,-0.0044,29782,상승
2024-01-09,170920,엘티씨,SELL,1805,15450,27887250,[리밸런싱] 긴급 매도 (점수 64.6 < 65.0),939841,0.0362,34859,상승
2024-01-09,027360,아주IB투자,SELL,8521,3030,25818630,[리밸런싱] 긴급 매도 (점수 64.6 < 65.0),1160667,0.0484,32273,상승
2024-01-09,013990,아가방컴퍼니,SELL,4268,6150,26248200,[리밸런싱] 긴급 매도 (점수 65.0 < 65.0),1589030,0.0659,32810,상승
2024-01-09,294870,HDC현대산업개발,SELL,1716,14970,25688520,[리밸런싱] 긴급 매도 (점수 64.0 < 65.0),1031809,0.0432,32111,상승
2024-01-09,141080,리가켐바이오,SELL,423,58600,24787800,[리밸런싱] 긴급 매도 (점수 64.6 < 65.0),138215,0.0069,30985,상승
2024-01-09,013990,아가방컴퍼니,BUY,4334,5920,25657280,"리밸런싱 매수 (5위, 65.0점)",0,0.0000,32072,상승
2024-01-09,027360,아주IB투자,BUY,8567,2995,25658165,"리밸런싱 매수 (6위, 64.6점)",0,0.0000,32073,상승
2024-01-09,141080,리가켐바이오,BUY,437,58700,25651900,"리밸런싱 매수 (7위, 64.6점)",0,0.0000,32065,상승
2024-01-09,170920,엘티씨,BUY,1677,15300,25658100,"리밸런싱 매수 (8위, 64.6점)",0,0.0000,32073,상승
2024-01-09,028300,HLB,BUY,531,48300,25647300,"리밸런싱 매수 (9위, 64.5점)",0,0.0000,32059,상승
2024-01-09,290690,소룩스,BUY,795,32260,25646700,"리밸런싱 매수 (10위, 64.1점)",0,0.0000,32058,상승
2024-01-09,232140,와이씨,SELL,4387,7512,32955144,목표 익절 도달 (20.0%),5451330,0.2000,41194,상승
2024-01-10,013990,아가방컴퍼니,SELL,4334,6700,29037800,[리밸런싱] 긴급 매도 (점수 64.6 < 65.0),3344223,0.1318,36297,상승
2024-01-10,170920,엘티씨,SELL,1677,14670,24601590,[리밸런싱] 긴급 매도 (점수 62.3 < 65.0),-1087262,-0.0412,30752,상승
2024-01-10,028300,HLB,SELL,531,47750,25355250,[리밸런싱] 긴급 매도 (점수 63.5 < 65.0),-323744,-0.0114,31694,상승
2024-01-10,290690,소룩스,SELL,795,20357,16183815,[리밸런싱] 긴급 매도 (점수 59.9 < 65.0),-9483115,-0.3690,20230,상승
2024-01-10,279600,미디어젠,BUY,1208,21149,25547992,"리밸런싱 매수 (2위, 67.8점)",0,0.0000,31935,상승
2024-01-10,232140,와이씨,BUY,3540,7220,25558800,"리밸런싱 매수 (5위, 66.2점)",0,0.0000,31948,상승
2024-01-10,294870,HDC현대산업개발,BUY,1707,14970,25553790,"리밸런싱 매수 (6위, 66.1점)",0,0.0000,31942,상승
2024-01-10,013990,아가방컴퍼니,BUY,4143,6170,25562310,"리밸런싱 매수 (9위, 64.6점)",0,0.0000,31953,상승
2024-01-10,286940,롯데이노베이트,BUY,774,33000,25542000,"리밸런싱 매수 (10위, 64.2점)",0,0.0000,31928,상승
2024-01-10,286940,롯데이노베이트,SELL,774,38610,29884140,목표 익절 도달 (17.0%),4304785,0.1700,37355,상승
2024-01-11,013990,아가방컴퍼니,SELL,4143,6640,27509520,[리밸런싱] 긴급 매도 (점수 64.5 < 65.0),1912823,0.0762,34387,상승
2024-01-11,286940,롯데이노베이트,BUY,776,36850,28595600,"리밸런싱 매수 (8위, 66.1점)",0,0.0000,35744,상승
2024-01-11,337930,젝시믹스,BUY,4314,6630,28601820,"리밸런싱 매수 (10위, 64.8점)",0,0.0000,35752,상승
2024-01-11,279600,미디어젠,SELL,1208,25379,30657590,목표 익절 도달 (20.0%),5071276,0.2000,38322,상승
2024-01-11,232140,와이씨,SELL,3540,6642,23514096,손절 실행 (-8.0%),-2074097,-0.0800,29393,상승
2024-01-12,027360,아주IB투자,SELL,8567,2820,24158940,[리밸런싱] 긴급 매도 (점수 58.4 < 65.0),-1529424,-0.0584,30199,상승
2024-01-12,141080,리가켐바이오,SELL,437,56200,24559400,[리밸런싱] 긴급 매도 (점수 64.0 < 65.0),-1123199,-0.0426,30699,상승
2024-01-12,294870,HDC현대산업개발,SELL,1707,14830,25314810,[리밸런싱] 긴급 매도 (점수 64.1 < 65.0),-270624,-0.0094,31644,상승
2024-01-12,286940,롯데이노베이트,SELL,776,41200,31971200,[리밸런싱] 긴급 매도 (점수 64.7 < 65.0),3335636,0.1180,39964,상승
2024-01-12,279600,미디어젠,BUY,1476,21657,31965732,"리밸런싱 매수 (2위, 69.0점)",0,0.0000,39957,상승
2024-01-12,950160,코오롱티슈진,BUY,2663,12010,31982630,"리밸런싱 매수 (6위, 64.9점)",0,0.0000,39978,상승
2024-01-12,286940,롯데이노베이트,BUY,809,39500,31955500,"리밸런싱 매수 (7위, 64.7점)",0,0.0000,39944,상승
2024-01-12,013990,아가방컴퍼니,BUY,5021,6370,31983770,"리밸런싱 매수 (8위, 64.4점)",0,0.0000,39980,상승
2024-01-12,232140,와이씨,BUY,4989,6410,31979490,"리밸런싱 매수 (9위, 64.4점)",0,0.0000,39974,상승
2024-01-15,234340,헥토파이낸셜,SELL,1650,18404,30366600,[리밸런싱] 긴급 매도 (점수 64.9 < 65.0),744142,0.0264,37958,상승
2024-01-15,337930,젝시믹스,SELL,4314,6730,29033220,[리밸런싱] 긴급 매도 (점수 63.7 < 65.0),395108,0.0151,36292,상승
2024-01-15,279600,미디어젠,SELL,1476,21246,31359096,[리밸런싱] 팩터 데이터 없음,-645835,-0.0190,39199,상승
2024-01-15,013990,아가방컴퍼니,SELL,5021,6570,32987970,[리밸런싱] 긴급 매도 (점수 64.2 < 65.0),962965,0.0314,41235,상승
2024-01-15,141080,리가켐바이오,BUY,442,55800,24663600,"리밸런싱 매수 (4위, 66.9점)",0,0.0000,30830,상승
2024-01-15,348370,엔켐,BUY,267,92300,24644100,"리밸런싱 매수 (7위, 65.1점)",0,0.0000,30805,상승
2024-01-15,234340,헥토파이낸셜,BUY,1364,18099,24687036,"리밸런싱 매수 (8위, 64.9점)",0,0.0000,30859,상승
2024-01-15,013990,아가방컴퍼니,BUY,4008,6160,24689280,"리밸런싱 매수 (9위, 64.2점)",0,0.0000,30862,상승
2024-01-15,060310,3S,BUY,6242,3955,24687110,"리밸런싱 매수 (10위, 64.1점)",0,0.0000,30859,상승
2024-01-16,232140,와이씨,SELL,4989,6040,30133560,[리밸런싱] 긴급 매도 (점수 64.8 < 65.0),-1883597,-0.0577,37667,상승
2024-01-16,141080,리가켐바이오,SELL,442,52200,23072400,[리밸런싱] 긴급 매도 (점수 64.6 < 65.0),-1620040,-0.0645,28840,상승
2024-01-16,234340,헥토파이낸셜,SELL,1364,16713,22796532,[리밸런싱] 긴급 매도 (점수 62.3 < 65.0),-1919000,-0.0766,28496,상승
2024-01-16,013990,아가방컴퍼니,SELL,4008,6340,25410720,[리밸런싱] 긴급 매도 (점수 64.1 < 65.0),689677,0.0292,31763,상승
2024-01-16,060310,3S,SELL,6242,3850,24031700,[리밸런싱] 긴급 매도 (점수 63.7 < 65.0),-685450,-0.0265,30040,상승
2024-01-16,272210,한화시스템,BUY,1318,18990,25028820,"리밸런싱 매수 (5위, 65.3점)",0,0.0000,31286,상승
2024-01-16,232140,와이씨,BUY,3981,6290,25040490,"리밸런싱 매수 (7위, 64.8점)",0,0.0000,31301,상승
2024-01-16,008930,한미사이언스,BUY,592,42300,25041600,"리밸런싱 매수 (8위, 64.7점)",0,0.0000,31302,상승
2024-01-16,089030,테크윙,BUY,2129,11760,25037040,"리밸런싱 매수 (9위, 64.6점)",0,0.0000,31296,상승
2024-01-16,141080,리가켐바이오,BUY,443,56500,25029500,"리밸런싱 매수 (10위, 64.6점)",0,0.0000,31287,상승
2024-01-16,348370,엔켐,SELL,267,110760,29572920,목표 익절 도달 (20.0%),4891854,0.2000,36966,상승
2024-01-16,008930,한미사이언스,SELL,592,50760,30049920,목표 익절 도달 (20.0%),4970758,0.2000,37562,상승
2024-01-17,232140,와이씨,SELL,3981,5820,23169420,[리밸런싱] 긴급 매도 (점수 63.9 < 65.0),-1900032,-0.0747,28962,상승
2024-01-17,089030,테크윙,SELL,2129,12230,26037670,[리밸런싱] 긴급 매도 (점수 62.3 < 65.0),968083,0.0400,32547,상승
2024-01-17,141080,리가켐바이오,SELL,443,51000,22593000,[리밸런싱] 긴급 매도 (점수 62.2 < 65.0),-2464741,-0.0973,28241,상승
2024-01-17,348370,엔켐,BUY,231,113500,26218500,"리밸런싱 매수 (6위, 65.2점)",0,0.0000,32773,상승
2024-01-17,294870,HDC현대산업개발,BUY,1762,14880,26218560,"리밸런싱 매수 (7위, 64.9점)",0,0.0000,32773,상승
2024-01-17,005880,대한해운,BUY,10185,2575,26226375,"리밸런싱 매수 (8위, 64.1점)",0,0.0000,32783,상승
2024-01-17,084680,이월드,BUY,10905,2405,26226525,"리밸런싱 매수 (9위, 64.0점)",0,0.0000,32783,상승
2024-01-17,253590,네오셈,BUY,2354,11140,26223560,"리밸런싱 매수 (10위, 64.0점)",0,0.0000,32779,상승
2024-01-17,005880,대한해운,SELL,10185,3013,30684859,목표 익절 도달 (17.0%),4420128,0.1700,38356,상승
2024-01-18,272210,한화시스템,SELL,1318,18760,24725680,[리밸런싱] 긴급 매도 (점수 64.8 < 65.0),-334047,-0.0121,30907,상승
2024-01-18,348370,엔켐,SELL,231,129000,29799000,[리밸런싱] 긴급 매도 (점수 64.6 < 65.0),3543251,0.1366,37249,상승
2024-01-18,294870,HDC현대산업개발,SELL,1762,14940,26324280,[리밸런싱] 긴급 매도 (점수 63.8 < 65.0),72815,0.0040,32905,상승
2024-01-18,084680,이월드,SELL,10905,2430,26499150,[리밸런싱] 긴급 매도 (점수 63.5 < 65.0),239501,0.0104,33124,상승
2024-01-18,253590,네오셈,SELL,2354,10230,24081420,[리밸런싱] 긴급 매도 (점수 63.6 < 65.0),-2172242,-0.0817,30102,상승
2024-01-18,000520,삼일제약,BUY,3194,8440,26957360,"리밸런싱 매수 (4위, 66.0점)",0,0.0000,33697,상승
2024-01-18,082210,옵트론텍,BUY,6757,3990,26960430,"리밸런싱 매수 (6위, 65.6점)",0,0.0000,33701,상승
2024-01-18,272210,한화시스템,BUY,1458,18480,26943840,"리밸런싱 매수 (7위, 64.8점)",0,0.0000,33680,상승
2024-01-18,142210,유니트론텍,BUY,4391,6140,26960740,"리밸런싱 매수 (8위, 64.6점)",0,0.0000,33701,상승
2024-01-18,348370,엔켐,BUY,243,110700,26900100,"리밸런싱 매수 (9위, 64.6점)",0,0.0000,33625,상승
2024-01-18,012510,더존비즈온,BUY,736,36600,26937600,"리밸런싱 매수 (10위, 64.6점)",0,0.0000,33672,상승
2024-01-19,950160,코오롱티슈진,SELL,2663,11510,30651130,[리밸런싱] 긴급 매도 (점수 61.8 < 65.0),-1369814,-0.0416,38314,상승
2024-01-19,348370,엔켐,SELL,243,105100,25539300,[리밸런싱] 긴급 매도 (점수 62.6 < 65.0),-1392724,-0.0506,31924,상승
2024-01-19,279600,미디어젠,BUY,1310,21378,28005180,"리밸런싱 매수 (4위, 67.4점)",0,0.0000,35006,상승
2024-01-19,234690,녹십자웰빙,BUY,3197,8760,28005720,"리밸런싱 매수 (5위, 66.9점)",0,0.0000,35007,상승
2024-01-19,286940,롯데이노베이트,SELL,809,47400,38346600,목표 익절 도달 (20.0%),6343167,0.2000,47933,상승
2024-01-19,012510,더존비즈온,SELL,736,42822,31516992,목표 익절 도달 (17.0%),4539996,0.1700,39396,상승
2024-01-19,234690,녹십자웰빙,SELL,3197,10512,33606864,목표 익절 도달 (20.0%),5559135,0.2000,42009,상승
2024-01-22,272210,한화시스템,SELL,1458,18560,27060480,[리밸런싱] 긴급 매도 (점수 63.8 < 65.0),82814,0.0043,33826,상승
2024-01-22,286940,롯데이노베이트,BUY,683,47650,32544950,"리밸런싱 매수 (1위, 69.3점)",0,0.0000,40681,상승
2024-01-22,059270,해성에어로보틱스,BUY,3714,8770,32571780,"리밸런싱 매수 (3위, 68.3점)",0,0.0000,40715,상승
2024-01-22,012510,더존비즈온,BUY,708,45950,32532600,"리밸런싱 매수 (5위, 67.6점)",0,0.0000,40666,상승
2024-01-22,241520,DSC인베스트먼트,BUY,7523,4330,32574590,"리밸런싱 매수 (8위, 65.8점)",0,0.0000,40718,상승
2024-01-22,000520,삼일제약,SELL,3194,10128,32348832,목표 익절 도달 (20.0%),5351036,0.2000,40436,상승
2024-01-22,142210,유니트론텍,SELL,4391,7368,32352888,목표 익절 도달 (20.0%),5351707,0.2000,40441,상승
2024-01-23,241520,DSC인베스트먼트,SELL,7523,4170,31370910,[리밸런싱] 긴급 매도 (점수 61.8 < 65.0),-1242894,-0.0370,39214,상승
2024-01-23,000520,삼일제약,BUY,3121,10240,31959040,"리밸런싱 매수 (2위, 68.8점)",0,0.0000,39949,상승
2024-01-23,064480,브리지텍,BUY,3615,8840,31956600,"리밸런싱 매수 (7위, 66.1점)",0,0.0000,39946,상승
2024-01-23,232140,와이씨,BUY,3999,7990,31952010,"리밸런싱 매수 (10위, 65.4점)",0,0.0000,39940,상승
2024-01-23,286940,롯데이노베이트,SELL,683,43838,29941354,손절 실행 (-8.0%),-2641023,-0.0800,37427,상승
2024-01-23,012510,더존비즈온,SELL,708,42274,29929992,손절 실행 (-8.0%),-2640020,-0.0800,37412,상승
2024-01-24,064480,브리지텍,SELL,3615,9420,34053300,[리밸런싱] 긴급 매도 (점수 64.3 < 65.0),2054133,0.0656,42567,상승
2024-01-24,012510,더존비즈온,BUY,734,42500,31195000,"리밸런싱 매수 (3위, 68.6점)",0,0.0000,38994,상승
2024-01-24,286940,롯데이노베이트,BUY,714,43700,31201800,"리밸런싱 매수 (5위, 67.4점)",0,0.0000,39002,상승
2024-01-24,214420,토니모리,BUY,4593,6800,31232400,"리밸런싱 매수 (6위, 67.4점)",0,0.0000,39040,상승
2024-01-24,082210,옵트론텍,SELL,6757,4788,32352516,목표 익절 도달 (20.0%),5351645,0.2000,40441,상승
2024-01-24,232140,와이씨,SELL,3999,7351,29395849,손절 실행 (-8.0%),-2592906,-0.0800,36745,상승
2024-01-25,234690,녹십자웰빙,BUY,3144,9800,30811200,"리밸런싱 매수 (6위, 67.1점)",0,0.0000,38514,상승
2024-01-25,082210,옵트론텍,BUY,6366,4840,30811440,"리밸런싱 매수 (8위, 66.0점)",0,0.0000,38514,상승
2024-01-25,012510,더존비즈온,SELL,734,51000,37434000,목표 익절 도달 (20.0%),6192208,0.2000,46792,상승
2024-01-26,279600,미디어젠,SELL,1310,19127,25056370,[리밸런싱] 팩터 데이터 없음,-2980130,-0.1053,31320,상승
2024-01-26,286940,롯데이노베이트,SELL,714,52900,37770600,[리밸런싱] 긴급 매도 (점수 65.0 < 65.0),6521587,0.2105,47213,상승
2024-01-26,012510,더존비즈온,BUY,703,47400,33322200,"리밸런싱 매수 (1위, 69.0점)",0,0.0000,41653,상승
2024-01-26,100790,미래에셋벤처투자,BUY,5076,6570,33349320,"리밸런싱 매수 (5위, 68.1점)",0,0.0000,41687,상승
2024-01-26,294870,HDC현대산업개발,BUY,2046,16300,33349800,"리밸런싱 매수 (6위, 66.9점)",0,0.0000,41687,상승
2024-01-26,082210,옵트론텍,SELL,6366,4453,28346525,손절 실행 (-8.0%),-2500348,-0.0800,35433,상승
2024-01-29,180640,한진칼,SELL,351,74100,26009100,[리밸런싱] 긴급 매도 (점수 63.8 < 65.0),1020489,0.0422,32511,상승
2024-01-29,059270,해성에어로보틱스,SELL,3714,8790,32646060,[리밸런싱] 팩터 데이터 없음,33472,0.0023,40808,상승
2024-01-29,000520,삼일제약,SELL,3121,8940,27901740,[리밸런싱] 긴급 매도 (점수 61.8 < 65.0),-4092177,-0.1270,34877,상승
2024-01-29,234690,녹십자웰빙,SELL,3144,9780,30748320,[리밸런싱] 긴급 매도 (점수 64.1 < 65.0),-101315,-0.0020,38435,상승
2024-01-29,100790,미래에셋벤처투자,SELL,5076,6310,32029560,[리밸런싱] 긴급 매도 (점수 62.4 < 65.0),-1359797,-0.0396,40037,상승
2024-01-29,071280,로체시스템즈,BUY,3889,7600,29556400,"리밸런싱 매수 (5위, 65.8점)",0,0.0000,36946,상승
2024-01-29,082210,옵트론텍,BUY,6718,4400,29559200,"리밸런싱 매수 (6위, 65.7점)",0,0.0000,36949,상승
2024-01-29,142210,유니트론텍,BUY,3829,7720,29559880,"리밸런싱 매수 (7위, 65.4점)",0,0.0000,36950,상승
2024-01-29,950160,코오롱티슈진,BUY,2509,11780,29556020,"리밸런싱 매수 (8위, 65.2점)",0,0.0000,36945,상승
2024-01-29,089030,테크윙,BUY,1886,15670,29553620,"리밸런싱 매수 (9위, 65.0점)",0,0.0000,36942,상승
2024-01-29,051370,인터플렉스,BUY,1558,18970,29555260,"리밸런싱 매수 (10위, 64.4점)",0,0.0000,36944,상승
2024-01-30,214420,토니모리,SELL,4593,6470,29716710,[리밸런싱] 긴급 매도 (점수 63.2 < 65.0),-1552836,-0.0485,37146,상승
2024-01-30,071280,로체시스템즈,SELL,3889,8050,31306450,[리밸런싱] 긴급 매도 (점수 63.9 < 65.0),1710917,0.0592,39133,상승
2024-01-30,082210,옵트론텍,SELL,6718,4250,28551500,[리밸런싱] 긴급 매도 (점수 63.9 < 65.0),-1043389,-0.0341,35689,상승
2024-01-30,950160,코오롱티슈진,SELL,2509,12180,30559620,[리밸런싱] 긴급 매도 (점수 64.1 < 65.0),965400,0.0340,38200,상승
2024-01-30,089030,테크윙,SELL,1886,16480,31081280,[리밸런싱] 긴급 매도 (점수 64.9 < 65.0),1488808,0.0517,38852,상승
2024-01-30,051370,인터플렉스,SELL,1558,21200,33029600,[리밸런싱] 긴급 매도 (점수 63.4 < 65.0),3433053,0.1176,41287,상승
2024-01-30,059270,해성에어로보틱스,BUY,3505,8740,30633700,"리밸런싱 매수 (3위, 67.7점)",0,0.0000,38292,상승
2024-01-30,067630,HLB생명과학,BUY,2168,14129,30631672,"리밸런싱 매수 (5위, 65.9점)",0,0.0000,38290,상승
2024-01-30,039130,하나투어,BUY,500,61200,30600000,"리밸런싱 매수 (7위, 65.1점)",0,0.0000,38250,상승
2024-01-30,089030,테크윙,BUY,1919,15960,30627240,"리밸런싱 매수 (8위, 64.9점)",0,0.0000,38284,상승
2024-01-30,003850,보령,BUY,2399,12770,30635230,"리밸런싱 매수 (9위, 64.4점)",0,0.0000,38294,상승
2024-01-30,047920,HLB제약,BUY,1747,17530,30624910,"리밸런싱 매수 (10위, 64.2점)",0,0.0000,38281,상승
2024-01-31,089030,테크윙,SELL,1919,15930,30569670,[리밸런싱] 긴급 매도 (점수 64.3 < 65.0),-95782,-0.0019,38212,상승
2024-01-31,003850,보령,SELL,2399,12130,29099870,[리밸런싱] 긴급 매도 (점수 60.5 < 65.0),-1571735,-0.0501,36375,상승
2024-01-31,003090,대웅,BUY,1347,22050,29701350,"리밸런싱 매수 (9위, 65.4점)",0,0.0000,37127,상승
2024-01-31,180640,한진칼,BUY,413,71800,29653400,"리밸런싱 매수 (10위, 64.6점)",0,0.0000,37067,상승
2024-02-01,142210,유니트론텍,SELL,3829,6770,25922330,[리밸런싱] 긴급 매도 (점수 64.2 < 65.0),-3669953,-0.1231,32403,상승
2024-02-01,039130,하나투어,SELL,500,63100,31550000,[리밸런싱] 긴급 매도 (점수 63.8 < 65.0),910562,0.0310,39438,상승
2024-02-01,047920,HLB제약,SELL,1747,17700,30921900,[리밸런싱] 긴급 매도 (점수 61.9 < 65.0),258338,0.0097,38652,상승
2024-02-01,180640,한진칼,SELL,413,74100,30603300,[리밸런싱] 긴급 매도 (점수 63.3 < 65.0),911646,0.0320,38254,상승
2024-02-01,064800,포니링크,BUY,21377,1390,29714030,"리밸런싱 매수 (6위, 65.2점)",0,0.0000,37143,상승
2024-02-01,142210,유니트론텍,BUY,4150,7160,29714000,"리밸런싱 매수 (8위, 64.2점)",0,0.0000,37142,상승
2024-02-01,085670,뉴프렉스,BUY,2583,11500,29704500,"리밸런싱 매수 (9위, 64.0점)",0,0.0000,37131,상승
2024-02-01,080220,제주반도체,BUY,1117,26600,29712200,"리밸런싱 매수 (10위, 64.0점)",0,0.0000,37140,상승
2024-02-01,012510,더존비즈온,SELL,703,43608,30656424,손절 실행 (-8.0%),-2704097,-0.0800,38321,상승
2024-02-02,142210,유니트론텍,SELL,4150,6390,26518500,[리밸런싱] 긴급 매도 (점수 63.0 < 65.0),-3228648,-0.1075,33148,하락
2024-02-02,085670,뉴프렉스,SELL,2583,9620,24848460,[리밸런싱] 긴급 매도 (점수 63.1 < 65.0),-4887101,-0.1635,31061,하락
2024-02-02,080220,제주반도체,SELL,1117,27650,30885050,[리밸런싱] 긴급 매도 (점수 63.9 < 65.0),1134244,0.0395,38606,하락
2024-02-02,000270,기아,BUY,255,110000,28050000,"리밸런싱 매수 (3위, 67.2점)",0,0.0000,35062,하락
2024-02-02,012510,더존비즈온,BUY,634,44350,28117900,"리밸런싱 매수 (4위, 67.2점)",0,0.0000,35147,하락
2024-02-02,047920,HLB제약,BUY,1581,17800,28141800,"리밸런싱 매수 (8위, 65.7점)",0,0.0000,35177,하락
2024-02-02,039130,하나투어,BUY,446,63100,28142600,"리밸런싱 매수 (9위, 65.4점)",0,0.0000,35178,하락
2024-02-02,000120,CJ대한통운,SELL,200,141840,28368000,목표 익절 도달 (20.0%),4692540,0.2000,35460,하락
2024-02-02,059270,해성에어로보틱스,SELL,3505,10488,36760440,목표 익절 도달 (20.0%),6080789,0.2000,45951,하락
2024-02-02,067630,HLB생명과학,SELL,2168,16955,36758006,목표 익절 도달 (20.0%),6080387,0.2000,45948,하락
2024-02-02,003090,대웅,SELL,1347,25798,34750580,목표 익절 도달 (17.0%),5005791,0.1700,43438,하락
2024-02-02,064800,포니링크,SELL,21377,1668,35656836,목표 익절 도달 (20.0%),5898235,0.2000,44571,하락
2024-02-05,294870,HDC현대산업개발,SELL,2046,17820,36459720,[리밸런싱] 긴급 매도 (점수 64.0 < 65.0),3064345,0.0933,45575,횡보
2024-02-05,039130,하나투어,SELL,446,67300,30015800,[리밸런싱] 긴급 매도 (점수 65.0 < 65.0),1835680,0.0666,37520,횡보
2024-02-05,000120,CJ대한통운,BUY,233,146000,34018000,"리밸런싱 매수 (1위, 69.1점)",0,0.0000,42522,횡보
2024-02-05,059270,해성에어로보틱스,BUY,3260,10450,34067000,"리밸런싱 매수 (3위, 68.3점)",0,0.0000,42584,횡보
2024-02-05,067630,HLB생명과학,BUY,2024,16828,34059872,"리밸런싱 매수 (4위, 67.1점)",0,0.0000,42575,횡보
2024-02-05,003090,대웅,BUY,1318,25850,34070300,"리밸런싱 매수 (7위, 65.3점)",0,0.0000,42588,횡보
2024-02-05,039130,하나투어,BUY,525,64900,34072500,"리밸런싱 매수 (8위, 65.0점)",0,0.0000,42591,횡보
2024-02-05,086790,하나금융지주,BUY,610,55800,34038000,"리밸런싱 매수 (9위, 65.0점)",0,0.0000,42548,횡보
2024-02-05,005389,현대차3우B,BUY,258,131700,33978600,"리밸런싱 매수 (10위, 64.3점)",0,0.0000,42473,횡보
2024-02-05,047920,HLB제약,SELL,1581,21360,33770160,목표 익절 도달 (20.0%),5586147,0.2000,42213,횡보
2024-02-06,000270,기아,SELL,255,111600,28458000,[리밸런싱] 긴급 매도 (점수 64.2 < 65.0),372428,0.0145,35572,횡보
2024-02-06,039130,하나투어,SELL,525,65800,34545000,[리밸런싱] 긴급 매도 (점수 63.5 < 65.0),429319,0.0139,43181,횡보
2024-02-06,086790,하나금융지주,SELL,610,54300,33123000,[리밸런싱] 긴급 매도 (점수 64.1 < 65.0),-956404,-0.0269,41404,횡보
2024-02-06,005389,현대차3우B,SELL,258,134500,34701000,[리밸런싱] 긴급 매도 (점수 64.3 < 65.0),679024,0.0213,43376,횡보
2024-02-06,047920,HLB제약,BUY,1564,21000,32844000,"리밸런싱 매수 (2위, 68.6점)",0,0.0000,41055,횡보
2024-02-06,252990,샘씨엔에스,BUY,4602,7140,32858280,"리밸런싱 매수 (6위, 65.4점)",0,0.0000,41073,횡보
2024-02-06,029460,케이씨,BUY,1380,23800,32844000,"리밸런싱 매수 (7위, 65.1점)",0,0.0000,41055,횡보
2024-02-06,005440,현대지에프홀딩스,BUY,6747,4870,32857890,"리밸런싱 매수 (9위, 64.7점)",0,0.0000,41072,횡보
2024-02-06,089030,테크윙,BUY,2119,15500,32844500,"리밸런싱 매수 (10위, 64.5점)",0,0.0000,41056,횡보
2024-02-07,252990,샘씨엔에스,SELL,4602,7390,34008780,[리밸런싱] 긴급 매도 (점수 61.3 < 65.0),1107989,0.0350,42511,횡보
2024-02-07,089030,테크윙,SELL,2119,15370,32569030,[리밸런싱] 긴급 매도 (점수 63.4 < 65.0),-316181,-0.0084,40711,횡보
2024-02-07,005387,현대차2우B,BUY,240,138200,33168000,"리밸런싱 매수 (5위, 67.4점)",0,0.0000,41460,횡보
2024-02-07,005385,현대차우,BUY,243,136500,33169500,"리밸런싱 매수 (6위, 67.1점)",0,0.0000,41462,횡보
2024-02-07,059270,해성에어로보틱스,SELL,3260,12540,40880400,목표 익절 도달 (20.0%),6762300,0.2000,51100,횡보
2024-02-08,005440,현대지에프홀딩스,SELL,6747,4965,33498855,[리밸런싱] 긴급 매도 (점수 63.0 < 65.0),599091,0.0195,41874,상승
2024-02-08,059270,해성에어로보틱스,BUY,2896,12810,37097760,"리밸런싱 매수 (2위, 68.5점)",0,0.0000,46372,상승
2024-02-08,005389,현대차3우B,BUY,256,144500,36992000,"리밸런싱 매수 (8위, 66.7점)",0,0.0000,46240,상승
2024-02-13,029460,케이씨,SELL,1380,23300,32154000,[리밸런싱] 긴급 매도 (점수 64.6 < 65.0),-730192,-0.0210,40192,상승
2024-02-13,148150,세경하이테크,BUY,4262,7540,32135480,"리밸런싱 매수 (9위, 66.8점)",0,0.0000,40169,상승
2024-02-13,000120,CJ대한통운,SELL,233,134320,31296560,손절 실행 (-8.0%),-2760561,-0.0800,39121,상승
2024-02-13,067630,HLB생명과학,SELL,2024,15482,31335082,손절 실행 (-8.0%),-2763959,-0.0800,39169,상승
2024-02-13,059270,해성에어로보틱스,SELL,2896,11785,34129939,손절 실행 (-8.0%),-3010483,-0.0800,42662,상승
2024-02-14,148150,세경하이테크,SELL,4262,7860,33499320,[리밸런싱] 긴급 매도 (점수 64.7 < 65.0),1321966,0.0424,41874,상승
2024-02-14,000120,CJ대한통운,BUY,244,133200,32500800,"리밸런싱 매수 (1위, 68.4점)",0,0.0000,40626,상승
2024-02-14,123410,코리아에프티,BUY,5977,5440,32514880,"리밸런싱 매수 (7위, 67.1점)",0,0.0000,40644,상승
2024-02-14,067630,HLB생명과학,BUY,2056,15814,32513584,"리밸런싱 매수 (9위, 66.2점)",0,0.0000,40642,상승
2024-02-14,059270,해성에어로보틱스,BUY,2847,11420,32512740,"리밸런싱 매수 (10위, 66.1점)",0,0.0000,40641,상승
2024-02-14,047920,HLB제약,SELL,1564,19320,30216480,손절 실행 (-8.0%),-2665291,-0.0800,37771,상승
2024-02-14,005387,현대차2우B,SELL,240,165840,39801600,목표 익절 도달 (20.0%),6583848,0.2000,49752,상승
2024-02-14,059270,해성에어로보틱스,SELL,2847,13704,39015288,목표 익절 도달 (20.0%),6453779,0.2000,48769,상승
2024-02-15,02826K,삼성물산우B,BUY,296,122300,36200800,"리밸런싱 매수 (3위, 67.0점)",0,0.0000,45251,상승
2024-02-15,148150,세경하이테크,BUY,4600,7880,36248000,"리밸런싱 매수 (4위, 66.7점)",0,0.0000,45310,상승
2024-02-15,005387,현대차2우B,BUY,224,161400,36153600,"리밸런싱 매수 (6위, 66.1점)",0,0.0000,45192,상승
2024-02-15,012510,더존비즈온,SELL,634,53220,33741480,목표 익절 도달 (20.0%),5581403,0.2000,42177,상승
2024-02-15,067630,HLB생명과학,SELL,2056,14549,29912497,손절 실행 (-8.0%),-2638477,-0.0800,37391,상승
2024-02-16,003090,대웅,SELL,1318,23200,30577600,[리밸런싱] 긴급 매도 (점수 61.6 < 65.0),-3530922,-0.1025,38222,상승
2024-02-16,012510,더존비즈온,BUY,605,51800,31339000,"리밸런싱 매수 (7위, 66.5점)",0,0.0000,39174,상승
2024-02-16,059270,해성에어로보틱스,BUY,2209,14200,31367800,"리밸런싱 매수 (8위, 66.1점)",0,0.0000,39210,상승
2024-02-16,028260,삼성물산,BUY,199,157300,31302700,"리밸런싱 매수 (9위, 66.1점)",0,0.0000,39128,상승
2024-02-19,148150,세경하이테크,SELL,4600,7730,35558000,[리밸런싱] 긴급 매도 (점수 63.2 < 65.0),-734448,-0.0190,44448,상승
2024-02-19,047920,HLB제약,BUY,1939,18310,35503090,"리밸런싱 매수 (6위, 67.2점)",0,0.0000,44379,상승
2024-02-19,005385,현대차우,SELL,243,163800,39803400,목표 익절 도달 (20.0%),6584146,0.2000,49754,상승
2024-02-20,000120,CJ대한통운,SELL,244,130500,31842000,[리밸런싱] 긴급 매도 (점수 63.5 < 65.0),-698602,-0.0203,39802,상승
2024-02-20,123410,코리아에프티,SELL,5977,5380,32156260,[리밸런싱] 긴급 매도 (점수 63.9 < 65.0),-398815,-0.0110,40195,상승
2024-02-20,005385,현대차우,BUY,212,162400,34428800,"리밸런싱 매수 (1위, 67.6점)",0,0.0000,43036,상승
2024-02-20,067630,HLB생명과학,BUY,2305,14986,34542730,"리밸런싱 매수 (7위, 66.0점)",0,0.0000,43178,상승
2024-02-20,003090,대웅,BUY,1492,23150,34539800,"리밸런싱 매수 (10위, 65.1점)",0,0.0000,43175,상승
2024-02-21,059270,해성에어로보틱스,SELL,2209,18290,40402610,[리밸런싱] 긴급 매도 (점수 64.7 < 65.0),8984307,0.2880,50503,상승
2024-02-21,003090,대웅,SELL,1492,23250,34689000,[리밸런싱] 긴급 매도 (점수 63.7 < 65.0),105839,0.0043,43361,상승
2024-02-21,004380,삼익THK,BUY,2394,15660,37490040,"리밸런싱 매수 (4위, 66.5점)",0,0.0000,46863,상승
2024-02-21,000270,기아,BUY,322,116200,37416400,"리밸런싱 매수 (10위, 65.0점)",0,0.0000,46770,상승
2024-02-21,004380,삼익THK,SELL,2394,18792,44988048,목표 익절 도달 (20.0%),7441773,0.2000,56235,상승
2024-02-22,047920,HLB제약,SELL,1939,18730,36317470,[리밸런싱] 긴급 매도 (점수 64.4 < 65.0),768983,0.0229,45397,상승
2024-02-22,067630,HLB생명과학,SELL,2305,14431,33263455,[리밸런싱] 긴급 매도 (점수 64.7 < 65.0),-1320854,-0.0370,41579,상승
2024-02-22,004380,삼익THK,BUY,2040,18690,38127600,"리밸런싱 매수 (5위, 66.7점)",0,0.0000,47660,상승
2024-02-22,071280,로체시스템즈,BUY,4368,8730,38132640,"리밸런싱 매수 (9위, 64.8점)",0,0.0000,47666,상승
2024-02-22,402340,SK스퀘어,BUY,541,70400,38086400,"리밸런싱 매수 (10위, 64.8점)",0,0.0000,47608,상승
2024-02-23,071280,로체시스템즈,SELL,4368,8590,37521120,[리밸런싱] 긴급 매도 (점수 63.9 < 65.0),-658421,-0.0160,46901,상승
2024-02-23,402340,SK스퀘어,SELL,541,69300,37491300,[리밸런싱] 긴급 매도 (점수 64.0 < 65.0),-641964,-0.0156,46864,상승
2024-02-23,086790,하나금융지주,BUY,655,57100,37400500,"리밸런싱 매수 (5위, 66.6점)",0,0.0000,46751,상승
2024-02-23,138040,메리츠금융지주,BUY,468,79900,37393200,"리밸런싱 매수 (6위, 66.4점)",0,0.0000,46742,상승
2024-02-23,004380,삼익THK,SELL,2040,17195,35077392,손절 실행 (-8.0%),-3094055,-0.0800,43847,상승
2024-02-26,02826K,삼성물산우B,SELL,296,116000,34336000,[리밸런싱] 긴급 매도 (점수 62.6 < 65.0),-1907720,-0.0515,42920,상승
2024-02-26,012510,더존비즈온,SELL,605,50400,30492000,[리밸런싱] 긴급 매도 (점수 64.6 < 65.0),-885115,-0.0270,38115,상승
2024-02-26,028260,삼성물산,SELL,199,152300,30307700,[리밸런싱] 긴급 매도 (점수 62.0 < 65.0),-1032885,-0.0318,37885,상승
2024-02-26,000270,기아,SELL,322,114600,36901200,[리밸런싱] 긴급 매도 (점수 62.6 < 65.0),-561326,-0.0138,46126,상승
2024-02-26,086790,하나금융지주,SELL,655,55400,36287000,[리밸런싱] 긴급 매도 (점수 62.3 < 65.0),-1158859,-0.0298,45359,상승
2024-02-26,053160,프리엠스,BUY,1706,19840,33847040,"리밸런싱 매수 (5위, 65.9점)",0,0.0000,42309,상승
2024-02-26,004490,세방전지,BUY,417,81000,33777000,"리밸런싱 매수 (6위, 65.4점)",0,0.0000,42221,상승
2024-02-26,166480,코아스템켐온,BUY,4212,8036,33847632,"리밸런싱 매수 (7위, 65.0점)",0,0.0000,42310,상승
2024-02-26,012510,더존비즈온,BUY,670,50500,33835000,"리밸런싱 매수 (8위, 64.6점)",0,0.0000,42294,상승
2024-02-26,059270,해성에어로보틱스,BUY,1786,18950,33844700,"리밸런싱 매수 (9위, 64.5점)",0,0.0000,42306,상승
2024-02-26,071280,로체시스템즈,BUY,4015,8430,33846450,"리밸런싱 매수 (10위, 64.3점)",0,0.0000,42308,상승
2024-02-27,166480,코아스템켐온,SELL,4212,7695,32411340,[리밸런싱] 긴급 매도 (점수 64.4 < 65.0),-1476806,-0.0424,40514,상승
2024-02-27,012510,더존비즈온,SELL,670,47550,31858500,[리밸런싱] 긴급 매도 (점수 62.5 < 65.0),-2016323,-0.0584,39823,상승
2024-02-27,059270,해성에어로보틱스,SELL,1786,17550,31344300,[리밸런싱] 긴급 매도 (점수 64.4 < 65.0),-2539580,-0.0739,39180,상승
2024-02-27,071280,로체시스템즈,SELL,4015,8830,35452450,[리밸런싱] 긴급 매도 (점수 64.7 < 65.0),1561684,0.0474,44316,상승
2024-02-27,071280,로체시스템즈,BUY,3736,8750,32690000,"리밸런싱 매수 (7위, 64.7점)",0,0.0000,40862,상승
2024-02-27,059270,해성에어로보틱스,BUY,1808,18080,32688640,"리밸런싱 매수 (8위, 64.4점)",0,0.0000,40861,상승
2024-02-27,166480,코아스템켐온,BUY,4201,7780,32683780,"리밸런싱 매수 (9위, 64.4점)",0,0.0000,40855,상승
2024-02-27,219130,타이거일렉,BUY,1032,31650,32662800,"리밸런싱 매수 (10위, 64.3점)",0,0.0000,40828,상승
2024-02-28,053160,프리엠스,SELL,1706,19500,33267000,[리밸런싱] 긴급 매도 (점수 61.9 < 65.0),-621624,-0.0171,41584,상승
2024-02-28,004490,세방전지,SELL,417,80600,33610200,[리밸런싱] 긴급 매도 (점수 64.0 < 65.0),-208813,-0.0049,42013,상승
2024-02-28,071280,로체시스템즈,SELL,3736,8890,33213040,[리밸런싱] 긴급 매도 (점수 64.5 < 65.0),481524,0.0160,41516,상승
2024-02-28,059270,해성에어로보틱스,SELL,1808,12290,22220320,[리밸런싱] 긴급 매도 (점수 63.1 < 65.0),-10496095,-0.3202,27775,상승
2024-02-28,166480,코아스템켐온,SELL,4201,7729,32469529,[리밸런싱] 긴급 매도 (점수 64.9 < 65.0),-254838,-0.0066,40587,상승
2024-02-28,032830,삼성생명,BUY,337,91400,30801800,"리밸런싱 매수 (3위, 66.6점)",0,0.0000,38502,상승
2024-02-28,166480,코아스템켐온,BUY,4015,7694,30891410,"리밸런싱 매수 (7위, 64.9점)",0,0.0000,38614,상승
2024-02-28,071280,로체시스템즈,BUY,3538,8730,30886740,"리밸런싱 매수 (8위, 64.5점)",0,0.0000,38608,상승
2024-02-28,012450,한화에어로스페이스,BUY,168,183458,30820944,"리밸런싱 매수 (9위, 64.2점)",0,0.0000,38526,상승
2024-02-28,163560,동일고무벨트,BUY,3314,9320,30886480,"리밸런싱 매수 (10위, 64.2점)",0,0.0000,38608,상승
2024-02-28,005387,현대차2우B,SELL,224,148488,33261312,손절 실행 (-8.0%),-2933865,-0.0800,41577,상승
2024-02-28,005385,현대차우,SELL,212,149408,31674496,손절 실행 (-8.0%),-2793897,-0.0800,39593,상승
2024-02-28,163560,동일고무벨트,SELL,3314,10904,36137182,목표 익절 도달 (17.0%),5205530,0.1700,45171,상승
2024-02-29,219130,타이거일렉,SELL,1032,33700,34778400,[리밸런싱] 긴급 매도 (점수 64.0 < 65.0),2072127,0.0648,43473,상승
2024-02-29,032830,삼성생명,SELL,337,96900,32655300,[리밸런싱] 긴급 매도 (점수 63.5 < 65.0),1812681,0.0602,40819,상승
2024-02-29,166480,코아스템켐온,SELL,4015,7532,30240980,[리밸런싱] 긴급 매도 (점수 63.0 < 65.0),-688231,-0.0211,37801,상승
2024-02-29,071280,로체시스템즈,SELL,3538,8880,31417440,[리밸런싱] 긴급 매도 (점수 64.7 < 65.0),491428,0.0172,39272,상승
2024-02-29,012450,한화에어로스페이스,SELL,168,190998,32087664,[리밸런싱] 긴급 매도 (점수 62.5 < 65.0),1226610,0.0411,40110,상승
2024-02-29,005385,현대차우,BUY,213,153200,32631600,"리밸런싱 매수 (1위, 68.1점)",0,0.0000,40790,상승
2024-02-29,005387,현대차2우B,BUY,208,156900,32635200,"리밸런싱 매수 (2위, 67.2점)",0,0.0000,40794,상승
2024-02-29,123410,코리아에프티,BUY,6062,5400,32734800,"리밸런싱 매수 (4위, 66.2점)",0,0.0000,40918,상승
2024-02-29,086980,쇼박스,BUY,7703,4250,32737750,"리밸런싱 매수 (5위, 65.3점)",0,0.0000,40922,상승
2024-02-29,000270,기아,BUY,276,118300,32650800,"리밸런싱 매수 (7위, 64.8점)",0,0.0000,40814,상승
2024-02-29,071280,로체시스템즈,BUY,3682,8890,32732980,"리밸런싱 매수 (8위, 64.7점)",0,0.0000,40916,상승
2024-02-29,317330,덕산테코피아,BUY,1179,27750,32717250,"리밸런싱 매수 (9위, 64.1점)",0,0.0000,40897,상승
2024-02-29,036830,솔브레인홀딩스,BUY,468,69900,32713200,"리밸런싱 매수 (10위, 64.0점)",0,0.0000,40892,상승
2024-03-04,086980,쇼박스,SELL,7703,4165,32082995,[리밸런싱] 긴급 매도 (점수 61.4 < 65.0),-694859,-0.0200,40104,상승
2024-03-04,317330,덕산테코피아,SELL,1179,38650,45568350,[리밸런싱] 긴급 매도 (점수 63.4 < 65.0),12794140,0.3928,56960,상승
2024-03-04,036830,솔브레인홀딩스,SELL,468,71100,33274800,[리밸런싱] 긴급 매도 (점수 64.1 < 65.0),520006,0.0172,41594,상승
2024-03-04,032830,삼성생명,BUY,376,98100,36885600,"리밸런싱 매수 (4위, 66.9점)",0,0.0000,46107,상승
2024-03-04,086790,하나금융지주,BUY,649,56900,36928100,"리밸런싱 매수 (6위, 65.9점)",0,0.0000,46160,상승
2024-03-04,004490,세방전지,BUY,459,80300,36857700,"리밸런싱 매수 (7위, 65.9점)",0,0.0000,46072,상승
2024-03-05,138040,메리츠금융지주,SELL,468,81600,38188800,[리밸런싱] 긴급 매도 (점수 64.9 < 65.0),747864,0.0213,47736,상승
2024-03-05,123410,코리아에프티,SELL,6062,5390,32674180,[리밸런싱] 긴급 매도 (점수 63.4 < 65.0),-101463,-0.0019,40843,상승
2024-03-05,000270,기아,SELL,276,123000,33948000,[리밸런싱] 긴급 매도 (점수 64.7 < 65.0),1254765,0.0397,42435,상승
2024-03-05,094970,제이엠티,BUY,5844,5970,34888680,"리밸런싱 매수 (6위, 66.0점)",0,0.0000,43611,상승
2024-03-05,039490,키움증권,BUY,268,130100,34866800,"리밸런싱 매수 (7위, 65.4점)",0,0.0000,43584,상승
2024-03-05,166480,코아스템켐온,BUY,4585,7609,34887265,"리밸런싱 매수 (8위, 65.3점)",0,0.0000,43609,상승
2024-03-06,086790,하나금융지주,SELL,649,59200,38420800,[리밸런싱] 긴급 매도 (점수 64.6 < 65.0),1444674,0.0404,48026,상승
2024-03-06,039490,키움증권,SELL,268,129500,34706000,[리밸런싱] 긴급 매도 (점수 62.8 < 65.0),-204182,-0.0046,43382,상승
2024-03-06,000270,기아,BUY,299,121700,36388300,"리밸런싱 매수 (9위, 65.4점)",0,0.0000,45485,상승
2024-03-06,219130,타이거일렉,BUY,1122,32500,36465000,"리밸런싱 매수 (10위, 65.0점)",0,0.0000,45581,상승
2024-03-06,094970,제이엠티,SELL,5844,7164,41866416,목표 익절 도달 (20.0%),6925403,0.2000,52333,상승
2024-03-07,219130,타이거일렉,SELL,1122,32800,36801600,[리밸런싱] 긴급 매도 (점수 64.3 < 65.0),290598,0.0092,46002,상승
2024-03-07,170900,동아에스티,BUY,492,79746,39235032,"리밸런싱 매수 (2위, 66.5점)",0,0.0000,49044,상승
2024-03-07,200710,에이디테크놀로지,BUY,993,39550,39273150,"리밸런싱 매수 (8위, 65.9점)",0,0.0000,49091,상승
2024-03-08,004490,세방전지,SELL,459,86000,39474000,[리밸런싱] 긴급 매도 (점수 64.6 < 65.0),2566958,0.0710,49342,상승
2024-03-08,170900,동아에스티,SELL,492,81708,40200336,[리밸런싱] 긴급 매도 (점수 62.2 < 65.0),915054,0.0246,50250,상승
2024-03-08,402340,SK스퀘어,BUY,544,73100,39766400,"리밸런싱 매수 (8위, 65.5점)",0,0.0000,49708,상승
2024-03-08,086790,하나금융지주,BUY,658,60400,39743200,"리밸런싱 매수 (9위, 65.5점)",0,0.0000,49679,상승
2024-03-08,200710,에이디테크놀로지,SELL,993,47460,47127780,목표 익절 도달 (20.0%),7795720,0.2000,58910,상승
2024-03-11,005389,현대차3우B,SELL,256,150000,38400000,[리밸런싱] 긴급 매도 (점수 63.5 < 65.0),1360000,0.0381,48000,상승
2024-03-11,005387,현대차2우B,SELL,208,155900,32427200,[리밸런싱] 긴급 매도 (점수 63.7 < 65.0),-248534,-0.0064,40534,상승
2024-03-11,071280,로체시스템즈,SELL,3682,8620,31738840,[리밸런싱] 긴급 매도 (점수 64.6 < 65.0),-1033814,-0.0304,39674,상승
2024-03-11,000270,기아,SELL,299,126200,37733800,[리밸런싱] 긴급 매도 (점수 64.5 < 65.0),1298333,0.0370,47167,상승
2024-03-11,402340,SK스퀘어,SELL,544,72700,39548800,[리밸런싱] 긴급 매도 (점수 63.6 < 65.0),-267036,-0.0055,49436,상승
2024-03-11,086790,하나금융지주,SELL,658,59500,39151000,[리밸런싱] 긴급 매도 (점수 64.6 < 65.0),-641139,-0.0149,48939,상승
2024-03-11,200710,에이디테크놀로지,BUY,837,45350,37957950,"리밸런싱 매수 (1위, 66.1점)",0,0.0000,47447,상승
2024-03-11,041910,폴라리스AI파마,BUY,4363,8700,37958100,"리밸런싱 매수 (4위, 65.3점)",0,0.0000,47448,상승
2024-03-11,082640,동양생명,BUY,5996,6330,37954680,"리밸런싱 매수 (5위, 65.2점)",0,0.0000,47443,상승
2024-03-11,256840,한국비엔씨,BUY,5978,6350,37960300,"리밸런싱 매수 (7위, 64.6점)",0,0.0000,47450,상승
2024-03-11,086790,하나금융지주,BUY,641,59200,37947200,"리밸런싱 매수 (8위, 64.6점)",0,0.0000,47434,상승
2024-03-11,071280,로체시스템즈,BUY,4284,8860,37956240,"리밸런싱 매수 (9위, 64.6점)",0,0.0000,47445,상승
2024-03-11,160980,싸이맥스,BUY,1963,19330,37944790,"리밸런싱 매수 (10위, 64.5점)",0,0.0000,47431,상승
2024-03-11,041910,폴라리스AI파마,SELL,4363,10440,45549720,목표 익절 도달 (20.0%),7534683,0.2000,56937,상승
2024-03-12,032830,삼성생명,SELL,376,97500,36660000,[리밸런싱] 긴급 매도 (점수 61.7 < 65.0),-271425,-0.0061,45825,상승
2024-03-12,082640,동양생명,SELL,5996,6180,37055280,[리밸런싱] 긴급 매도 (점수 63.5 < 65.0),-945719,-0.0237,46319,상승
2024-03-12,086790,하나금융지주,SELL,641,59500,38139500,[리밸런싱] 긴급 매도 (점수 64.5 < 65.0),144626,0.0051,47674,상승
2024-03-12,160980,싸이맥스,SELL,1963,20850,40928550,[리밸런싱] 긴급 매도 (점수 64.7 < 65.0),2932599,0.0786,51161,상승
2024-03-12,160980,싸이맥스,BUY,1925,20550,39558750,"리밸런싱 매수 (6위, 64.7점)",0,0.0000,49448,상승
2024-03-12,219130,타이거일렉,BUY,1257,31450,39532650,"리밸런싱 매수 (7위, 64.6점)",0,0.0000,49416,상승
2024-03-12,114810,한솔아이원스,BUY,3338,11850,39555300,"리밸런싱 매수 (8위, 64.6점)",0,0.0000,49444,상승
2024-03-12,086390,유니테스트,BUY,2540,15570,39547800,"리밸런싱 매수 (9위, 64.5점)",0,0.0000,49435,상승
2024-03-12,086790,하나금융지주,BUY,664,59500,39508000,"리밸런싱 매수 (10위, 64.5점)",0,0.0000,49385,상승
2024-03-12,166480,코아스템켐온,SELL,4585,8903,40818100,목표 익절 도달 (17.0%),5879812,0.1700,51023,상승
2024-03-13,200710,에이디테크놀로지,SELL,837,44800,37497600,[리밸런싱] 긴급 매도 (점수 63.8 < 65.0),-507222,-0.0121,46872,상승
2024-03-13,160980,싸이맥스,SELL,1925,20600,39655000,[리밸런싱] 긴급 매도 (점수 63.8 < 65.0),46681,0.0024,49569,상승
2024-03-13,219130,타이거일렉,SELL,1257,32600,40978200,[리밸런싱] 긴급 매도 (점수 63.5 < 65.0),1394327,0.0366,51223,상승
2024-03-13,114810,한솔아이원스,SELL,3338,13060,43594280,[리밸런싱] 긴급 매도 (점수 63.9 < 65.0),3984487,0.1021,54493,상승
2024-03-13,086390,유니테스트,SELL,2540,17280,43891200,[리밸런싱] 긴급 매도 (점수 62.8 < 65.0),4288536,0.1098,54864,상승
2024-03-13,166480,코아스템켐온,BUY,4719,8686,40989234,"리밸런싱 매수 (1위, 66.7점)",0,0.0000,51237,상승
2024-03-13,005387,현대차2우B,BUY,260,157300,40898000,"리밸런싱 매수 (6위, 65.0점)",0,0.0000,51122,상승
2024-03-13,105560,KB금융,BUY,554,73900,40940600,"리밸런싱 매수 (7위, 64.7점)",0,0.0000,51176,상승
2024-03-13,082640,동양생명,BUY,6633,6180,40991940,"리밸런싱 매수 (8위, 64.3점)",0,0.0000,51240,상승
2024-03-13,005389,현대차3우B,BUY,273,149900,40922700,"리밸런싱 매수 (9위, 64.1점)",0,0.0000,51153,상승
2024-03-13,067160,SOOP,BUY,331,123800,40977800,"리밸런싱 매수 (10위, 64.1점)",0,0.0000,51222,상승
2024-03-14,071280,로체시스템즈,SELL,4284,8900,38127600,[리밸런싱] 긴급 매도 (점수 63.6 < 65.0),123700,0.0045,47660,상승
2024-03-14,005389,현대차3우B,SELL,273,156700,42779100,[리밸런싱] 긴급 매도 (점수 64.6 < 65.0),1802926,0.0454,53474,상승
2024-03-14,067160,SOOP,SELL,331,125000,41375000,[리밸런싱] 긴급 매도 (점수 62.7 < 65.0),345481,0.0097,51719,상승
2024-03-14,083650,비에이치아이,BUY,3997,10180,40689460,"리밸런싱 매수 (8위, 65.0점)",0,0.0000,50862,상승
2024-03-14,000270,기아,BUY,323,125900,40665700,"리밸런싱 매수 (9위, 64.7점)",0,0.0000,50832,상승
2024-03-14,005389,현대차3우B,BUY,267,152200,40637400,"리밸런싱 매수 (10위, 64.6점)",0,0.0000,50797,상승
2024-03-15,005385,현대차우,SELL,213,158000,33654000,[리밸런싱] 긴급 매도 (점수 64.5 < 65.0),980332,0.0313,42068,상승
2024-03-15,005387,현대차2우B,SELL,260,157700,41002000,[리밸런싱] 긴급 매도 (점수 63.1 < 65.0),52748,0.0025,51252,상승
2024-03-15,105560,KB금융,SELL,554,76200,42214800,[리밸런싱] 긴급 매도 (점수 64.1 < 65.0),1221432,0.0311,52768,상승
2024-03-15,082640,동양생명,SELL,6633,6240,41389920,[리밸런싱] 긴급 매도 (점수 64.6 < 65.0),346243,0.0097,51737,상승
2024-03-15,083650,비에이치아이,SELL,3997,10330,41289010,[리밸런싱] 긴급 매도 (점수 63.7 < 65.0),547939,0.0147,51611,상승
2024-03-15,000270,기아,SELL,323,125000,40375000,[리밸런싱] 긴급 매도 (점수 63.6 < 65.0),-341169,-0.0071,50469,상승
2024-03-15,005389,현대차3우B,SELL,267,151000,40317000,[리밸런싱] 긴급 매도 (점수 62.8 < 65.0),-370796,-0.0079,50396,상승
2024-03-15,071280,로체시스템즈,BUY,4615,8660,39965900,"리밸런싱 매수 (4위, 65.9점)",0,0.0000,49957,상승
2024-03-15,001380,SG글로벌,BUY,17083,2340,39974220,"리밸런싱 매수 (5위, 65.7점)",0,0.0000,49968,상승
2024-03-15,082640,동양생명,BUY,6275,6370,39971750,"리밸런싱 매수 (6위, 64.6점)",0,0.0000,49965,상승
2024-03-15,041910,폴라리스AI파마,BUY,4037,9900,39966300,"리밸런싱 매수 (7위, 64.6점)",0,0.0000,49958,상승
2024-03-15,005385,현대차우,BUY,244,163200,39820800,"리밸런싱 매수 (8위, 64.5점)",0,0.0000,49776,상승
2024-03-15,105560,KB금융,BUY,529,75500,39939500,"리밸런싱 매수 (9위, 64.1점)",0,0.0000,49924,상승
2024-03-15,200470,에이팩트,BUY,8496,4705,39973680,"리밸런싱 매수 (10위, 64.0점)",0,0.0000,49967,상승
2024-03-15,200470,에이팩트,SELL,8496,5646,47968416,목표 익절 도달 (20.0%),7934775,0.2000,59961,상승
2024-03-18,086790,하나금융지주,SELL,664,62000,41168000,[리밸런싱] 긴급 매도 (점수 64.1 < 65.0),1608540,0.0420,51460,상승
2024-03-18,082640,동양생명,SELL,6275,6070,38089250,[리밸런싱] 긴급 매도 (점수 62.4 < 65.0),-1930112,-0.0471,47612,상승
2024-03-18,005385,현대차우,SELL,244,156000,38064000,[리밸런싱] 긴급 매도 (점수 63.5 < 65.0),-1804380,-0.0441,47580,상승
2024-03-18,105560,KB금융,SELL,529,74400,39357600,[리밸런싱] 긴급 매도 (점수 61.2 < 65.0),-631097,-0.0146,49197,상승
2024-03-18,403550,쏘카,BUY,1992,20500,40836000,"리밸런싱 매수 (6위, 65.3점)",0,0.0000,51045,상승
2024-03-18,086790,하나금융지주,BUY,659,61900,40792100,"리밸런싱 매수 (7위, 64.1점)",0,0.0000,50990,상승
2024-03-18,219130,타이거일렉,BUY,1237,33000,40821000,"리밸런싱 매수 (8위, 64.1점)",0,0.0000,51026,상승
2024-03-18,000150,두산,BUY,283,144300,40836900,"리밸런싱 매수 (9위, 64.0점)",0,0.0000,51046,상승
2024-03-18,276730,한울앤제주,BUY,5722,7139,40849358,"리밸런싱 매수 (10위, 63.9점)",0,0.0000,51062,상승
2024-03-19,001380,SG글로벌,SELL,17083,2325,39717975,[리밸런싱] 긴급 매도 (점수 64.8 < 65.0),-305892,-0.0064,49647,상승
2024-03-19,086790,하나금융지주,SELL,659,61400,40462600,[리밸런싱] 긴급 매도 (점수 63.8 < 65.0),-380078,-0.0081,50578,상승
2024-03-19,219130,타이거일렉,SELL,1237,37650,46573050,[리밸런싱] 긴급 매도 (점수 64.5 < 65.0),5693834,0.1409,58216,상승
2024-03-19,000150,두산,SELL,283,142100,40214300,[리밸런싱] 긴급 매도 (점수 60.1 < 65.0),-672868,-0.0152,50268,상승
2024-03-19,276730,한울앤제주,SELL,5722,5911,33822742,[리밸런싱] 팩터 데이터 없음,-7068894,-0.1720,42278,상승
2024-03-19,001380,SG글로벌,BUY,21050,2380,50099000,"리밸런싱 매수 (6위, 64.8점)",0,0.0000,62624,상승
2024-03-19,219130,타이거일렉,BUY,1348,37150,50078200,"리밸런싱 매수 (7위, 64.5점)",0,0.0000,62598,상승
2024-03-19,043220,티에스넥스젠,BUY,5081,9860,50098660,"리밸런싱 매수 (8위, 64.2점)",0,0.0000,62623,상승
2024-03-19,389020,자람테크놀로지,BUY,672,74500,50064000,"리밸런싱 매수 (9위, 64.0점)",0,0.0000,62580,상승
2024-03-19,071280,로체시스템즈,SELL,4615,10392,47959080,목표 익절 도달 (20.0%),7933231,0.2000,59949,상승
2024-03-20,219130,타이거일렉,SELL,1348,36150,48730200,[리밸런싱] 긴급 매도 (점수 63.6 < 65.0),-1408913,-0.0269,60913,상승
2024-03-20,043220,티에스넥스젠,SELL,5081,9750,49539750,[리밸런싱] 긴급 매도 (점수 64.2 < 65.0),-620835,-0.0112,61925,상승
2024-03-20,389020,자람테크놀로지,SELL,672,67500,45360000,[리밸런싱] 긴급 매도 (점수 64.0 < 65.0),-4760700,-0.0940,56700,상승
2024-03-20,071280,로체시스템즈,BUY,3804,10050,38230200,"리밸런싱 매수 (1위, 68.0점)",0,0.0000,47788,상승
2024-03-20,075580,세진중공업,BUY,6068,6300,38228400,"리밸런싱 매수 (7위, 64.9점)",0,0.0000,47786,상승
2024-03-20,086790,하나금융지주,BUY,615,62100,38191500,"리밸런싱 매수 (8위, 64.8점)",0,0.0000,47739,상승
2024-03-20,191420,테고사이언스,BUY,1874,20400,38229600,"리밸런싱 매수 (9위, 64.6점)",0,0.0000,47787,상승
2024-03-20,043220,티에스넥스젠,BUY,3827,9990,38231730,"리밸런싱 매수 (10위, 64.2점)",0,0.0000,47790,상승
2024-03-20,256840,한국비엔씨,SELL,5978,7620,45552360,목표 익절 도달 (20.0%),7535120,0.2000,56940,상승
2024-03-21,075580,세진중공업,SELL,6068,6500,39442000,[리밸런싱] 긴급 매도 (점수 62.3 < 65.0),1164298,0.0317,49302,상승
2024-03-21,191420,테고사이언스,SELL,1874,21300,39916200,[리밸런싱] 긴급 매도 (점수 63.4 < 65.0),1636705,0.0441,49895,상승
2024-03-21,043220,티에스넥스젠,SELL,3827,9990,38231730,[리밸런싱] 긴급 매도 (점수 64.3 < 65.0),-47790,0.0000,47790,상승
2024-03-21,319660,피에스케이,BUY,1453,28000,40684000,"리밸런싱 매수 (7위, 64.8점)",0,0.0000,50855,상승
2024-03-21,256840,한국비엔씨,BUY,5209,7810,40682290,"리밸런싱 매수 (8위, 64.5점)",0,0.0000,50853,상승
2024-03-21,043220,티에스넥스젠,BUY,4168,9760,40679680,"리밸런싱 매수 (9위, 64.3점)",0,0.0000,50850,상승
2024-03-21,219130,타이거일렉,BUY,1089,37350,40674150,"리밸런싱 매수 (10위, 64.2점)",0,0.0000,50843,상승
2024-03-21,256840,한국비엔씨,SELL,5209,9372,48818748,목표 익절 도달 (20.0%),8075435,0.2000,61023,상승
2024-03-22,001380,SG글로벌,SELL,21050,2355,49572750,[리밸런싱] 긴급 매도 (점수 63.8 < 65.0),-588216,-0.0105,61966,상승
2024-03-22,319660,피에스케이,SELL,1453,28250,41047250,[리밸런싱] 긴급 매도 (점수 64.2 < 65.0),311941,0.0089,51309,상승
2024-03-22,043220,티에스넥스젠,SELL,4168,11160,46514880,[리밸런싱] 긴급 매도 (점수 64.5 < 65.0),5777056,0.1434,58144,상승
2024-03-22,219130,타이거일렉,SELL,1089,38050,41436450,[리밸런싱] 긴급 매도 (점수 63.8 < 65.0),710504,0.0187,51796,상승
2024-03-22,178320,서진시스템,BUY,1804,25150,45370600,"리밸런싱 매수 (6위, 65.3점)",0,0.0000,56713,상승
2024-03-22,000520,삼일제약,BUY,4654,9750,45376500,"리밸런싱 매수 (7위, 65.0점)",0,0.0000,56721,상승
2024-03-22,012450,한화에어로스페이스,BUY,227,199554,45298758,"리밸런싱 매수 (8위, 64.6점)",0,0.0000,56623,상승
2024-03-22,256840,한국비엔씨,BUY,4971,9130,45385230,"리밸런싱 매수 (9위, 64.5점)",0,0.0000,56732,상승
2024-03-22,043220,티에스넥스젠,BUY,4543,9990,45384570,"리밸런싱 매수 (10위, 64.5점)",0,0.0000,56731,상승
2024-03-25,086790,하나금융지주,SELL,615,62600,38499000,[리밸런싱] 긴급 매도 (점수 64.4 < 65.0),259376,0.0081,48124,상승
2024-03-25,000520,삼일제약,SELL,4654,10400,48401600,[리밸런싱] 긴급 매도 (점수 64.3 < 65.0),2964598,0.0667,60502,상승
2024-03-25,012450,한화에어로스페이스,SELL,227,207297,47056419,[리밸런싱] 긴급 매도 (점수 64.4 < 65.0),1698840,0.0388,58821,상승
2024-03-25,256840,한국비엔씨,SELL,4971,8520,42352920,[리밸런싱] 긴급 매도 (점수 64.5 < 65.0),-3085251,-0.0668,52941,상승
2024-03-25,043220,티에스넥스젠,SELL,4543,11310,51381330,[리밸런싱] 긴급 매도 (점수 64.4 < 65.0),5932533,0.1321,64227,상승
2024-03-25,256840,한국비엔씨,BUY,5095,8920,45447400,"리밸런싱 매수 (6위, 64.5점)",0,0.0000,56809,상승
2024-03-25,243840,신흥에스이씨,BUY,3825,11880,45441000,"리밸런싱 매수 (7위, 64.5점)",0,0.0000,56801,상승
2024-03-25,012450,한화에어로스페이스,BUY,215,211370,45444550,"리밸런싱 매수 (8위, 64.4점)",0,0.0000,56806,상승
2024-03-25,043220,티에스넥스젠,BUY,4025,11290,45442250,"리밸런싱 매수 (9위, 64.4점)",0,0.0000,56803,상승
2024-03-25,086790,하나금융지주,BUY,706,64300,45395800,"리밸런싱 매수 (10위, 64.4점)",0,0.0000,56745,상승
2024-03-26,256840,한국비엔씨,SELL,5095,8120,41371400,[리밸런싱] 긴급 매도 (점수 64.4 < 65.0),-4127714,-0.0897,51714,상승
2024-03-26,243840,신흥에스이씨,SELL,3825,12380,47353500,[리밸런싱] 긴급 매도 (점수 63.8 < 65.0),1853308,0.0421,59192,상승
2024-03-26,043220,티에스넥스젠,SELL,4025,10790,43429750,[리밸런싱] 긴급 매도 (점수 63.9 < 65.0),-2066787,-0.0443,54287,상승
2024-03-26,086790,하나금융지주,SELL,706,61400,43348400,[리밸런싱] 긴급 매도 (점수 63.1 < 65.0),-2101586,-0.0451,54186,상승
2024-03-26,148150,세경하이테크,BUY,4363,10030,43760890,"리밸런싱 매수 (7위, 65.1점)",0,0.0000,54701,상승
2024-03-26,131030,옵투스제약,BUY,5721,7650,43765650,"리밸런싱 매수 (8위, 64.7점)",0,0.0000,54707,상승
2024-03-26,256840,한국비엔씨,BUY,5136,8520,43758720,"리밸런싱 매수 (9위, 64.4점)",0,0.0000,54698,상승
2024-03-26,039130,하나투어,BUY,631,69300,43728300,"리밸런싱 매수 (10위, 64.4점)",0,0.0000,54660,상승
2024-03-26,131030,옵투스제약,SELL,5721,9180,52518780,목표 익절 도달 (20.0%),8687482,0.2000,65648,상승
2024-03-27,178320,서진시스템,SELL,1804,25350,45731400,[리밸런싱] 긴급 매도 (점수 64.9 < 65.0),303636,0.0080,57164,상승
2024-03-27,148150,세경하이테크,SELL,4363,9870,43062810,[리밸런싱] 긴급 매도 (점수 63.0 < 65.0),-751909,-0.0160,53829,상승
2024-03-27,256840,한국비엔씨,SELL,5136,7770,39906720,[리밸런싱] 긴급 매도 (점수 64.8 < 65.0),-3901883,-0.0880,49883,상승
2024-03-27,039130,하나투어,SELL,631,63000,39753000,[리밸런싱] 긴급 매도 (점수 57.3 < 65.0),-4024991,-0.0909,49691,상승
2024-03-27,243840,신흥에스이씨,BUY,3500,12600,44100000,"리밸런싱 매수 (6위, 66.1점)",0,0.0000,55125,상승
2024-03-27,009470,삼화전기,BUY,1739,25350,44083650,"리밸런싱 매수 (7위, 66.1점)",0,0.0000,55105,상승
2024-03-27,178320,서진시스템,BUY,1774,24850,44083900,"리밸런싱 매수 (8위, 64.9점)",0,0.0000,55105,상승
2024-03-27,256840,한국비엔씨,BUY,5307,8310,44101170,"리밸런싱 매수 (9위, 64.8점)",0,0.0000,55126,상승
2024-03-27,319660,피에스케이,BUY,1564,28200,44104800,"리밸런싱 매수 (10위, 64.7점)",0,0.0000,55131,상승
2024-03-28,012450,한화에어로스페이스,SELL,215,211372,45444980,[리밸런싱] 긴급 매도 (점수 63.2 < 65.0),-56376,0.0000,56806,상승
2024-03-28,178320,서진시스템,SELL,1774,25300,44882200,[리밸런싱] 긴급 매도 (점수 64.4 < 65.0),742197,0.0181,56103,상승
2024-03-28,256840,한국비엔씨,SELL,5307,7750,41129250,[리밸런싱] 긴급 매도 (점수 64.8 < 65.0),-3023332,-0.0674,51412,상승
2024-03-28,319660,피에스케이,SELL,1564,28650,44808600,[리밸런싱] 긴급 매도 (점수 63.7 < 65.0),647789,0.0160,56011,상승
2024-03-28,256840,한국비엔씨,BUY,5657,7770,43954890,"리밸런싱 매수 (7위, 64.8점)",0,0.0000,54944,상승
2024-03-28,178320,서진시스템,BUY,1733,25350,43931550,"리밸런싱 매수 (8위, 64.4점)",0,0.0000,54914,상승
2024-03-28,119850,지엔씨에너지,BUY,7766,5660,43955560,"리밸런싱 매수 (9위, 64.3점)",0,0.0000,54944,상승
2024-03-28,148150,세경하이테크,BUY,4444,9890,43951160,"리밸런싱 매수 (10위, 64.3점)",0,0.0000,54939,상승
2024-03-28,009470,삼화전기,SELL,1739,30420,52900380,목표 익절 도달 (20.0%),8750605,0.2000,66125,상승
2024-03-29,041910,폴라리스AI파마,SELL,4037,10570,42671090,[리밸런싱] 긴급 매도 (점수 64.8 < 65.0),2651451,0.0677,53339,상승
2024-03-29,256840,한국비엔씨,SELL,5657,7420,41974940,[리밸런싱] 긴급 매도 (점수 64.6 < 65.0),-2032419,-0.0450,52469,상승
2024-03-29,178320,서진시스템,SELL,1733,25500,44191500,[리밸런싱] 긴급 매도 (점수 64.3 < 65.0),204711,0.0059,55239,상승
2024-03-29,119850,지엔씨에너지,SELL,7766,6200,48149200,[리밸런싱] 팩터 데이터 없음,4133454,0.0954,60186,상승
2024-03-29,009470,삼화전기,BUY,1499,30600,45869400,"리밸런싱 매수 (3위, 66.8점)",0,0.0000,57337,상승
2024-03-29,041910,폴라리스AI파마,BUY,4042,11350,45876700,"리밸런싱 매수 (7위, 64.8점)",0,0.0000,57346,상승
2024-03-29,043220,티에스넥스젠,BUY,4042,11350,45876700,"리밸런싱 매수 (8위, 64.7점)",0,0.0000,57346,상승
2024-03-29,256840,한국비엔씨,BUY,6021,7620,45880020,"리밸런싱 매수 (9위, 64.6점)",0,0.0000,57350,상승
2024-03-29,000150,두산,BUY,299,153300,45836700,"리밸런싱 매수 (10위, 64.5점)",0,0.0000,57296,상승
2024-04-01,041910,폴라리스AI파마,SELL,4042,9900,40015800,[리밸런싱] 긴급 매도 (점수 61.0 < 65.0),-5910920,-0.1278,50020,상승
2024-04-01,043220,티에스넥스젠,SELL,4042,11320,45755440,[리밸런싱] 긴급 매도 (점수 64.8 < 65.0),-178454,-0.0026,57194,상승
2024-04-01,256840,한국비엔씨,SELL,6021,7580,45639180,[리밸런싱] 긴급 매도 (점수 63.9 < 65.0),-297889,-0.0052,57049,상승
2024-04-01,104700,한국철강,BUY,4607,9480,43674360,"리밸런싱 매수 (7위, 65.4점)",0,0.0000,54593,상승
2024-04-01,119850,지엔씨에너지,BUY,6568,6650,43677200,"리밸런싱 매수 (8위, 65.4점)",0,0.0000,54596,상승
2024-04-01,043220,티에스넥스젠,BUY,3733,11700,43676100,"리밸런싱 매수 (10위, 64.8점)",0,0.0000,54595,상승
2024-04-02,166480,코아스템켐온,SELL,4719,8943,42202017,[리밸런싱] 긴급 매도 (점수 64.9 < 65.0),1160030,0.0296,52753,상승
2024-04-02,243840,신흥에스이씨,SELL,3500,12100,42350000,[리밸런싱] 긴급 매도 (점수 64.9 < 65.0),-1802938,-0.0397,52938,상승
2024-04-02,119850,지엔씨에너지,SELL,6568,6920,45450560,[리밸런싱] 긴급 매도 (점수 64.5 < 65.0),1716547,0.0406,56813,상승
2024-04-02,043220,티에스넥스젠,SELL,3733,11020,41137660,[리밸런싱] 긴급 매도 (점수 64.7 < 65.0),-2589862,-0.0581,51422,상승
2024-04-02,243840,신흥에스이씨,BUY,3431,12440,42681640,"리밸런싱 매수 (7위, 64.9점)",0,0.0000,53352,상승
2024-04-02,166480,코아스템켐온,BUY,4376,9755,42687880,"리밸런싱 매수 (8위, 64.9점)",0,0.0000,53360,상승
2024-04-02,319660,피에스케이,BUY,1395,30600,42687000,"리밸런싱 매수 (9위, 64.7점)",0,0.0000,53359,상승
2024-04-02,043220,티에스넥스젠,BUY,3771,11320,42687720,"리밸런싱 매수 (10위, 64.7점)",0,0.0000,53360,상승
2024-04-03,000150,두산,SELL,299,138000,41262000,[리밸런싱] 긴급 매도 (점수 63.9 < 65.0),-4626278,-0.0998,51578,상승
2024-04-03,243840,신흥에스이씨,SELL,3431,11980,41103380,[리밸런싱] 긴급 매도 (점수 64.3 < 65.0),-1629639,-0.0370,51379,상승
2024-04-03,166480,코아스템켐온,SELL,4376,8721,38163096,[리밸런싱] 긴급 매도 (점수 64.0 < 65.0),-4572488,-0.1060,47704,상승
2024-04-03,043220,티에스넥스젠,SELL,3771,10520,39670920,[리밸런싱] 긴급 매도 (점수 63.8 < 65.0),-3066389,-0.0707,49589,상승
2024-04-03,191420,테고사이언스,BUY,1767,22600,39934200,"리밸런싱 매수 (5위, 65.4점)",0,0.0000,49918,상승
2024-04-03,119850,지엔씨에너지,BUY,5832,6850,39949200,"리밸런싱 매수 (6위, 65.3점)",0,0.0000,49936,상승
2024-04-03,075580,세진중공업,BUY,5823,6860,39945780,"리밸런싱 매수 (9위, 64.4점)",0,0.0000,49932,상승
2024-04-03,243840,신흥에스이씨,BUY,3351,11920,39943920,"리밸런싱 매수 (10위, 64.3점)",0,0.0000,49930,상승
2024-04-04,075580,세진중공업,SELL,5823,6990,40702770,[리밸런싱] 긴급 매도 (점수 64.4 < 65.0),706112,0.0190,50878,횡보
2024-04-04,243840,신흥에스이씨,SELL,3351,11900,39876900,[리밸런싱] 긴급 매도 (점수 63.5 < 65.0),-116866,-0.0017,49846,횡보
2024-04-04,114810,한솔아이원스,BUY,2968,13530,40157040,"리밸런싱 매수 (4위, 66.7점)",0,0.0000,50196,횡보
2024-04-04,006340,대원전선,BUY,27042,1485,40157370,"리밸런싱 매수 (10위, 65.7점)",0,0.0000,50197,횡보
2024-04-04,071280,로체시스템즈,SELL,3804,12060,45876240,목표 익절 도달 (20.0%),7588695,0.2000,57345,횡보
2024-04-04,009470,삼화전기,SELL,1499,36720,55043280,목표 익절 도달 (20.0%),9105076,0.2000,68804,횡보
2024-04-05,114810,한솔아이원스,SELL,2968,13450,39919600,[리밸런싱] 긴급 매도 (점수 64.6 < 65.0),-287340,-0.0059,49900,횡보
2024-04-05,071280,로체시스템즈,BUY,3821,12260,46845460,"리밸런싱 매수 (4위, 67.0점)",0,0.0000,58557,횡보
2024-04-05,009470,삼화전기,BUY,1288,36350,46818800,"리밸런싱 매수 (6위, 65.8점)",0,0.0000,58524,횡보
2024-04-05,075580,세진중공업,BUY,6761,6930,46853730,"리밸런싱 매수 (7위, 65.7점)",0,0.0000,58567,횡보
2024-04-05,119850,지엔씨에너지,SELL,5832,8220,47939040,목표 익절 도달 (20.0%),7929916,0.2000,59924,횡보
2024-04-05,006340,대원전선,SELL,27042,1737,46984123,목표 익절 도달 (17.0%),6768023,0.1700,58730,횡보
2024-04-08,075580,세진중공업,SELL,6761,6860,46380460,[리밸런싱] 긴급 매도 (점수 63.9 < 65.0),-531246,-0.0101,57976,횡보
2024-04-08,011790,SKC,BUY,324,144700,46882800,"리밸런싱 매수 (7위, 65.6점)",0,0.0000,58604,횡보
2024-04-08,010120,LS ELECTRIC,BUY,405,115800,46899000,"리밸런싱 매수 (9위, 65.1점)",0,0.0000,58624,횡보
2024-04-08,006340,대원전선,BUY,21123,2225,46998675,"리밸런싱 매수 (10위, 64.9점)",0,0.0000,58748,횡보
2024-04-09,403550,쏘카,SELL,1992,22050,43923600,[리밸런싱] 팩터 데이터 없음,3032696,0.0756,54904,횡보
2024-04-09,011790,SKC,SELL,324,135500,43902000,[리밸런싱] 긴급 매도 (점수 64.5 < 65.0),-3035678,-0.0636,54878,횡보
2024-04-09,006340,대원전선,SELL,21123,2250,47526750,[리밸런싱] 긴급 매도 (점수 64.9 < 65.0),468667,0.0112,59408,횡보
2024-04-09,103140,풍산,BUY,845,53300,45038500,"리밸런싱 매수 (2위, 68.1점)",0,0.0000,56298,횡보
2024-04-09,064350,현대로템,BUY,1189,37900,45063100,"리밸런싱 매수 (7위, 66.2점)",0,0.0000,56329,횡보
2024-04-09,119850,지엔씨에너지,BUY,5930,7600,45068000,"리밸런싱 매수 (9위, 66.2점)",0,0.0000,56335,횡보
2024-04-11,191420,테고사이언스,SELL,1767,20350,35958450,[리밸런싱] 긴급 매도 (점수 62.2 < 65.0),-4020698,-0.0996,44948,하락
2024-04-11,009470,삼화전기,SELL,1288,42700,54997600,[리밸런싱] 긴급 매도 (점수 64.7 < 65.0),8110053,0.1747,68747,하락
2024-04-11,002030,아세아,BUY,182,248000,45136000,"리밸런싱 매수 (7위, 66.3점)",0,0.0000,56420,하락
2024-04-11,230360,에코마케팅,BUY,3345,13560,45358200,"리밸런싱 매수 (10위, 65.1점)",0,0.0000,56698,하락
2024-04-12,104700,한국철강,SELL,4607,11376,52409232,목표 익절 도달 (20.0%),8669360,0.2000,65512,횡보
2024-04-12,010120,LS ELECTRIC,SELL,405,138960,56278800,목표 익절 도달 (20.0%),9309452,0.2000,70348,횡보
2024-04-12,103140,풍산,SELL,845,63960,54046200,목표 익절 도달 (20.0%),8940142,0.2000,67558,횡보
2024-04-15,064350,현대로템,SELL,1189,39000,46371000,[리밸런싱] 긴급 매도 (점수 64.9 < 65.0),1249936,0.0290,57964,횡보
2024-04-15,002030,아세아,SELL,182,252500,45955000,[리밸런싱] 긴급 매도 (점수 64.0 < 65.0),761556,0.0181,57444,횡보
2024-04-15,103140,풍산,BUY,803,63400,50910200,"리밸런싱 매수 (1위, 69.4점)",0,0.0000,63638,횡보
2024-04-15,104700,한국철강,BUY,4483,11370,50971710,"리밸런싱 매수 (2위, 68.4점)",0,0.0000,63715,횡보
2024-04-15,010120,LS ELECTRIC,BUY,365,139300,50844500,"리밸런싱 매수 (6위, 66.8점)",0,0.0000,63556,횡보
2024-04-15,025820,이구산업,BUY,8495,6000,50970000,"리밸런싱 매수 (8위, 66.2점)",0,0.0000,63712,횡보
2024-04-15,006260,LS,BUY,406,125400,50912400,"리밸런싱 매수 (10위, 65.8점)",0,0.0000,63640,횡보
2024-04-16,025820,이구산업,SELL,8495,6060,51479700,[리밸런싱] 긴급 매도 (점수 65.0 < 65.0),445350,0.0100,64350,횡보
2024-04-16,006260,LS,SELL,406,113000,45878000,[리밸런싱] 긴급 매도 (점수 61.0 < 65.0),-5091748,-0.0989,57348,횡보
2024-04-16,402340,SK스퀘어,BUY,612,79300,48531600,"리밸런싱 매수 (7위, 66.5점)",0,0.0000,60664,횡보
2024-04-16,004490,세방전지,BUY,514,94400,48521600,"리밸런싱 매수 (9위, 65.8점)",0,0.0000,60652,횡보
2024-04-16,119850,지엔씨에너지,SELL,5930,9120,54081600,목표 익절 도달 (20.0%),8945998,0.2000,67602,횡보
2024-04-16,103140,풍산,SELL,803,58328,46837384,손절 실행 (-8.0%),-4131363,-0.0800,58547,횡보
2024-04-17,103140,풍산,BUY,855,58900,50359500,"리밸런싱 매수 (2위, 69.8점)",0,0.0000,62949,횡보
2024-04-17,045100,한양이엔지,BUY,2382,21150,50379300,"리밸런싱 매수 (5위, 67.2점)",0,0.0000,62974,횡보
2024-04-17,071280,로체시스템즈,SELL,3821,11279,43097823,손절 실행 (-8.0%),-3801509,-0.0800,53872,횡보
2024-04-18,045100,한양이엔지,SELL,2382,20700,49307400,[리밸런싱] 긴급 매도 (점수 63.8 < 65.0),-1133534,-0.0213,61634,횡보
2024-04-18,119850,지엔씨에너지,BUY,5380,8570,46106600,"리밸런싱 매수 (5위, 67.4점)",0,0.0000,57633,횡보
2024-04-18,064350,현대로템,BUY,1149,40100,46074900,"리밸런싱 매수 (7위, 66.5점)",0,0.0000,57594,횡보
2024-04-19,148150,세경하이테크,SELL,4444,9330,41462520,[리밸런싱] 긴급 매도 (점수 60.6 < 65.0),-2540468,-0.0566,51828,횡보
2024-04-19,402340,SK스퀘어,SELL,612,76100,46573200,[리밸런싱] 긴급 매도 (점수 61.6 < 65.0),-2016616,-0.0404,58216,횡보
2024-04-19,126560,현대퓨처넷,BUY,21477,4090,87840930,"리밸런싱 매수 (8위, 65.5점)",0,0.0000,109801,횡보
2024-04-19,010120,LS ELECTRIC,SELL,365,167160,61013400,목표 익절 도달 (20.0%),10092633,0.2000,76267,횡보
2024-04-19,119850,지엔씨에너지,SELL,5380,7884,42418072,손절 실행 (-8.0%),-3741551,-0.0800,53023,횡보
2024-04-22,319660,피에스케이,SELL,1395,30700,42826500,[리밸런싱] 긴급 매도 (점수 64.0 < 65.0),85967,0.0033,53533,횡보
2024-04-22,064350,현대로템,SELL,1149,40100,46074900,[리밸런싱] 긴급 매도 (점수 63.5 < 65.0),-57594,0.0000,57594,횡보
2024-04-22,119850,지엔씨에너지,BUY,5012,7660,38391920,"리밸런싱 매수 (6위, 66.1점)",0,0.0000,47990,횡보
2024-04-22,010120,LS ELECTRIC,BUY,229,167100,38265900,"리밸런싱 매수 (7위, 65.6점)",0,0.0000,47832,횡보
2024-04-22,025820,이구산업,BUY,5739,6690,38393910,"리밸런싱 매수 (8위, 65.2점)",0,0.0000,47992,횡보
2024-04-22,006260,LS,BUY,299,128300,38361700,"리밸런싱 매수 (9위, 65.0점)",0,0.0000,47952,횡보
2024-04-22,166480,코아스템켐온,BUY,3963,9687,38389581,"리밸런싱 매수 (10위, 64.8점)",0,0.0000,47987,횡보
2024-04-22,126560,현대퓨처넷,SELL,21477,4785,102773888,목표 익절 도달 (17.0%),14804491,0.1700,128467,횡보
2024-04-23,025820,이구산업,SELL,5739,6320,36270480,[리밸런싱] 긴급 매도 (점수 64.5 < 65.0),-2168768,-0.0553,45338,횡보
2024-04-23,006260,LS,SELL,299,122300,36567700,[리밸런싱] 긴급 매도 (점수 63.3 < 65.0),-1839710,-0.0468,45710,횡보
2024-04-23,166480,코아스템켐온,SELL,3963,10003,39641889,[리밸런싱] 긴급 매도 (점수 64.4 < 65.0),1202756,0.0326,49552,횡보
2024-04-23,126560,현대퓨처넷,BUY,11796,4555,53730780,"리밸런싱 매수 (3위, 67.9점)",0,0.0000,67163,횡보
2024-04-23,039200,오스코텍,BUY,1818,29550,53721900,"리밸런싱 매수 (8위, 65.4점)",0,0.0000,67152,횡보
2024-04-23,042660,한화오션,BUY,1653,32500,53722500,"리밸런싱 매수 (9위, 64.7점)",0,0.0000,67153,횡보
2024-04-23,025820,이구산업,BUY,8043,6680,53727240,"리밸런싱 매수 (10위, 64.5점)",0,0.0000,67159,횡보
2024-04-23,119850,지엔씨에너지,SELL,5012,7047,35320566,손절 실행 (-8.0%),-3115504,-0.0800,44151,횡보
2024-04-23,010120,LS ELECTRIC,SELL,229,153732,35204628,손절 실행 (-8.0%),-3105278,-0.0800,44006,횡보
2024-04-24,042660,한화오션,SELL,1653,34450,56945850,[리밸런싱] 긴급 매도 (점수 63.6 < 65.0),3152168,0.0600,71182,횡보
2024-04-24,025820,이구산업,SELL,8043,6380,51314340,[리밸런싱] 긴급 매도 (점수 63.7 < 65.0),-2477043,-0.0449,64143,횡보
2024-04-24,119850,지엔씨에너지,BUY,5912,7540,44576480,"리밸런싱 매수 (6위, 66.1점)",0,0.0000,55721,횡보
2024-04-24,186230,그린플러스,BUY,4016,11100,44577600,"리밸런싱 매수 (7위, 65.8점)",0,0.0000,55722,횡보
2024-04-24,010120,LS ELECTRIC,BUY,287,155000,44485000,"리밸런싱 매수 (8위, 65.5점)",0,0.0000,55606,횡보
2024-04-24,265520,AP시스템,BUY,1354,32900,44546600,"리밸런싱 매수 (9위, 65.4점)",0,0.0000,55683,횡보
2024-04-25,039200,오스코텍,SELL,1818,30200,54903600,[리밸런싱] 긴급 매도 (점수 64.1 < 65.0),1113070,0.0220,68630,상승
2024-04-25,186230,그린플러스,SELL,4016,10990,44135840,[리밸런싱] 긴급 매도 (점수 61.5 < 65.0),-496930,-0.0099,55170,상승
2024-04-25,166480,코아스템켐온,BUY,4864,10157,49403648,"리밸런싱 매수 (9위, 64.3점)",0,0.0000,61755,상승
2024-04-25,039200,오스코텍,BUY,1612,30650,49407800,"리밸런싱 매수 (10위, 64.1점)",0,0.0000,61760,상승
2024-04-26,166480,코아스템켐온,SELL,4864,9892,48114688,[리밸런싱] 긴급 매도 (점수 64.1 < 65.0),-1349103,-0.0261,60143,횡보
2024-04-26,039200,오스코텍,SELL,1612,30200,48682400,[리밸런싱] 긴급 매도 (점수 65.0 < 65.0),-786253,-0.0147,60853,횡보
2024-04-26,001820,삼화콘덴서,BUY,968,49850,48254800,"리밸런싱 매수 (6위, 65.9점)",0,0.0000,60318,횡보
2024-04-26,039200,오스코텍,BUY,1601,30150,48270150,"리밸런싱 매수 (10위, 65.0점)",0,0.0000,60338,횡보
2024-04-29,001820,삼화콘덴서,SELL,968,50300,48690400,[리밸런싱] 긴급 매도 (점수 64.4 < 65.0),374737,0.0090,60863,상승
2024-04-29,082740,한화엔진,BUY,3559,13640,48544760,"리밸런싱 매수 (4위, 67.4점)",0,0.0000,60681,상승
2024-04-30,119850,지엔씨에너지,SELL,5912,7830,46290960,[리밸런싱] 긴급 매도 (점수 64.6 < 65.0),1656616,0.0385,57864,상승
2024-04-30,036810,에프에스티,BUY,1417,32588,46177196,"리밸런싱 매수 (8위, 65.4점)",0,0.0000,57721,상승
2024-04-30,082740,한화엔진,SELL,3559,12549,44661179,손절 실행 (-8.0%),-3939407,-0.0800,55826,상승
2024-05-02,340570,티앤엘,BUY,720,61800,44496000,"리밸런싱 매수 (6위, 66.5점)",0,0.0000,55620,상승
2024-05-02,103140,풍산,SELL,855,70680,60431400,목표 익절 도달 (20.0%),9996361,0.2000,75539,상승
2024-05-03,036810,에프에스티,SELL,1417,30622,43391374,[리밸런싱] 긴급 매도 (점수 59.6 < 65.0),-2840061,-0.0603,54239,상승
2024-05-03,340570,티앤엘,SELL,720,60600,43632000,[리밸런싱] 긴급 매도 (점수 64.3 < 65.0),-918540,-0.0194,54540,상승
2024-05-03,103140,풍산,BUY,672,73000,49056000,"리밸런싱 매수 (1위, 69.3점)",0,0.0000,61320,상승
2024-05-03,001820,삼화콘덴서,BUY,1005,48800,49044000,"리밸런싱 매수 (8위, 66.0점)",0,0.0000,61305,상승
2024-05-03,166480,코아스템켐온,BUY,4932,9952,49083264,"리밸런싱 매수 (10위, 65.3점)",0,0.0000,61354,상승
2024-05-07,126560,현대퓨처넷,SELL,11796,4510,53199960,[리밸런싱] 긴급 매도 (점수 63.8 < 65.0),-597320,-0.0099,66500,상승
2024-05-07,039200,오스코텍,SELL,1601,29400,47069400,[리밸런싱] 긴급 매도 (점수 63.5 < 65.0),-1259587,-0.0249,58837,상승
2024-05-07,166480,코아스템켐온,SELL,4932,9516,46932912,[리밸런싱] 긴급 매도 (점수 63.2 < 65.0),-2209018,-0.0438,58666,상승
2024-05-07,082740,한화엔진,BUY,4091,11970,48969270,"리밸런싱 매수 (7위, 66.4점)",0,0.0000,61212,상승
2024-05-07,026890,스틱인베스트먼트,BUY,5411,9050,48969550,"리밸런싱 매수 (8위, 66.2점)",0,0.0000,61212,상승
2024-05-07,003230,삼양식품,BUY,161,304000,48944000,"리밸런싱 매수 (9위, 65.7점)",0,0.0000,61180,상승
2024-05-08,003230,삼양식품,SELL,161,301000,48461000,[리밸런싱] 긴급 매도 (점수 64.7 < 65.0),-543576,-0.0099,60576,상승
2024-05-08,031330,에스에이엠티,BUY,12581,3835,48248135,"리밸런싱 매수 (7위, 66.1점)",0,0.0000,60310,상승
2024-05-09,004490,세방전지,SELL,514,112800,57979200,[리밸런싱] 긴급 매도 (점수 63.6 < 65.0),9385126,0.1949,72474,상승
2024-05-09,082740,한화엔진,SELL,4091,12100,49501100,[리밸런싱] 긴급 매도 (점수 63.6 < 65.0),469954,0.0109,61876,상승
2024-05-09,003230,삼양식품,BUY,178,300000,53400000,"리밸런싱 매수 (8위, 66.0점)",0,0.0000,66750,상승
2024-05-09,126560,현대퓨처넷,BUY,11790,4550,53644500,"리밸런싱 매수 (9위, 65.4점)",0,0.0000,67056,상승
2024-05-10,230360,에코마케팅,SELL,3345,13490,45124050,[리밸런싱] 긴급 매도 (점수 62.7 < 65.0),-290555,-0.0052,56405,상승
2024-05-10,265520,AP시스템,SELL,1354,27000,36558000,[리밸런싱] 긴급 매도 (점수 55.9 < 65.0),-8034298,-0.1793,45698,상승
2024-05-10,031330,에스에이엠티,SELL,12581,3790,47681990,[리밸런싱] 긴급 매도 (점수 64.9 < 65.0),-625747,-0.0117,59602,상승
2024-05-10,126560,현대퓨처넷,SELL,11790,3855,45450450,[리밸런싱] 긴급 매도 (점수 54.1 < 65.0),-8250863,-0.1527,56813,상승
2024-05-10,114840,아이패밀리에스씨,BUY,1551,28150,43660650,"리밸런싱 매수 (6위, 65.4점)",0,0.0000,54576,상승
2024-05-10,082740,한화엔진,BUY,3577,12210,43675170,"리밸런싱 매수 (8위, 65.4점)",0,0.0000,54594,상승
2024-05-10,031330,에스에이엠티,BUY,11359,3845,43675355,"리밸런싱 매수 (9위, 64.9점)",0,0.0000,54594,상승
2024-05-10,051900,LG생활건강,BUY,95,459000,43605000,"리밸런싱 매수 (10위, 64.9점)",0,0.0000,54506,상승
2024-05-10,114840,아이패밀리에스씨,SELL,1551,33780,52392780,목표 익절 도달 (20.0%),8666639,0.2000,65491,상승
2024-05-13,010120,LS ELECTRIC,SELL,287,173200,49708400,[리밸런싱] 긴급 매도 (점수 64.6 < 65.0),5161264,0.1174,62136,상승
2024-05-13,001820,삼화콘덴서,SELL,1005,50300,50551500,[리밸런싱] 긴급 매도 (점수 63.8 < 65.0),1444311,0.0307,63189,상승
2024-05-13,031330,에스에이엠티,SELL,11359,3730,42369070,[리밸런싱] 긴급 매도 (점수 63.3 < 65.0),-1359246,-0.0299,52961,상승
2024-05-13,051900,LG생활건강,SELL,95,455500,43272500,[리밸런싱] 긴급 매도 (점수 64.2 < 65.0),-386591,-0.0076,54091,상승
2024-05-13,108380,대양전기공업,BUY,3067,15510,47569170,"리밸런싱 매수 (6위, 65.6점)",0,0.0000,59461,상승
2024-05-13,114840,아이패밀리에스씨,BUY,1411,33700,47550700,"리밸런싱 매수 (7위, 65.4점)",0,0.0000,59438,상승
2024-05-13,006260,LS,BUY,317,149800,47486600,"리밸런싱 매수 (8위, 64.9점)",0,0.0000,59358,상승
2024-05-13,010120,LS ELECTRIC,BUY,264,179600,47414400,"리밸런싱 매수 (9위, 64.6점)",0,0.0000,59268,상승
2024-05-13,064820,케이프,BUY,8063,5900,47571700,"리밸런싱 매수 (10위, 64.6점)",0,0.0000,59465,상승
2024-05-14,108380,대양전기공업,SELL,3067,16280,49930760,[리밸런싱] 긴급 매도 (점수 64.0 < 65.0),2299177,0.0496,62413,횡보
2024-05-14,114840,아이패밀리에스씨,SELL,1411,32550,45928050,[리밸런싱] 긴급 매도 (점수 62.6 < 65.0),-1680060,-0.0341,57410,횡보
2024-05-14,010120,LS ELECTRIC,SELL,264,170500,45012000,[리밸런싱] 긴급 매도 (점수 64.1 < 65.0),-2458665,-0.0507,56265,횡보
2024-05-14,186230,그린플러스,BUY,3853,12170,46891010,"리밸런싱 매수 (8위, 65.1점)",0,0.0000,58614,횡보
2024-05-14,039200,오스코텍,BUY,1625,28850,46881250,"리밸런싱 매수 (9위, 64.9점)",0,0.0000,58602,횡보
2024-05-14,106190,하이텍팜,BUY,3907,12000,46884000,"리밸런싱 매수 (10위, 64.8점)",0,0.0000,58605,횡보
2024-05-16,006260,LS,SELL,317,161500,51195500,[리밸런싱] 긴급 매도 (점수 64.8 < 65.0),3644906,0.0781,63994,횡보
2024-05-16,064820,케이프,SELL,8063,6090,49103670,[리밸런싱] 긴급 매도 (점수 63.4 < 65.0),1470590,0.0322,61380,횡보
2024-05-16,340570,티앤엘,BUY,765,65300,49954500,"리밸런싱 매수 (6위, 66.1점)",0,0.0000,62443,횡보
2024-05-16,108380,대양전기공업,BUY,3086,16200,49993200,"리밸런싱 매수 (8위, 65.8점)",0,0.0000,62492,횡보
2024-05-17,003230,삼양식품,SELL,178,446500,79477000,[리밸런싱] 긴급 매도 (점수 63.9 < 65.0),25977654,0.4883,99346,횡보
2024-05-17,186230,그린플러스,SELL,3853,12380,47700140,[리밸런싱] 긴급 매도 (점수 64.3 < 65.0),749505,0.0173,59625,횡보
2024-05-17,340570,티앤엘,SELL,765,67500,51637500,[리밸런싱] 긴급 매도 (점수 61.7 < 65.0),1618453,0.0337,64547,횡보
2024-05-17,108380,대양전기공업,SELL,3086,16190,49962340,[리밸런싱] 긴급 매도 (점수 64.4 < 65.0),-93313,-0.0006,62453,횡보
2024-05-17,005180,빙그레,BUY,705,81000,57105000,"리밸런싱 매수 (4위, 66.6점)",0,0.0000,71381,횡보
2024-05-17,006260,LS,BUY,356,160200,57031200,"리밸런싱 매수 (8위, 65.6점)",0,0.0000,71289,횡보
2024-05-17,099320,쎄트렉아이,BUY,1059,53900,57080100,"리밸런싱 매수 (9위, 65.3점)",0,0.0000,71350,횡보
2024-05-17,108380,대양전기공업,BUY,3512,16260,57105120,"리밸런싱 매수 (10위, 64.4점)",0,0.0000,71381,횡보
2024-05-17,039200,오스코텍,SELL,1625,33754,54851062,목표 익절 도달 (17.0%),7901249,0.1700,68564,횡보
2024-05-20,006260,LS,SELL,356,187500,66750000,[리밸런싱] 긴급 매도 (점수 64.8 < 65.0),9635362,0.1704,83438,횡보
2024-05-20,108380,대양전기공업,SELL,3512,16330,57350960,[리밸런싱] 긴급 매도 (점수 64.3 < 65.0),174151,0.0043,71689,횡보
2024-05-20,039200,오스코텍,BUY,1781,33400,59485400,"리밸런싱 매수 (3위, 66.9점)",0,0.0000,74357,횡보
2024-05-20,270870,뉴트리,BUY,5445,10930,59513850,"리밸런싱 매수 (6위, 65.9점)",0,0.0000,74392,횡보
2024-05-20,186230,그린플러스,BUY,4807,12380,59510660,"리밸런싱 매수 (8위, 65.4점)",0,0.0000,74388,횡보
2024-05-20,106190,하이텍팜,SELL,3907,14040,54854280,목표 익절 도달 (17.0%),7901712,0.1700,68568,횡보
2024-05-21,106190,하이텍팜,BUY,4042,13510,54607420,"리밸런싱 매수 (2위, 68.4점)",0,0.0000,68259,횡보
2024-05-22,082740,한화엔진,SELL,3577,12100,43281700,[리밸런싱] 긴급 매도 (점수 61.2 < 65.0),-447572,-0.0090,54102,하락
2024-05-22,039200,오스코텍,SELL,1781,32650,58149650,[리밸런싱] 긴급 매도 (점수 64.2 < 65.0),-1408437,-0.0225,72687,하락
2024-05-22,270870,뉴트리,SELL,5445,11200,60984000,[리밸런싱] 긴급 매도 (점수 62.6 < 65.0),1393920,0.0247,76230,하락
2024-05-22,186230,그린플러스,SELL,4807,12520,60183640,[리밸런싱] 긴급 매도 (점수 61.4 < 65.0),597750,0.0113,75230,하락
2024-05-22,011560,세보엠이씨,BUY,4708,11800,55554400,"리밸런싱 매수 (3위, 69.3점)",0,0.0000,69443,하락
2024-05-22,090435,아모레퍼시픽우,BUY,1078,51500,55517000,"리밸런싱 매수 (6위, 66.8점)",0,0.0000,69396,하락
2024-05-22,086710,선진뷰티사이언스,BUY,4665,11910,55560150,"리밸런싱 매수 (7위, 66.6점)",0,0.0000,69450,하락
2024-05-22,090430,아모레퍼시픽,BUY,300,184800,55440000,"리밸런싱 매수 (8위, 66.4점)",0,0.0000,69300,하락
2024-05-22,026890,스틱인베스트먼트,SELL,5411,10588,57294374,목표 익절 도달 (17.0%),8253206,0.1700,71618,하락
2024-05-22,005180,빙그레,SELL,705,97200,68526000,목표 익절 도달 (20.0%),11335342,0.2000,85658,하락
2024-05-22,106190,하이텍팜,SELL,4042,16212,65528904,목표 익절 도달 (20.0%),10839573,0.2000,81911,하락
2024-05-23,099320,쎄트렉아이,SELL,1059,53900,57080100,[리밸런싱] 긴급 매도 (점수 64.6 < 65.0),-71350,0.0000,71350,하락
2024-05-23,106190,하이텍팜,BUY,4000,15500,62000000,"리밸런싱 매수 (1위, 69.5점)",0,0.0000,77500,하락
2024-05-23,026890,스틱인베스트먼트,BUY,5704,10870,62002480,"리밸런싱 매수 (2위, 68.3점)",0,0.0000,77503,하락
2024-05-23,005180,빙그레,BUY,666,93000,61938000,"리밸런싱 매수 (5위, 66.8점)",0,0.0000,77422,하락
2024-05-23,297890,HB솔루션,BUY,8334,7440,62004960,"리밸런싱 매수 (7위, 65.7점)",0,0.0000,77506,하락
2024-05-23,103140,풍산,SELL,672,67160,45131520,손절 실행 (-8.0%),-3980894,-0.0800,56414,하락
2024-05-24,104700,한국철강,SELL,4483,11360,50926880,[리밸런싱] 긴급 매도 (점수 64.2 < 65.0),-108489,-0.0009,63659,하락
2024-05-24,297890,HB솔루션,SELL,8334,6680,55671120,[리밸런싱] 긴급 매도 (점수 62.1 < 65.0),-6403429,-0.1022,69589,하락
2024-05-24,017810,풀무원,BUY,3618,13940,50434920,"리밸런싱 매수 (7위, 66.3점)",0,0.0000,63044,하락
2024-05-24,011150,CJ씨푸드,BUY,12271,4110,50433810,"리밸런싱 매수 (9위, 66.0점)",0,0.0000,63042,하락
2024-05-24,049520,유아이엘,BUY,10364,4866,50431224,"리밸런싱 매수 (10위, 66.0점)",0,0.0000,63039,하락
2024-05-24,086710,선진뷰티사이언스,SELL,4665,14292,66672180,목표 익절 도달 (20.0%),11028690,0.2000,83340,하락
2024-05-24,011150,CJ씨푸드,SELL,12271,4932,60520572,목표 익절 도달 (20.0%),10011111,0.2000,75651,하락
2024-05-27,017810,풀무원,SELL,3618,15430,55825740,[리밸런싱] 긴급 매도 (점수 63.9 < 65.0),5321038,0.1069,69782,하락
2024-05-27,086710,선진뷰티사이언스,BUY,4197,14500,60856500,"리밸런싱 매수 (1위, 69.7점)",0,0.0000,76071,하락
2024-05-27,192820,코스맥스,BUY,351,173300,60828300,"리밸런싱 매수 (7위, 66.0점)",0,0.0000,76035,하락
2024-05-27,011150,CJ씨푸드,BUY,11982,5080,60868560,"리밸런싱 매수 (8위, 65.9점)",0,0.0000,76086,하락
2024-05-27,011560,세보엠이씨,SELL,4708,14160,66665280,목표 익절 도달 (20.0%),11027548,0.2000,83332,하락
2024-05-28,049520,유아이엘,SELL,10364,4711,48824804,[리밸런싱] 긴급 매도 (점수 64.3 < 65.0),-1667451,-0.0319,61031,하락
2024-05-28,011560,세보엠이씨,BUY,4154,13860,57574440,"리밸런싱 매수 (3위, 69.0점)",0,0.0000,71968,하락
2024-05-28,000155,두산우,BUY,676,85100,57527600,"리밸런싱 매수 (5위, 67.8점)",0,0.0000,71910,하락
2024-05-30,011150,CJ씨푸드,SELL,11982,4805,57573510,[리밸런싱] 긴급 매도 (점수 65.0 < 65.0),-3367017,-0.0541,71967,하락
2024-05-30,186230,그린플러스,BUY,4504,12750,57426000,"리밸런싱 매수 (6위, 67.8점)",0,0.0000,71782,하락
2024-05-30,005180,빙그레,SELL,666,85560,56982960,손절 실행 (-8.0%),-5026269,-0.0800,71229,하락
2024-05-30,086710,선진뷰티사이언스,SELL,4197,17400,73027800,목표 익절 도달 (20.0%),12080015,0.2000,91285,하락
2024-05-31,086710,선진뷰티사이언스,BUY,3610,17970,64871700,"리밸런싱 매수 (6위, 68.2점)",0,0.0000,81090,하락
2024-05-31,950140,잉글우드랩,BUY,2761,23500,64883500,"리밸런싱 매수 (7위, 68.1점)",0,0.0000,81104,하락
2024-05-31,106190,하이텍팜,SELL,4000,14260,57040000,손절 실행 (-8.0%),-5031300,-0.0800,71300,하락
2024-05-31,086710,선진뷰티사이언스,SELL,3610,21564,77846040,목표 익절 도달 (20.0%),12877032,0.2000,97308,하락
2024-06-03,106190,하이텍팜,BUY,4583,14680,67278440,"리밸런싱 매수 (4위, 69.2점)",0,0.0000,84098,하락
2024-06-03,086710,선진뷰티사이언스,BUY,3590,18740,67276600,"리밸런싱 매수 (5위, 68.2점)",0,0.0000,84096,하락
2024-06-04,186230,그린플러스,SELL,4504,12080,54408320,[리밸런싱] 긴급 매도 (점수 60.2 < 65.0),-3085690,-0.0525,68010,하락
2024-06-04,339770,교촌에프앤비,BUY,9733,5568,54193344,"리밸런싱 매수 (2위, 68.6점)",0,0.0000,67742,하락
2024-06-04,950140,잉글우드랩,SELL,2761,28200,77860200,목표 익절 도달 (20.0%),12879375,0.2000,97325,하락
2024-06-04,086710,선진뷰티사이언스,SELL,3590,17241,61894472,손절 실행 (-8.0%),-5459496,-0.0800,77368,하락
2024-06-05,000155,두산우,SELL,676,82000,55432000,[리밸런싱] 긴급 매도 (점수 63.8 < 65.0),-2164890,-0.0364,69290,하락
2024-06-05,339770,교촌에프앤비,SELL,9733,5419,52743127,[리밸런싱] 긴급 매도 (점수 64.4 < 65.0),-1516146,-0.0268,65929,하락
2024-06-05,005180,빙그레,BUY,708,87400,61879200,"리밸런싱 매수 (3위, 68.9점)",0,0.0000,77349,하락
2024-06-05,950140,잉글우드랩,BUY,2427,25500,61888500,"리밸런싱 매수 (4위, 68.0점)",0,0.0000,77361,하락
2024-06-05,086710,선진뷰티사이언스,BUY,3506,17650,61880900,"리밸런싱 매수 (5위, 67.9점)",0,0.0000,77351,하락
2024-06-05,060370,LS마린솔루션,BUY,3629,17052,61881708,"리밸런싱 매수 (7위, 65.8점)",0,0.0000,77352,하락
2024-06-05,090435,아모레퍼시픽우,SELL,1078,47380,51075640,손절 실행 (-8.0%),-4505205,-0.0800,63845,하락
2024-06-05,192820,코스맥스,SELL,351,159436,55962036,손절 실행 (-8.0%),-4936217,-0.0800,69953,하락
2024-06-07,011560,세보엠이씨,SELL,4154,12390,51468060,[리밸런싱] 긴급 매도 (점수 62.1 < 65.0),-6170715,-0.1061,64335,횡보
2024-06-07,137400,피엔티,BUY,684,77000,52668000,"리밸런싱 매수 (7위, 65.7점)",0,0.0000,65835,횡보
2024-06-07,078600,대주전자재료,BUY,417,126300,52667100,"리밸런싱 매수 (9위, 65.6점)",0,0.0000,65834,횡보
2024-06-07,090435,아모레퍼시픽우,BUY,1057,49800,52638600,"리밸런싱 매수 (10위, 65.4점)",0,0.0000,65798,횡보
2024-06-07,060370,LS마린솔루션,SELL,3629,15688,56931171,손절 실행 (-8.0%),-5021701,-0.0800,71164,횡보
2024-06-10,078600,대주전자재료,SELL,417,123100,51332700,[리밸런싱] 긴급 매도 (점수 62.6 < 65.0),-1398566,-0.0253,64166,횡보
2024-06-10,090435,아모레퍼시픽우,SELL,1057,47350,50048950,[리밸런싱] 긴급 매도 (점수 61.3 < 65.0),-2652211,-0.0492,62561,횡보
2024-06-10,014830,유니드,BUY,479,109700,52546300,"리밸런싱 매수 (5위, 66.2점)",0,0.0000,65683,횡보
2024-06-10,017810,풀무원,BUY,3545,14850,52643250,"리밸런싱 매수 (7위, 65.6점)",0,0.0000,65804,횡보
2024-06-10,060370,LS마린솔루션,BUY,3627,14516,52649532,"리밸런싱 매수 (10위, 65.4점)",0,0.0000,65812,횡보
2024-06-10,090430,아모레퍼시픽,SELL,300,170016,51004800,손절 실행 (-8.0%),-4498956,-0.0800,63756,횡보
2024-06-10,005180,빙그레,SELL,708,104880,74255040,목표 익절 도달 (20.0%),12283021,0.2000,92819,횡보
2024-06-11,017810,풀무원,SELL,3545,15540,55089300,[리밸런싱] 긴급 매도 (점수 64.8 < 65.0),2377188,0.0465,68862,횡보
2024-06-11,005180,빙그레,BUY,521,115000,59915000,"리밸런싱 매수 (5위, 65.9점)",0,0.0000,74894,횡보
2024-06-11,090430,아모레퍼시픽,BUY,338,177300,59927400,"리밸런싱 매수 (7위, 65.6점)",0,0.0000,74909,횡보
2024-06-11,251970,펌텍코리아,BUY,1714,35000,59990000,"리밸런싱 매수 (9위, 65.4점)",0,0.0000,74988,횡보
2024-06-12,106190,하이텍팜,SELL,4583,14210,65124430,[리밸런싱] 긴급 매도 (점수 64.3 < 65.0),-2235416,-0.0320,81406,하락
2024-06-12,014830,유니드,SELL,479,111500,53408500,[리밸런싱] 긴급 매도 (점수 64.8 < 65.0),795439,0.0164,66761,하락
2024-06-12,060370,LS마린솔루션,SELL,3627,15368,55739736,[리밸런싱] 긴급 매도 (점수 65.0 < 65.0),3020529,0.0587,69675,하락
2024-06-12,017810,풀무원,BUY,3735,15530,58004550,"리밸런싱 매수 (4위, 68.0점)",0,0.0000,72506,하락
2024-06-12,001680,대상,BUY,2218,26150,58000700,"리밸런싱 매수 (7위, 67.2점)",0,0.0000,72501,하락
2024-06-12,192820,코스맥스,BUY,368,157400,57923200,"리밸런싱 매수 (8위, 66.6점)",0,0.0000,72404,하락
2024-06-13,005180,빙그레,SELL,521,105800,55121800,손절 실행 (-8.0%),-4862102,-0.0800,68902,하락
2024-06-13,251970,펌텍코리아,SELL,1714,40950,70188300,목표 익절 도달 (17.0%),10110565,0.1700,87735,하락
2024-06-14,251970,펌텍코리아,BUY,1392,44900,62500800,"리밸런싱 매수 (5위, 68.2점)",0,0.0000,78126,횡보
2024-06-14,090435,아모레퍼시픽우,BUY,1214,51500,62521000,"리밸런싱 매수 (9위, 66.2점)",0,0.0000,78151,횡보
2024-06-14,086710,선진뷰티사이언스,SELL,3506,21180,74257080,목표 익절 도달 (20.0%),12283359,0.2000,92821,횡보
2024-06-14,192820,코스맥스,SELL,368,188880,69507840,목표 익절 도달 (20.0%),11497755,0.2000,86885,횡보
2024-06-17,192820,코스맥스,BUY,387,185000,71595000,"리밸런싱 매수 (1위, 69.8점)",0,0.0000,89494,하락
2024-06-17,280360,롯데웰푸드,BUY,396,181100,71715600,"리밸런싱 매수 (3위, 68.5점)",0,0.0000,89644,하락
2024-06-17,950140,잉글우드랩,SELL,2427,23460,56937420,손절 실행 (-8.0%),-5022252,-0.0800,71172,하락
2024-06-18,090435,아모레퍼시픽우,SELL,1214,49050,59546700,[리밸런싱] 긴급 매도 (점수 64.2 < 65.0),-3048733,-0.0476,74433,하락
2024-06-18,339770,교촌에프앤비,BUY,10377,5604,58152708,"리밸런싱 매수 (3위, 68.3점)",0,0.0000,72691,하락
2024-06-18,950140,잉글우드랩,BUY,2388,24350,58147800,"리밸런싱 매수 (7위, 67.6점)",0,0.0000,72685,하락
2024-06-19,090430,아모레퍼시픽,SELL,338,178400,60299200,[리밸런싱] 긴급 매도 (점수 64.4 < 65.0),296426,0.0062,75374,하락
2024-06-19,339770,교촌에프앤비,SELL,10377,5434,56388618,[리밸런싱] 긴급 매도 (점수 63.0 < 65.0),-1834576,-0.0303,70486,하락
2024-06-19,362320,청담글로벌,BUY,4626,12580,58195080,"리밸런싱 매수 (5위, 67.2점)",0,0.0000,72744,하락
2024-06-19,086710,선진뷰티사이언스,BUY,2784,20900,58185600,"리밸런싱 매수 (8위, 65.9점)",0,0.0000,72732,하락
2024-06-20,137400,피엔티,SELL,684,80300,54925200,[리밸런싱] 긴급 매도 (점수 65.0 < 65.0),2188544,0.0429,68656,하락
2024-06-20,101930,인화정공,BUY,3128,17500,54740000,"리밸런싱 매수 (6위, 66.3점)",0,0.0000,68425,하락
2024-06-20,950140,잉글우드랩,SELL,2388,22402,53495976,손절 실행 (-8.0%),-4718694,-0.0800,66870,하락
2024-06-20,086710,선진뷰티사이언스,SELL,2784,19228,53530752,손절 실행 (-8.0%),-4721761,-0.0800,66913,하락
2024-06-20,101930,인화정공,SELL,3128,21000,65688000,목표 익절 도달 (20.0%),10865890,0.2000,82110,하락
2024-06-21,017810,풀무원,SELL,3735,15770,58900950,[리밸런싱] 긴급 매도 (점수 63.9 < 65.0),822774,0.0155,73626,하락
2024-06-21,101930,인화정공,BUY,2834,20400,57813600,"리밸런싱 매수 (6위, 66.4점)",0,0.0000,72267,하락
2024-06-21,071280,로체시스템즈,BUY,3431,16850,57812350,"리밸런싱 매수 (7위, 66.1점)",0,0.0000,72265,하락
2024-06-21,137400,피엔티,BUY,727,79500,57796500,"리밸런싱 매수 (8위, 65.3점)",0,0.0000,72246,하락
2024-06-21,009780,엠에스씨,BUY,7930,7290,57809700,"리밸런싱 매수 (10위, 64.8점)",0,0.0000,72262,하락
2024-06-24,026890,스틱인베스트먼트,SELL,5704,9700,55328800,[리밸런싱] 긴급 매도 (점수 57.8 < 65.0),-6742841,-0.1076,69161,하락
2024-06-24,001680,대상,SELL,2218,27600,61216800,[리밸런싱] 긴급 매도 (점수 63.9 < 65.0),3139579,0.0554,76521,하락
2024-06-24,101930,인화정공,SELL,2834,24300,68866200,[리밸런싱] 긴급 매도 (점수 64.6 < 65.0),10966517,0.1912,86083,하락
2024-06-24,137400,피엔티,SELL,727,71000,51617000,[리밸런싱] 긴급 매도 (점수 63.1 < 65.0),-6244021,-0.1069,64521,하락
2024-06-24,009780,엠에스씨,SELL,7930,6870,54479100,[리밸런싱] 긴급 매도 (점수 60.3 < 65.0),-3398699,-0.0576,68099,하락
2024-06-24,241710,코스메카코리아,BUY,777,74800,58119600,"리밸런싱 매수 (2위, 67.5점)",0,0.0000,72650,하락
2024-06-24,082740,한화엔진,BUY,3777,15400,58165800,"리밸런싱 매수 (6위, 65.2점)",0,0.0000,72707,하락
2024-06-24,377450,리파인,BUY,4328,13440,58168320,"리밸런싱 매수 (8위, 64.9점)",0,0.0000,72710,하락
2024-06-24,004970,신라교역,BUY,4848,12000,58176000,"리밸런싱 매수 (9위, 64.9점)",0,0.0000,72720,하락
2024-06-24,101930,인화정공,BUY,2687,21650,58173550,"리밸런싱 매수 (10위, 64.6점)",0,0.0000,72717,하락
2024-06-24,101930,인화정공,SELL,2687,25980,69808260,목표 익절 도달 (20.0%),11547450,0.2000,87260,하락
2024-06-25,071280,로체시스템즈,SELL,3431,16650,57126150,[리밸런싱] 긴급 매도 (점수 63.2 < 65.0),-757608,-0.0119,71408,하락
2024-06-25,377450,리파인,SELL,4328,12430,53797040,[리밸런싱] 긴급 매도 (점수 62.3 < 65.0),-4438526,-0.0751,67246,하락
2024-06-25,036810,에프에스티,BUY,1718,34948,60040664,"리밸런싱 매수 (8위, 64.2점)",0,0.0000,75051,하락
2024-06-25,051360,토비스,BUY,2634,22800,60055200,"리밸런싱 매수 (9위, 64.0점)",0,0.0000,75069,하락
2024-06-25,033790,피노,BUY,5930,10130,60070900,"리밸런싱 매수 (10위, 63.9점)",0,0.0000,75089,하락
2024-06-26,036810,에프에스티,SELL,1718,36668,62995624,[리밸런싱] 긴급 매도 (점수 63.7 < 65.0),2876215,0.0492,78745,하락
2024-06-26,051360,토비스,SELL,2634,22600,59528400,[리밸런싱] 긴급 매도 (점수 62.0 < 65.0),-601210,-0.0088,74410,하락
2024-06-26,033790,피노,SELL,5930,9710,57580300,[리밸런싱] 긴급 매도 (점수 63.9 < 65.0),-2562575,-0.0415,71975,하락
2024-06-26,075580,세진중공업,BUY,6259,9570,59898630,"리밸런싱 매수 (3위, 67.1점)",0,0.0000,74873,하락
2024-06-26,095190,이엠코리아,BUY,17748,3375,59899500,"리밸런싱 매수 (9위, 64.6점)",0,0.0000,74874,하락
2024-06-26,106190,하이텍팜,BUY,3910,15320,59901200,"리밸런싱 매수 (10위, 64.6점)",0,0.0000,74876,하락
2024-06-27,280360,롯데웰푸드,SELL,396,177700,70369200,[리밸런싱] 긴급 매도 (점수 64.6 < 65.0),-1434362,-0.0188,87962,하락
2024-06-27,362320,청담글로벌,SELL,4626,12210,56483460,[리밸런싱] 긴급 매도 (점수 64.9 < 65.0),-1782224,-0.0294,70604,하락
2024-06-27,004970,신라교역,SELL,4848,11530,55897440,[리밸런싱] 긴급 매도 (점수 61.7 < 65.0),-2348432,-0.0392,69872,하락
2024-06-27,095190,이엠코리아,SELL,17748,3120,55373760,[리밸런싱] 긴급 매도 (점수 56.3 < 65.0),-4594957,-0.0756,69217,하락
2024-06-27,106190,하이텍팜,SELL,3910,15970,62442700,[리밸런싱] 긴급 매도 (점수 63.7 < 65.0),2463447,0.0424,78053,하락
2024-06-27,362320,청담글로벌,BUY,4705,12750,59988750,"리밸런싱 매수 (6위, 64.9점)",0,0.0000,74986,하락
2024-06-27,280360,롯데웰푸드,BUY,332,180500,59926000,"리밸런싱 매수 (7위, 64.6점)",0,0.0000,74908,하락
2024-06-27,161890,한국콜마,BUY,865,69300,59944500,"리밸런싱 매수 (8위, 64.5점)",0,0.0000,74931,하락
2024-06-27,078600,대주전자재료,BUY,394,152100,59927400,"리밸런싱 매수 (9위, 64.3점)",0,0.0000,74909,하락
2024-06-27,323280,태성,BUY,4537,13221,59983677,"리밸런싱 매수 (10위, 64.1점)",0,0.0000,74980,하락
2024-06-28,362320,청담글로벌,SELL,4705,11450,53872250,[리밸런싱] 긴급 매도 (점수 61.0 < 65.0),-6183840,-0.1020,67340,하락
2024-06-28,161890,한국콜마,SELL,865,71200,61588000,[리밸런싱] 긴급 매도 (점수 64.5 < 65.0),1566515,0.0274,76985,하락
2024-06-28,078600,대주전자재료,SELL,394,143000,56342000,[리밸런싱] 긴급 매도 (점수 61.6 < 65.0),-3655828,-0.0598,70428,하락
2024-06-28,323280,태성,SELL,4537,10931,49593947,[리밸런싱] 긴급 매도 (점수 63.6 < 65.0),-10451722,-0.1732,61992,하락
2024-06-28,001680,대상,BUY,2004,27550,55210200,"리밸런싱 매수 (7위, 65.4점)",0,0.0000,69013,하락
2024-06-28,161890,한국콜마,BUY,744,74200,55204800,"리밸런싱 매수 (8위, 64.5점)",0,0.0000,69006,하락
2024-06-28,106190,하이텍팜,BUY,3439,16060,55230340,"리밸런싱 매수 (9위, 64.4점)",0,0.0000,69038,하락
2024-06-28,352480,씨앤씨인터내셔널,BUY,429,128500,55126500,"리밸런싱 매수 (10위, 64.1점)",0,0.0000,68908,하락
2024-07-01,251970,펌텍코리아,SELL,1392,42550,59229600,[리밸런싱] 긴급 매도 (점수 52.4 < 65.0),-3345237,-0.0523,74037,하락
2024-07-01,192820,코스맥스,SELL,387,189100,73181700,[리밸런싱] 긴급 매도 (점수 47.8 < 65.0),1495223,0.0222,91477,하락
2024-07-01,241710,코스메카코리아,SELL,777,80600,62626200,[리밸런싱] 긴급 매도 (점수 63.3 < 65.0),4428317,0.0775,78283,하락
2024-07-01,082740,한화엔진,SELL,3777,15700,59298900,[리밸런싱] 긴급 매도 (점수 51.3 < 65.0),1058976,0.0195,74124,하락
2024-07-01,075580,세진중공업,SELL,6259,10310,64530290,[리밸런싱] 긴급 매도 (점수 51.3 < 65.0),4550997,0.0773,80663,하락
2024-07-01,280360,롯데웰푸드,SELL,332,170500,56606000,[리밸런싱] 긴급 매도 (점수 46.1 < 65.0),-3390758,-0.0554,70758,하락
2024-07-01,001680,대상,SELL,2004,26500,53106000,[리밸런싱] 긴급 매도 (점수 45.9 < 65.0),-2170582,-0.0381,66382,하락
2024-07-01,161890,한국콜마,SELL,744,67000,49848000,[리밸런싱] 긴급 매도 (점수 42.7 < 65.0),-5419110,-0.0970,62310,하락
2024-07-01,106190,하이텍팜,SELL,3439,17520,60251280,[리밸런싱] 긴급 매도 (점수 51.6 < 65.0),4945626,0.0909,75314,하락
2024-07-01,352480,씨앤씨인터내셔널,SELL,429,122700,52638300,[리밸런싱] 긴급 매도 (점수 44.0 < 65.0),-2553998,-0.0451,65798,하락
2024-07-01,017510,세명전기,BUY,6634,8900,59042600,"리밸런싱 매수 (1위, 64.1점)",0,0.0000,73803,하락
2024-07-01,004970,신라교역,BUY,4970,11880,59043600,"리밸런싱 매수 (2위, 63.5점)",0,0.0000,73804,하락
2024-07-01,241710,코스메카코리아,BUY,699,84400,58995600,"리밸런싱 매수 (3위, 63.3점)",0,0.0000,73744,하락
2024-07-01,005389,현대차3우B,BUY,326,181000,59006000,"리밸런싱 매수 (4위, 61.4점)",0,0.0000,73758,하락
2024-07-01,005380,현대차,BUY,202,292000,58984000,"리밸런싱 매수 (5위, 61.2점)",0,0.0000,73730,하락
2024-07-01,005387,현대차2우B,BUY,321,183600,58935600,"리밸런싱 매수 (6위, 60.6점)",0,0.0000,73670,하락
2024-07-01,005385,현대차우,BUY,324,182100,59000400,"리밸런싱 매수 (7위, 59.8점)",0,0.0000,73750,하락
2024-07-01,395400,SK리츠,BUY,12263,4815,59046345,"리밸런싱 매수 (8위, 57.1점)",0,0.0000,73808,하락
2024-07-01,003470,유안타증권,BUY,20118,2935,59046330,"리밸런싱 매수 (9위, 56.7점)",0,0.0000,73808,하락
2024-07-01,175330,JB금융지주,BUY,4052,14570,59037640,"리밸런싱 매수 (10위, 56.1점)",0,0.0000,73797,하락
2024-07-02,017510,세명전기,SELL,6634,7890,52342260,[리밸런싱] 긴급 매도 (점수 64.0 < 65.0),-6765768,-0.1135,65428,하락
2024-07-02,004970,신라교역,SELL,4970,11000,54670000,[리밸런싱] 긴급 매도 (점수 59.1 < 65.0),-4441938,-0.0741,68338,하락
2024-07-02,005389,현대차3우B,SELL,326,171200,55811200,[리밸런싱] 긴급 매도 (점수 61.8 < 65.0),-3264564,-0.0541,69764,하락
2024-07-02,005380,현대차,SELL,202,272500,55045000,[리밸런싱] 긴급 매도 (점수 59.3 < 65.0),-4007806,-0.0668,68806,하락
2024-07-02,005387,현대차2우B,SELL,321,177800,57073800,[리밸런싱] 긴급 매도 (점수 61.1 < 65.0),-1933142,-0.0316,71342,하락
2024-07-02,005385,현대차우,SELL,324,172800,55987200,[리밸런싱] 긴급 매도 (점수 60.1 < 65.0),-3083184,-0.0511,69984,하락
2024-07-02,395400,SK리츠,SELL,12263,4650,57022950,[리밸런싱] 긴급 매도 (점수 56.3 < 65.0),-2094674,-0.0343,71279,하락
2024-07-02,003470,유안타증권,SELL,20118,2890,58141020,[리밸런싱] 긴급 매도 (점수 57.0 < 65.0),-977986,-0.0153,72676,하락
2024-07-02,175330,JB금융지주,SELL,4052,14540,58916080,[리밸런싱] 긴급 매도 (점수 57.1 < 65.0),-195205,-0.0021,73645,하락
2024-07-02,017510,세명전기,BUY,6947,8060,55992820,"리밸런싱 매수 (2위, 64.0점)",0,0.0000,69991,하락
2024-07-02,005389,현대차3우B,BUY,320,174600,55872000,"리밸런싱 매수 (3위, 61.8점)",0,0.0000,69840,하락
2024-07-02,005387,현대차2우B,BUY,306,182800,55936800,"리밸런싱 매수 (4위, 61.1점)",0,0.0000,69921,하락
2024-07-02,005385,현대차우,BUY,317,176500,55950500,"리밸런싱 매수 (5위, 60.1점)",0,0.0000,69938,하락
2024-07-02,005380,현대차,BUY,197,283000,55751000,"리밸런싱 매수 (6위, 59.3점)",0,0.0000,69689,하락
2024-07-02,004970,신라교역,BUY,4786,11700,55996200,"리밸런싱 매수 (7위, 59.1점)",0,0.0000,69995,하락
2024-07-02,175330,JB금융지주,BUY,3937,14220,55984140,"리밸런싱 매수 (8위, 57.1점)",0,0.0000,69980,하락
2024-07-02,003470,유안타증권,BUY,19477,2875,55996375,"리밸런싱 매수 (9위, 57.0점)",0,0.0000,69995,하락
2024-07-02,395400,SK리츠,BUY,11901,4705,55994205,"리밸런싱 매수 (10위, 56.3점)",0,0.0000,69993,하락
2024-07-02,241710,코스메카코리아,SELL,699,77648,54275952,손절 실행 (-8.0%),-4787493,-0.0800,67845,하락
2024-07-03,017510,세명전기,SELL,6947,8170,56756990,[리밸런싱] 긴급 매도 (점수 64.1 < 65.0),693224,0.0136,70946,하락
2024-07-03,005389,현대차3우B,SELL,320,176400,56448000,[리밸런싱] 긴급 매도 (점수 63.0 < 65.0),505440,0.0103,70560,하락
2024-07-03,005387,현대차2우B,SELL,306,184000,56304000,[리밸런싱] 긴급 매도 (점수 62.6 < 65.0),296820,0.0066,70380,하락
2024-07-03,005385,현대차우,SELL,317,179000,56743000,[리밸런싱] 긴급 매도 (점수 61.8 < 65.0),721571,0.0142,70929,하락
2024-07-03,005380,현대차,SELL,197,276000,54372000,[리밸런싱] 긴급 매도 (점수 61.1 < 65.0),-1446965,-0.0247,67965,하락
2024-07-03,004970,신라교역,SELL,4786,11080,53028880,[리밸런싱] 긴급 매도 (점수 59.5 < 65.0),-3033606,-0.0530,66286,하락
2024-07-03,175330,JB금융지주,SELL,3937,14790,58228230,[리밸런싱] 긴급 매도 (점수 57.6 < 65.0),2171305,0.0401,72785,하락
2024-07-03,003470,유안타증권,SELL,19477,2900,56483300,[리밸런싱] 긴급 매도 (점수 56.7 < 65.0),416321,0.0087,70604,하락
2024-07-03,395400,SK리츠,SELL,11901,4730,56291730,[리밸런싱] 긴급 매도 (점수 57.1 < 65.0),227160,0.0053,70365,하락
2024-07-03,241710,코스메카코리아,BUY,710,78500,55735000,"리밸런싱 매수 (1위, 64.9점)",0,0.0000,69669,하락
2024-07-03,017510,세명전기,BUY,6566,8500,55811000,"리밸런싱 매수 (2위, 64.1점)",0,0.0000,69764,하락
2024-07-03,005389,현대차3우B,BUY,322,172900,55673800,"리밸런싱 매수 (3위, 63.0점)",0,0.0000,69592,하락
2024-07-03,005387,현대차2우B,BUY,313,177900,55682700,"리밸런싱 매수 (4위, 62.6점)",0,0.0000,69603,하락
2024-07-03,005385,현대차우,BUY,320,174200,55744000,"리밸런싱 매수 (5위, 61.8점)",0,0.0000,69680,하락
2024-07-03,005380,현대차,BUY,202,275000,55550000,"리밸런싱 매수 (6위, 61.1점)",0,0.0000,69438,하락
2024-07-03,004970,신라교역,BUY,5050,11050,55802500,"리밸런싱 매수 (7위, 59.5점)",0,0.0000,69753,하락
2024-07-03,055550,신한지주,BUY,1125,49600,55800000,"리밸런싱 매수 (8위, 58.6점)",0,0.0000,69750,하락
2024-07-03,175330,JB금융지주,BUY,3796,14700,55801200,"리밸런싱 매수 (9위, 57.6점)",0,0.0000,69752,하락
2024-07-03,395400,SK리츠,BUY,11938,4675,55810150,"리밸런싱 매수 (10위, 57.1점)",0,0.0000,69763,하락
2024-07-04,017510,세명전기,SELL,6566,8140,53447240,[리밸런싱] 긴급 매도 (점수 63.5 < 65.0),-2430569,-0.0424,66809,하락
2024-07-04,005389,현대차3우B,SELL,322,176500,56833000,[리밸런싱] 긴급 매도 (점수 61.7 < 65.0),1088159,0.0208,71041,하락
2024-07-04,005387,현대차2우B,SELL,313,184100,57623300,[리밸런싱] 긴급 매도 (점수 61.1 < 65.0),1868571,0.0349,72029,하락
2024-07-04,005385,현대차우,SELL,320,178500,57120000,[리밸런싱] 긴급 매도 (점수 60.2 < 65.0),1304600,0.0247,71400,하락
2024-07-04,005380,현대차,SELL,202,277500,56055000,[리밸런싱] 긴급 매도 (점수 60.0 < 65.0),434931,0.0091,70069,하락
2024-07-04,004970,신라교역,SELL,5050,10820,54641000,[리밸런싱] 긴급 매도 (점수 57.8 < 65.0),-1229801,-0.0208,68301,하락
2024-07-04,055550,신한지주,SELL,1125,52500,59062500,[리밸런싱] 긴급 매도 (점수 59.0 < 65.0),3188672,0.0585,73828,하락
2024-07-04,175330,JB금융지주,SELL,3796,15190,57661240,[리밸런싱] 긴급 매도 (점수 58.8 < 65.0),1787963,0.0333,72077,하락
2024-07-04,395400,SK리츠,SELL,11938,4820,57541160,[리밸런싱] 긴급 매도 (점수 57.8 < 65.0),1659084,0.0310,71926,하락
2024-07-04,017510,세명전기,BUY,7065,8010,56590650,"리밸런싱 매수 (2위, 63.5점)",0,0.0000,70738,하락
2024-07-04,005389,현대차3우B,BUY,318,177700,56508600,"리밸런싱 매수 (3위, 61.7점)",0,0.0000,70636,하락
2024-07-04,005387,현대차2우B,BUY,305,185100,56455500,"리밸런싱 매수 (4위, 61.1점)",0,0.0000,70569,하락
2024-07-04,005385,현대차우,BUY,314,180000,56520000,"리밸런싱 매수 (5위, 60.2점)",0,0.0000,70650,하락
2024-07-04,005380,현대차,BUY,203,277500,56332500,"리밸런싱 매수 (6위, 60.0점)",0,0.0000,70416,하락
2024-07-04,055550,신한지주,BUY,1107,51100,56567700,"리밸런싱 매수 (7위, 59.0점)",0,0.0000,70710,하락
2024-07-04,175330,JB금융지주,BUY,3811,14850,56593350,"리밸런싱 매수 (8위, 58.8점)",0,0.0000,70742,하락
2024-07-04,003470,유안타증권,BUY,19414,2915,56591810,"리밸런싱 매수 (9위, 57.9점)",0,0.0000,70740,하락
2024-07-04,395400,SK리츠,BUY,11765,4810,56589650,"리밸런싱 매수 (10위, 57.8점)",0,0.0000,70737,하락
2024-07-05,017510,세명전기,SELL,7065,8500,60052500,[리밸런싱] 긴급 매도 (점수 63.4 < 65.0),3386784,0.0612,75066,하락
2024-07-05,005389,현대차3우B,SELL,318,175000,55650000,[리밸런싱] 긴급 매도 (점수 62.0 < 65.0),-928162,-0.0152,69562,하락
2024-07-05,005387,현대차2우B,SELL,305,180300,54991500,[리밸런싱] 긴급 매도 (점수 60.9 < 65.0),-1532739,-0.0259,68739,하락
2024-07-05,005385,현대차우,SELL,314,177800,55829200,[리밸런싱] 긴급 매도 (점수 60.6 < 65.0),-760586,-0.0122,69786,하락
2024-07-05,005380,현대차,SELL,203,281000,57043000,[리밸런싱] 긴급 매도 (점수 60.5 < 65.0),639196,0.0126,71304,하락
2024-07-05,055550,신한지주,SELL,1107,53500,59224500,[리밸런싱] 긴급 매도 (점수 59.7 < 65.0),2582769,0.0470,74031,하락
2024-07-05,175330,JB금융지주,SELL,3811,15860,60442460,[리밸런싱] 긴급 매도 (점수 60.9 < 65.0),3773557,0.0680,75553,하락
2024-07-05,003470,유안타증권,SELL,19414,2950,57271300,[리밸런싱] 긴급 매도 (점수 57.7 < 65.0),607901,0.0120,71589,하락
2024-07-05,395400,SK리츠,SELL,11765,4785,56295525,[리밸런싱] 긴급 매도 (점수 57.6 < 65.0),-364494,-0.0052,70369,하락
2024-07-05,017510,세명전기,BUY,7123,8050,57340150,"리밸런싱 매수 (2위, 63.4점)",0,0.0000,71675,하락
2024-07-05,005389,현대차3우B,BUY,323,177300,57267900,"리밸런싱 매수 (3위, 62.0점)",0,0.0000,71585,하락
2024-07-05,175330,JB금융지주,BUY,3750,15290,57337500,"리밸런싱 매수 (4위, 60.9점)",0,0.0000,71672,하락
2024-07-05,005387,현대차2우B,BUY,311,184100,57255100,"리밸런싱 매수 (5위, 60.9점)",0,0.0000,71569,하락
2024-07-05,005385,현대차우,BUY,320,179100,57312000,"리밸런싱 매수 (6위, 60.6점)",0,0.0000,71640,하락
2024-07-05,005380,현대차,BUY,206,277500,57165000,"리밸런싱 매수 (7위, 60.5점)",0,0.0000,71456,하락
2024-07-05,055550,신한지주,BUY,1073,53400,57298200,"리밸런싱 매수 (8위, 59.7점)",0,0.0000,71623,하락
2024-07-05,004970,신라교역,BUY,5314,10790,57338060,"리밸런싱 매수 (9위, 57.9점)",0,0.0000,71673,하락
2024-07-05,003470,유안타증권,BUY,19115,3000,57345000,"리밸런싱 매수 (10위, 57.7점)",0,0.0000,71681,하락
2024-07-08,017510,세명전기,SELL,7123,8610,61329030,[리밸런싱] 긴급 매도 (점수 63.3 < 65.0),3912219,0.0696,76661,하락
2024-07-08,005389,현대차3우B,SELL,323,175000,56525000,[리밸런싱] 긴급 매도 (점수 61.1 < 65.0),-813556,-0.0130,70656,하락
2024-07-08,175330,JB금융지주,SELL,3750,15260,57225000,[리밸런싱] 긴급 매도 (점수 58.6 < 65.0),-184031,-0.0020,71531,하락
2024-07-08,005387,현대차2우B,SELL,311,182200,56664200,[리밸런싱] 긴급 매도 (점수 60.3 < 65.0),-661730,-0.0103,70830,하락
2024-07-08,005385,현대차우,SELL,320,177100,56672000,[리밸런싱] 긴급 매도 (점수 59.7 < 65.0),-710840,-0.0112,70840,하락
2024-07-08,005380,현대차,SELL,206,283000,58298000,[리밸런싱] 긴급 매도 (점수 59.7 < 65.0),1060128,0.0198,72872,하락
2024-07-08,055550,신한지주,SELL,1073,52000,55796000,[리밸런싱] 긴급 매도 (점수 58.4 < 65.0),-1571945,-0.0262,69745,하락
2024-07-08,004970,신라교역,SELL,5314,11450,60845300,[리밸런싱] 긴급 매도 (점수 60.4 < 65.0),3431183,0.0612,76057,하락
2024-07-08,003470,유안타증권,SELL,19115,2960,56580400,[리밸런싱] 긴급 매도 (점수 58.1 < 65.0),-835326,-0.0133,70726,하락
2024-07-08,017510,세명전기,BUY,6924,8330,57676920,"리밸런싱 매수 (2위, 63.3점)",0,0.0000,72096,하락
2024-07-08,005389,현대차3우B,BUY,329,175200,57640800,"리밸런싱 매수 (3위, 61.1점)",0,0.0000,72051,하락
2024-07-08,004970,신라교역,BUY,5248,10990,57675520,"리밸런싱 매수 (4위, 60.4점)",0,0.0000,72094,하락
2024-07-08,005387,현대차2우B,BUY,319,180700,57643300,"리밸런싱 매수 (5위, 60.3점)",0,0.0000,72054,하락
2024-07-08,005380,현대차,BUY,204,282000,57528000,"리밸런싱 매수 (6위, 59.7점)",0,0.0000,71910,하락
2024-07-08,005385,현대차우,BUY,322,178700,57541400,"리밸런싱 매수 (7위, 59.7점)",0,0.0000,71927,하락
2024-07-08,175330,JB금융지주,BUY,3671,15710,57671410,"리밸런싱 매수 (8위, 58.6점)",0,0.0000,72089,하락
2024-07-08,055550,신한지주,BUY,1088,53000,57664000,"리밸런싱 매수 (9위, 58.4점)",0,0.0000,72080,하락
2024-07-08,003470,유안타증권,BUY,19718,2925,57675150,"리밸런싱 매수 (10위, 58.1점)",0,0.0000,72094,하락
2024-07-09,017510,세명전기,SELL,6924,8510,58923240,[리밸런싱] 긴급 매도 (점수 63.4 < 65.0),1172666,0.0216,73654,횡보
2024-07-09,005389,현대차3우B,SELL,329,169500,55765500,[리밸런싱] 긴급 매도 (점수 60.3 < 65.0),-1945007,-0.0325,69707,횡보
2024-07-09,004970,신라교역,SELL,5248,11180,58672640,[리밸런싱] 긴급 매도 (점수 59.0 < 65.0),923779,0.0173,73341,횡보
2024-07-09,005387,현대차2우B,SELL,319,174900,55793100,[리밸런싱] 긴급 매도 (점수 59.6 < 65.0),-1919941,-0.0321,69741,횡보
2024-07-09,005380,현대차,SELL,204,274500,55998000,[리밸런싱] 긴급 매도 (점수 58.5 < 65.0),-1599998,-0.0266,69998,횡보
2024-07-09,005385,현대차우,SELL,322,171400,55190800,[리밸런싱] 긴급 매도 (점수 59.3 < 65.0),-2419588,-0.0409,68988,횡보
2024-07-09,175330,JB금융지주,SELL,3671,14640,53743440,[리밸런싱] 긴급 매도 (점수 56.7 < 65.0),-3995149,-0.0681,67179,횡보
2024-07-09,055550,신한지주,SELL,1088,51500,56032000,[리밸런싱] 긴급 매도 (점수 58.5 < 65.0),-1702040,-0.0283,70040,횡보
2024-07-09,003470,유안타증권,SELL,19718,2960,58365280,[리밸런싱] 긴급 매도 (점수 57.7 < 65.0),617173,0.0120,72957,횡보
2024-07-09,017510,세명전기,BUY,6690,8430,56396700,"리밸런싱 매수 (2위, 63.4점)",0,0.0000,70496,횡보
2024-07-09,005389,현대차3우B,BUY,322,175000,56350000,"리밸런싱 매수 (3위, 60.3점)",0,0.0000,70438,횡보
2024-07-09,005387,현대차2우B,BUY,309,182200,56299800,"리밸런싱 매수 (4위, 59.6점)",0,0.0000,70375,횡보
2024-07-09,005385,현대차우,BUY,318,177200,56349600,"리밸런싱 매수 (5위, 59.3점)",0,0.0000,70437,횡보
2024-07-09,004970,신라교역,BUY,4904,11500,56396000,"리밸런싱 매수 (6위, 59.0점)",0,0.0000,70495,횡보
2024-07-09,055550,신한지주,BUY,1095,51500,56392500,"리밸런싱 매수 (7위, 58.5점)",0,0.0000,70491,횡보
2024-07-09,005380,현대차,BUY,198,284000,56232000,"리밸런싱 매수 (8위, 58.5점)",0,0.0000,70290,횡보
2024-07-09,395400,SK리츠,BUY,11873,4750,56396750,"리밸런싱 매수 (9위, 57.8점)",0,0.0000,70496,횡보
2024-07-09,003470,유안타증권,BUY,18989,2970,56397330,"리밸런싱 매수 (10위, 57.7점)",0,0.0000,70497,횡보
2024-07-10,017510,세명전기,SELL,6690,8780,58738200,[리밸런싱] 긴급 매도 (점수 63.3 < 65.0),2268077,0.0415,73423,횡보
2024-07-10,005389,현대차3우B,SELL,322,168800,54353600,[리밸런싱] 긴급 매도 (점수 59.7 < 65.0),-2064342,-0.0354,67942,횡보
2024-07-10,005387,현대차2우B,SELL,309,175800,54322200,[리밸런싱] 긴급 매도 (점수 58.8 < 65.0),-2045503,-0.0351,67903,횡보
2024-07-10,005385,현대차우,SELL,318,170000,54060000,[리밸런싱] 긴급 매도 (점수 58.5 < 65.0),-2357175,-0.0406,67575,횡보
2024-07-10,004970,신라교역,SELL,4904,11010,53993040,[리밸런싱] 긴급 매도 (점수 58.2 < 65.0),-2470451,-0.0426,67491,횡보
2024-07-10,055550,신한지주,SELL,1095,51000,55845000,[리밸런싱] 긴급 매도 (점수 59.0 < 65.0),-617306,-0.0097,69806,횡보
2024-07-10,005380,현대차,SELL,198,274500,54351000,[리밸런싱] 긴급 매도 (점수 57.1 < 65.0),-1948939,-0.0335,67939,횡보
2024-07-10,395400,SK리츠,SELL,11873,4775,56693575,[리밸런싱] 긴급 매도 (점수 58.7 < 65.0),225958,0.0053,70867,횡보
2024-07-10,003470,유안타증권,SELL,18989,2960,56207440,[리밸런싱] 긴급 매도 (점수 58.5 < 65.0),-260149,-0.0034,70259,횡보
2024-07-10,017510,세명전기,BUY,6370,8680,55291600,"리밸런싱 매수 (2위, 63.3점)",0,0.0000,69114,횡보
2024-07-10,005389,현대차3우B,BUY,325,169900,55217500,"리밸런싱 매수 (3위, 59.7점)",0,0.0000,69022,횡보
2024-07-10,055550,신한지주,BUY,1084,51000,55284000,"리밸런싱 매수 (4위, 59.0점)",0,0.0000,69105,횡보
2024-07-10,005387,현대차2우B,BUY,316,174900,55268400,"리밸런싱 매수 (5위, 58.8점)",0,0.0000,69086,횡보
2024-07-10,395400,SK리츠,BUY,11617,4760,55296920,"리밸런싱 매수 (6위, 58.7점)",0,0.0000,69121,횡보
2024-07-10,005385,현대차우,BUY,322,171600,55255200,"리밸런싱 매수 (7위, 58.5점)",0,0.0000,69069,횡보
2024-07-10,003470,유안타증권,BUY,18494,2990,55297060,"리밸런싱 매수 (8위, 58.5점)",0,0.0000,69121,횡보
2024-07-10,004970,신라교역,BUY,4919,11240,55289560,"리밸런싱 매수 (9위, 58.2점)",0,0.0000,69112,횡보
2024-07-10,175330,JB금융지주,BUY,3803,14540,55295620,"리밸런싱 매수 (10위, 57.7점)",0,0.0000,69120,횡보
2024-07-11,017510,세명전기,SELL,6370,8890,56629300,[리밸런싱] 긴급 매도 (점수 63.4 < 65.0),1266913,0.0242,70787,횡보
2024-07-11,005389,현대차3우B,SELL,325,168500,54762500,[리밸런싱] 긴급 매도 (점수 59.9 < 65.0),-523453,-0.0082,68453,횡보
2024-07-11,055550,신한지주,SELL,1084,52000,56368000,[리밸런싱] 긴급 매도 (점수 60.9 < 65.0),1013540,0.0196,70460,횡보
2024-07-11,005387,현대차2우B,SELL,316,173700,54889200,[리밸런싱] 긴급 매도 (점수 58.7 < 65.0),-447812,-0.0069,68612,횡보
2024-07-11,395400,SK리츠,SELL,11617,4820,55993940,[리밸런싱] 긴급 매도 (점수 58.7 < 65.0),627028,0.0126,69992,횡보
2024-07-11,005385,현대차우,SELL,322,169500,54579000,[리밸런싱] 긴급 매도 (점수 58.8 < 65.0),-744424,-0.0122,68224,횡보
2024-07-11,003470,유안타증권,SELL,18494,3055,56499170,[리밸런싱] 긴급 매도 (점수 60.0 < 65.0),1131486,0.0217,70624,횡보
2024-07-11,004970,신라교역,SELL,4919,10960,53912240,[리밸런싱] 긴급 매도 (점수 58.0 < 65.0),-1444710,-0.0249,67390,횡보
2024-07-11,175330,JB금융지주,SELL,3803,14510,55181530,[리밸런싱] 긴급 매도 (점수 58.0 < 65.0),-183067,-0.0021,68977,횡보
2024-07-11,017510,세명전기,BUY,6207,8910,55304370,"리밸런싱 매수 (2위, 63.4점)",0,0.0000,69130,횡보
2024-07-11,055550,신한지주,BUY,1071,51600,55263600,"리밸런싱 매수 (3위, 60.9점)",0,0.0000,69080,횡보
2024-07-11,003470,유안타증권,BUY,18559,2980,55305820,"리밸런싱 매수 (4위, 60.0점)",0,0.0000,69132,횡보
2024-07-11,005389,현대차3우B,BUY,326,169300,55191800,"리밸런싱 매수 (5위, 59.9점)",0,0.0000,68990,횡보
2024-07-11,005385,현대차우,BUY,323,171100,55265300,"리밸런싱 매수 (6위, 58.8점)",0,0.0000,69082,횡보
2024-07-11,005387,현대차2우B,BUY,314,175700,55169800,"리밸런싱 매수 (7위, 58.7점)",0,0.0000,68962,횡보
2024-07-11,395400,SK리츠,BUY,11558,4785,55305030,"리밸런싱 매수 (8위, 58.7점)",0,0.0000,69131,횡보
2024-07-11,005380,현대차,BUY,199,277000,55123000,"리밸런싱 매수 (9위, 58.4점)",0,0.0000,68904,횡보
2024-07-11,004970,신라교역,BUY,5027,11000,55297000,"리밸런싱 매수 (10위, 58.0점)",0,0.0000,69121,횡보
2024-07-12,017510,세명전기,SELL,6207,8470,52573290,[리밸런싱] 긴급 매도 (점수 63.4 < 65.0),-2796797,-0.0494,65717,횡보
2024-07-12,055550,신한지주,SELL,1071,52400,56120400,[리밸런싱] 긴급 매도 (점수 61.1 < 65.0),786650,0.0155,70150,횡보
2024-07-12,003470,유안타증권,SELL,18559,3050,56604950,[리밸런싱] 긴급 매도 (점수 60.2 < 65.0),1228374,0.0235,70756,횡보
2024-07-12,005389,현대차3우B,SELL,326,165700,54018200,[리밸런싱] 긴급 매도 (점수 58.8 < 65.0),-1241123,-0.0213,67523,횡보
2024-07-12,005385,현대차우,SELL,323,167000,53941000,[리밸런싱] 긴급 매도 (점수 57.9 < 65.0),-1391726,-0.0240,67426,횡보
2024-07-12,005387,현대차2우B,SELL,314,171700,53913800,[리밸런싱] 긴급 매도 (점수 57.9 < 65.0),-1323392,-0.0228,67392,횡보
2024-07-12,395400,SK리츠,SELL,11558,4840,55940720,[리밸런싱] 긴급 매도 (점수 59.6 < 65.0),565764,0.0115,69926,횡보
2024-07-12,005380,현대차,SELL,199,271500,54028500,[리밸런싱] 긴급 매도 (점수 56.6 < 65.0),-1162036,-0.0199,67536,횡보
2024-07-12,004970,신라교역,SELL,5027,10990,55246730,[리밸런싱] 팩터 데이터 없음,-119328,-0.0009,69058,횡보
2024-07-12,017510,세명전기,BUY,5774,9460,54622040,"리밸런싱 매수 (2위, 63.4점)",0,0.0000,68278,횡보
2024-07-12,055550,신한지주,BUY,1048,52100,54600800,"리밸런싱 매수 (3위, 61.1점)",0,0.0000,68251,횡보
2024-07-12,003470,유안타증권,BUY,17941,3045,54630345,"리밸런싱 매수 (4위, 60.2점)",0,0.0000,68288,횡보
2024-07-12,395400,SK리츠,BUY,11334,4820,54629880,"리밸런싱 매수 (5위, 59.6점)",0,0.0000,68287,횡보
2024-07-12,005389,현대차3우B,BUY,324,168100,54464400,"리밸런싱 매수 (6위, 58.8점)",0,0.0000,68080,횡보
2024-07-12,175330,JB금융지주,BUY,3741,14600,54618600,"리밸런싱 매수 (7위, 58.1점)",0,0.0000,68273,횡보
2024-07-12,005385,현대차우,BUY,323,169100,54619300,"리밸런싱 매수 (8위, 57.9점)",0,0.0000,68274,횡보
2024-07-12,005387,현대차2우B,BUY,315,173000,54495000,"리밸런싱 매수 (9위, 57.9점)",0,0.0000,68119,횡보
2024-07-12,005380,현대차,BUY,196,277500,54390000,"리밸런싱 매수 (10위, 56.6점)",0,0.0000,67988,횡보
2024-07-15,017510,세명전기,SELL,5774,8190,47289060,[리밸런싱] 긴급 매도 (점수 63.8 < 65.0),-7392091,-0.1342,59111,횡보
2024-07-15,055550,신한지주,SELL,1048,51800,54286400,[리밸런싱] 긴급 매도 (점수 61.6 < 65.0),-382258,-0.0058,67858,횡보
2024-07-15,003470,유안타증권,SELL,17941,3050,54720050,[리밸런싱] 긴급 매도 (점수 60.1 < 65.0),21305,0.0016,68400,횡보
2024-07-15,395400,SK리츠,SELL,11334,4920,55763280,[리밸런싱] 긴급 매도 (점수 61.2 < 65.0),1063696,0.0207,69704,횡보
2024-07-15,005389,현대차3우B,SELL,324,165800,53719200,[리밸런싱] 긴급 매도 (점수 58.9 < 65.0),-812349,-0.0137,67149,횡보
2024-07-15,175330,JB금융지주,SELL,3741,14290,53458890,[리밸런싱] 긴급 매도 (점수 57.0 < 65.0),-1226534,-0.0212,66824,횡보
2024-07-15,005385,현대차우,SELL,323,166800,53876400,[리밸런싱] 긴급 매도 (점수 58.3 < 65.0),-810246,-0.0136,67346,횡보
2024-07-15,005387,현대차2우B,SELL,315,172000,54180000,[리밸런싱] 긴급 매도 (점수 58.5 < 65.0),-382725,-0.0058,67725,횡보
2024-07-15,005380,현대차,SELL,196,268500,52626000,[리밸런싱] 긴급 매도 (점수 55.8 < 65.0),-1829782,-0.0324,65782,횡보
2024-07-15,017510,세명전기,BUY,6332,8410,53252120,"리밸런싱 매수 (2위, 63.8점)",0,0.0000,66565,횡보
2024-07-15,055550,신한지주,BUY,1012,52600,53231200,"리밸런싱 매수 (3위, 61.6점)",0,0.0000,66539,횡보
2024-07-15,395400,SK리츠,BUY,11003,4840,53254520,"리밸런싱 매수 (4위, 61.2점)",0,0.0000,66568,횡보
2024-07-15,003470,유안타증권,BUY,17375,3065,53254375,"리밸런싱 매수 (5위, 60.1점)",0,0.0000,66568,횡보
2024-07-15,005389,현대차3우B,BUY,319,166800,53209200,"리밸런싱 매수 (6위, 58.9점)",0,0.0000,66512,횡보
2024-07-15,005387,현대차2우B,BUY,309,172000,53148000,"리밸런싱 매수 (7위, 58.5점)",0,0.0000,66435,횡보
2024-07-15,005385,현대차우,BUY,317,167800,53192600,"리밸런싱 매수 (8위, 58.3점)",0,0.0000,66491,횡보
2024-07-15,105840,우진,BUY,5331,9990,53256690,"리밸런싱 매수 (9위, 57.7점)",0,0.0000,66571,횡보
2024-07-15,175330,JB금융지주,BUY,3647,14600,53246200,"리밸런싱 매수 (10위, 57.0점)",0,0.0000,66558,횡보
2024-07-16,017510,세명전기,SELL,6332,8070,51099240,[리밸런싱] 긴급 매도 (점수 63.7 < 65.0),-2216754,-0.0404,63874,상승
2024-07-16,055550,신한지주,SELL,1012,52600,53231200,[리밸런싱] 긴급 매도 (점수 62.8 < 65.0),-66539,0.0000,66539,상승
2024-07-16,395400,SK리츠,SELL,11003,4970,54684910,[리밸런싱] 긴급 매도 (점수 61.9 < 65.0),1362034,0.0269,68356,상승
2024-07-16,003470,유안타증권,SELL,17375,3080,53515000,[리밸런싱] 긴급 매도 (점수 60.2 < 65.0),193731,0.0049,66894,상승
2024-07-16,005389,현대차3우B,SELL,319,166800,53209200,[리밸런싱] 긴급 매도 (점수 59.5 < 65.0),-66512,0.0000,66512,상승
2024-07-16,005387,현대차2우B,SELL,309,173600,53642400,[리밸런싱] 긴급 매도 (점수 59.3 < 65.0),427347,0.0093,67053,상승
2024-07-16,005385,현대차우,SELL,317,167900,53224300,[리밸런싱] 긴급 매도 (점수 58.8 < 65.0),-34830,0.0006,66530,상승
2024-07-16,105840,우진,SELL,5331,9620,51284220,[리밸런싱] 긴급 매도 (점수 52.8 < 65.0),-2036575,-0.0370,64105,상승
2024-07-16,175330,JB금융지주,SELL,3647,14470,52772090,[리밸런싱] 긴급 매도 (점수 57.9 < 65.0),-540075,-0.0089,65965,상승
2024-07-16,017510,세명전기,BUY,6469,8170,52851730,"리밸런싱 매수 (2위, 63.7점)",0,0.0000,66065,상승
2024-07-16,055550,신한지주,BUY,1012,52200,52826400,"리밸런싱 매수 (3위, 62.8점)",0,0.0000,66033,상승
2024-07-16,395400,SK리츠,BUY,10711,4935,52858785,"리밸런싱 매수 (4위, 61.9점)",0,0.0000,66073,상승
2024-07-16,003470,유안타증권,BUY,17359,3045,52858155,"리밸런싱 매수 (5위, 60.2점)",0,0.0000,66073,상승
2024-07-16,005389,현대차3우B,BUY,316,166900,52740400,"리밸런싱 매수 (6위, 59.5점)",0,0.0000,65926,상승
2024-07-16,005387,현대차2우B,BUY,307,172100,52834700,"리밸런싱 매수 (7위, 59.3점)",0,0.0000,66043,상승
2024-07-16,005385,현대차우,BUY,314,167900,52720600,"리밸런싱 매수 (8위, 58.8점)",0,0.0000,65901,상승
2024-07-16,005380,현대차,BUY,195,270500,52747500,"리밸런싱 매수 (9위, 58.2점)",0,0.0000,65934,상승
2024-07-16,175330,JB금융지주,BUY,3699,14290,52858710,"리밸런싱 매수 (10위, 57.9점)",0,0.0000,66073,상승
2024-07-17,017510,세명전기,SELL,6469,7620,49293780,[리밸런싱] 긴급 매도 (점수 62.8 < 65.0),-3619567,-0.0673,61617,횡보
2024-07-17,055550,신한지주,SELL,1012,53800,54445600,[리밸런싱] 긴급 매도 (점수 61.8 < 65.0),1551143,0.0307,68057,횡보
2024-07-17,395400,SK리츠,SELL,10711,4945,52965895,[리밸런싱] 긴급 매도 (점수 61.4 < 65.0),40903,0.0020,66207,횡보
2024-07-17,003470,유안타증권,SELL,17359,3045,52858155,[리밸런싱] 긴급 매도 (점수 58.8 < 65.0),-66073,0.0000,66073,횡보
2024-07-17,005389,현대차3우B,SELL,316,165400,52266400,[리밸런싱] 긴급 매도 (점수 59.4 < 65.0),-539333,-0.0090,65333,횡보
2024-07-17,005387,현대차2우B,SELL,307,171900,52773300,[리밸런싱] 긴급 매도 (점수 59.2 < 65.0),-127367,-0.0012,65967,횡보
2024-07-17,005385,현대차우,SELL,314,166500,52281000,[리밸런싱] 긴급 매도 (점수 58.6 < 65.0),-504951,-0.0083,65351,횡보
2024-07-17,005380,현대차,SELL,195,268500,52357500,[리밸런싱] 긴급 매도 (점수 57.6 < 65.0),-455447,-0.0074,65447,횡보
2024-07-17,175330,JB금융지주,SELL,3699,14460,53487540,[리밸런싱] 긴급 매도 (점수 57.4 < 65.0),561971,0.0119,66859,횡보
2024-07-17,017510,세명전기,BUY,6579,7970,52434630,"리밸런싱 매수 (2위, 62.8점)",0,0.0000,65543,횡보
2024-07-17,055550,신한지주,BUY,997,52600,52442200,"리밸런싱 매수 (3위, 61.8점)",0,0.0000,65553,횡보
2024-07-17,395400,SK리츠,BUY,10530,4980,52439400,"리밸런싱 매수 (4위, 61.4점)",0,0.0000,65549,횡보
2024-07-17,005389,현대차3우B,BUY,313,167200,52333600,"리밸런싱 매수 (5위, 59.4점)",0,0.0000,65417,횡보
2024-07-17,005387,현대차2우B,BUY,300,174400,52320000,"리밸런싱 매수 (6위, 59.2점)",0,0.0000,65400,횡보
2024-07-17,003470,유안타증권,BUY,16999,3085,52441915,"리밸런싱 매수 (7위, 58.8점)",0,0.0000,65552,횡보
2024-07-17,005385,현대차우,BUY,312,168000,52416000,"리밸런싱 매수 (8위, 58.6점)",0,0.0000,65520,횡보
2024-07-17,005380,현대차,BUY,190,275500,52345000,"리밸런싱 매수 (9위, 57.6점)",0,0.0000,65431,횡보
2024-07-17,175330,JB금융지주,BUY,3579,14650,52432350,"리밸런싱 매수 (10위, 57.4점)",0,0.0000,65540,횡보
2024-07-18,017510,세명전기,SELL,6579,7240,47631960,[리밸런싱] 긴급 매도 (점수 63.0 < 65.0),-4862210,-0.0916,59540,하락
2024-07-18,055550,신한지주,SELL,997,54300,54137100,[리밸런싱] 긴급 매도 (점수 62.2 < 65.0),1627229,0.0323,67671,하락
2024-07-18,395400,SK리츠,SELL,10530,4995,52597350,[리밸런싱] 긴급 매도 (점수 61.9 < 65.0),92203,0.0030,65747,하락
2024-07-18,005389,현대차3우B,SELL,313,162100,50737300,[리밸런싱] 긴급 매도 (점수 58.5 < 65.0),-1659722,-0.0305,63422,하락
2024-07-18,005387,현대차2우B,SELL,300,166700,50010000,[리밸런싱] 긴급 매도 (점수 57.2 < 65.0),-2372512,-0.0442,62512,하락
2024-07-18,003470,유안타증권,SELL,16999,2990,50827010,[리밸런싱] 팩터 데이터 없음,-1678439,-0.0308,63534,하락
2024-07-18,005385,현대차우,SELL,312,163600,51043200,[리밸런싱] 긴급 매도 (점수 57.8 < 65.0),-1436604,-0.0262,63804,하락
2024-07-18,005380,현대차,SELL,190,260500,49495000,[리밸런싱] 긴급 매도 (점수 55.6 < 65.0),-2911869,-0.0544,61869,하락
2024-07-18,175330,JB금융지주,SELL,3579,14810,53004990,[리밸런싱] 긴급 매도 (점수 58.5 < 65.0),506384,0.0109,66256,하락
2024-07-18,017510,세명전기,BUY,6850,7440,50964000,"리밸런싱 매수 (2위, 63.0점)",0,0.0000,63705,하락
2024-07-18,055550,신한지주,BUY,970,52500,50925000,"리밸런싱 매수 (3위, 62.2점)",0,0.0000,63656,하락
2024-07-18,395400,SK리츠,BUY,10327,4935,50963745,"리밸런싱 매수 (4위, 61.9점)",0,0.0000,63705,하락
2024-07-18,175330,JB금융지주,BUY,3490,14600,50954000,"리밸런싱 매수 (5위, 58.5점)",0,0.0000,63692,하락
2024-07-18,005389,현대차3우B,BUY,311,163500,50848500,"리밸런싱 매수 (6위, 58.5점)",0,0.0000,63561,하락
2024-07-18,005385,현대차우,BUY,309,164700,50892300,"리밸런싱 매수 (7위, 57.8점)",0,0.0000,63615,하락
2024-07-18,330590,롯데리츠,BUY,14603,3490,50964470,"리밸런싱 매수 (8위, 57.8점)",0,0.0000,63706,하락
2024-07-18,005387,현대차2우B,BUY,301,169300,50959300,"리밸런싱 매수 (9위, 57.2점)",0,0.0000,63699,하락
2024-07-18,300720,한일시멘트,BUY,3544,14380,50962720,"리밸런싱 매수 (10위, 56.6점)",0,0.0000,63703,하락
2024-07-19,017510,세명전기,SELL,6850,6990,47881500,[리밸런싱] 긴급 매도 (점수 61.7 < 65.0),-3142352,-0.0605,59852,하락
2024-07-19,055550,신한지주,SELL,970,53400,51798000,[리밸런싱] 긴급 매도 (점수 59.4 < 65.0),808252,0.0171,64748,하락
2024-07-19,395400,SK리츠,SELL,10327,4990,51531730,[리밸런싱] 긴급 매도 (점수 61.0 < 65.0),503570,0.0111,64415,하락
2024-07-19,175330,JB금융지주,SELL,3490,14680,51233200,[리밸런싱] 긴급 매도 (점수 56.7 < 65.0),215158,0.0055,64042,하락
2024-07-19,005389,현대차3우B,SELL,311,164300,51097300,[리밸런싱] 긴급 매도 (점수 58.2 < 65.0),184928,0.0049,63872,하락
2024-07-19,005385,현대차우,SELL,309,166300,51386700,[리밸런싱] 긴급 매도 (점수 57.7 < 65.0),430167,0.0097,64233,하락
2024-07-19,330590,롯데리츠,SELL,14603,3565,52059695,[리밸런싱] 긴급 매도 (점수 57.6 < 65.0),1030150,0.0215,65075,하락
2024-07-19,005387,현대차2우B,SELL,301,168500,50718500,[리밸런싱] 긴급 매도 (점수 56.7 < 65.0),-304198,-0.0047,63398,하락
2024-07-19,300720,한일시멘트,SELL,3544,14180,50253920,[리밸런싱] 긴급 매도 (점수 55.6 < 65.0),-771617,-0.0139,62817,하락
2024-07-19,017510,세명전기,BUY,7093,7160,50785880,"리밸런싱 매수 (2위, 61.7점)",0,0.0000,63482,하락
2024-07-19,395400,SK리츠,BUY,10137,5010,50786370,"리밸런싱 매수 (3위, 61.0점)",0,0.0000,63483,하락
2024-07-19,055550,신한지주,BUY,952,53300,50741600,"리밸런싱 매수 (4위, 59.4점)",0,0.0000,63427,하락
2024-07-19,005389,현대차3우B,BUY,314,161300,50648200,"리밸런싱 매수 (5위, 58.2점)",0,0.0000,63310,하락
2024-07-19,005385,현대차우,BUY,311,163000,50693000,"리밸런싱 매수 (6위, 57.7점)",0,0.0000,63366,하락
2024-07-19,330590,롯데리츠,BUY,14469,3510,50786190,"리밸런싱 매수 (7위, 57.6점)",0,0.0000,63483,하락
2024-07-19,001750,한양증권,BUY,3297,15400,50773800,"리밸런싱 매수 (8위, 56.7점)",0,0.0000,63467,하락
2024-07-19,005387,현대차2우B,BUY,305,166400,50752000,"리밸런싱 매수 (9위, 56.7점)",0,0.0000,63440,하락
2024-07-19,175330,JB금융지주,BUY,3490,14550,50779500,"리밸런싱 매수 (10위, 56.7점)",0,0.0000,63474,하락
2024-07-22,017510,세명전기,SELL,7093,6840,48516120,[리밸런싱] 긴급 매도 (점수 60.7 < 65.0),-2330405,-0.0447,60645,하락
2024-07-22,395400,SK리츠,SELL,10137,5020,50887740,[리밸런싱] 긴급 매도 (점수 60.8 < 65.0),37760,0.0020,63610,하락
2024-07-22,055550,신한지주,SELL,952,55000,52360000,[리밸런싱] 긴급 매도 (점수 60.5 < 65.0),1552950,0.0319,65450,하락
2024-07-22,005389,현대차3우B,SELL,314,161200,50616800,[리밸런싱] 긴급 매도 (점수 56.4 < 65.0),-94671,-0.0006,63271,하락
2024-07-22,005385,현대차우,SELL,311,161800,50319800,[리밸런싱] 긴급 매도 (점수 55.5 < 65.0),-436100,-0.0074,62900,하락
2024-07-22,330590,롯데리츠,SELL,14469,3510,50786190,[리밸런싱] 긴급 매도 (점수 57.0 < 65.0),-63483,0.0000,63483,하락
2024-07-22,001750,한양증권,SELL,3297,15770,51993690,[리밸런싱] 긴급 매도 (점수 56.2 < 65.0),1154898,0.0240,64992,하락
2024-07-22,005387,현대차2우B,SELL,305,165100,50355500,[리밸런싱] 긴급 매도 (점수 55.3 < 65.0),-459444,-0.0078,62944,하락
2024-07-22,175330,JB금융지주,SELL,3490,14960,52210400,[리밸런싱] 긴급 매도 (점수 56.4 < 65.0),1365637,0.0282,65263,하락
2024-07-22,395400,SK리츠,BUY,10181,4990,50803190,"리밸런싱 매수 (2위, 60.8점)",0,0.0000,63504,하락
2024-07-22,017510,세명전기,BUY,7288,6970,50797360,"리밸런싱 매수 (3위, 60.7점)",0,0.0000,63497,하락
2024-07-22,055550,신한지주,BUY,947,53600,50759200,"리밸런싱 매수 (4위, 60.5점)",0,0.0000,63449,하락
2024-07-22,330590,롯데리츠,BUY,14254,3564,50801256,"리밸런싱 매수 (5위, 57.0점)",0,0.0000,63502,하락
2024-07-22,005389,현대차3우B,BUY,308,164500,50666000,"리밸런싱 매수 (6위, 56.4점)",0,0.0000,63332,하락
2024-07-22,175330,JB금융지주,BUY,3432,14800,50793600,"리밸런싱 매수 (7위, 56.4점)",0,0.0000,63492,하락
2024-07-22,001750,한양증권,BUY,3197,15890,50800330,"리밸런싱 매수 (8위, 56.2점)",0,0.0000,63500,하락
2024-07-22,005385,현대차우,BUY,307,165300,50747100,"리밸런싱 매수 (9위, 55.5점)",0,0.0000,63434,하락
2024-07-22,005387,현대차2우B,BUY,301,168600,50748600,"리밸런싱 매수 (10위, 55.3점)",0,0.0000,63436,하락
2024-07-23,395400,SK리츠,SELL,10181,5030,51210430,[리밸런싱] 긴급 매도 (점수 61.1 < 65.0),343227,0.0080,64013,하락
2024-07-23,017510,세명전기,SELL,7288,7250,52838000,[리밸런싱] 긴급 매도 (점수 60.0 < 65.0),1974592,0.0402,66048,하락
2024-07-23,055550,신한지주,SELL,947,55100,52179700,[리밸런싱] 긴급 매도 (점수 62.0 < 65.0),1355275,0.0280,65225,하락
2024-07-23,330590,롯데리츠,SELL,14254,3550,50601700,[리밸런싱] 긴급 매도 (점수 57.0 < 65.0),-262808,-0.0039,63252,하락
2024-07-23,005389,현대차3우B,SELL,308,164300,50604400,[리밸런싱] 긴급 매도 (점수 57.0 < 65.0),-124856,-0.0012,63256,하락
2024-07-23,175330,JB금융지주,SELL,3432,14930,51239760,[리밸런싱] 긴급 매도 (점수 56.5 < 65.0),382110,0.0088,64050,하락
2024-07-23,001750,한양증권,SELL,3197,15650,50033050,[리밸런싱] 긴급 매도 (점수 56.0 < 65.0),-829821,-0.0151,62541,하락
2024-07-23,005385,현대차우,SELL,307,167000,51269000,[리밸런싱] 긴급 매도 (점수 56.3 < 65.0),457814,0.0103,64086,하락
2024-07-23,005387,현대차2우B,SELL,301,170000,51170000,[리밸런싱] 긴급 매도 (점수 55.6 < 65.0),357438,0.0083,63962,하락
2024-07-23,055550,신한지주,BUY,928,55100,51132800,"리밸런싱 매수 (2위, 62.0점)",0,0.0000,63916,하락
2024-07-23,395400,SK리츠,BUY,10208,5010,51142080,"리밸런싱 매수 (3위, 61.1점)",0,0.0000,63928,하락
2024-07-23,017510,세명전기,BUY,7466,6850,51142100,"리밸런싱 매수 (4위, 60.0점)",0,0.0000,63928,하락
2024-07-23,330590,롯데리츠,BUY,14613,3500,51145500,"리밸런싱 매수 (5위, 57.0점)",0,0.0000,63932,하락
2024-07-23,005389,현대차3우B,BUY,314,162400,50993600,"리밸런싱 매수 (6위, 57.0점)",0,0.0000,63742,하락
2024-07-23,175330,JB금융지주,BUY,3434,14890,51132260,"리밸런싱 매수 (7위, 56.5점)",0,0.0000,63915,하락
2024-07-23,005385,현대차우,BUY,313,162900,50987700,"리밸런싱 매수 (8위, 56.3점)",0,0.0000,63735,하락
2024-07-23,001750,한양증권,BUY,3230,15830,51130900,"리밸런싱 매수 (9위, 56.0점)",0,0.0000,63914,하락
2024-07-23,005387,현대차2우B,BUY,308,165800,51066400,"리밸런싱 매수 (10위, 55.6점)",0,0.0000,63833,하락
2024-07-24,055550,신한지주,SELL,928,54800,50854400,[리밸런싱] 긴급 매도 (점수 61.3 < 65.0),-341968,-0.0054,63568,하락
2024-07-24,395400,SK리츠,SELL,10208,5040,51448320,[리밸런싱] 긴급 매도 (점수 61.0 < 65.0),241930,0.0060,64310,하락
2024-07-24,017510,세명전기,SELL,7466,7120,53157920,[리밸런싱] 긴급 매도 (점수 60.7 < 65.0),1949373,0.0394,66447,하락
2024-07-24,330590,롯데리츠,SELL,14613,3565,52095345,[리밸런싱] 긴급 매도 (점수 56.9 < 65.0),884726,0.0186,65119,하락
2024-07-24,005389,현대차3우B,SELL,314,162100,50899400,[리밸런싱] 긴급 매도 (점수 56.1 < 65.0),-157824,-0.0018,63624,하락
2024-07-24,175330,JB금융지주,SELL,3434,14920,51235280,[리밸런싱] 긴급 매도 (점수 56.5 < 65.0),38976,0.0020,64044,하락
2024-07-24,005385,현대차우,SELL,313,164300,51425900,[리밸런싱] 긴급 매도 (점수 55.4 < 65.0),373918,0.0086,64282,하락
2024-07-24,001750,한양증권,SELL,3230,16000,51680000,[리밸런싱] 긴급 매도 (점수 56.6 < 65.0),484500,0.0107,64600,하락
2024-07-24,005387,현대차2우B,SELL,308,168000,51744000,[리밸런싱] 긴급 매도 (점수 55.3 < 65.0),612920,0.0133,64680,하락
2024-07-24,055550,신한지주,BUY,942,54700,51527400,"리밸런싱 매수 (2위, 61.3점)",0,0.0000,64409,하락
2024-07-24,395400,SK리츠,BUY,10245,5030,51532350,"리밸런싱 매수 (3위, 61.0점)",0,0.0000,64415,하락
2024-07-24,017510,세명전기,BUY,7138,7220,51536360,"리밸런싱 매수 (4위, 60.7점)",0,0.0000,64420,하락
2024-07-24,288330,파라택시스코리아,BUY,22099,2332,51534868,"리밸런싱 매수 (5위, 57.4점)",0,0.0000,64419,하락
2024-07-24,330590,롯데리츠,BUY,14440,3569,51536360,"리밸런싱 매수 (6위, 56.9점)",0,0.0000,64420,하락
2024-07-24,001750,한양증권,BUY,3293,15650,51535450,"리밸런싱 매수 (7위, 56.6점)",0,0.0000,64419,하락
2024-07-24,175330,JB금융지주,BUY,3484,14790,51528360,"리밸런싱 매수 (8위, 56.5점)",0,0.0000,64410,하락
2024-07-24,005389,현대차3우B,BUY,313,164200,51394600,"리밸런싱 매수 (9위, 56.1점)",0,0.0000,64243,하락
2024-07-24,005385,현대차우,BUY,311,165500,51470500,"리밸런싱 매수 (10위, 55.4점)",0,0.0000,64338,하락
2024-07-24,288330,파라택시스코리아,SELL,22099,2728,60295796,목표 익절 도달 (17.0%),8685558,0.1700,75370,하락
2024-07-25,055550,신한지주,SELL,942,54500,51339000,[리밸런싱] 긴급 매도 (점수 58.9 < 65.0),-252574,-0.0037,64174,하락
2024-07-25,395400,SK리츠,SELL,10245,5050,51737250,[리밸런싱] 긴급 매도 (점수 61.6 < 65.0),140228,0.0040,64672,하락
2024-07-25,017510,세명전기,SELL,7138,6700,47824600,[리밸런싱] 긴급 매도 (점수 55.3 < 65.0),-3771541,-0.0720,59781,하락
2024-07-25,330590,롯데리츠,SELL,14440,3585,51767400,[리밸런싱] 긴급 매도 (점수 57.3 < 65.0),166331,0.0045,64709,하락
2024-07-25,001750,한양증권,SELL,3293,15270,50284110,[리밸런싱] 긴급 매도 (점수 54.9 < 65.0),-1314195,-0.0243,62855,하락
2024-07-25,175330,JB금융지주,SELL,3484,14320,49890880,[리밸런싱] 긴급 매도 (점수 53.9 < 65.0),-1699844,-0.0318,62364,하락
2024-07-25,005389,현대차3우B,SELL,313,159800,50017400,[리밸런싱] 긴급 매도 (점수 54.3 < 65.0),-1439722,-0.0268,62522,하락
2024-07-25,005385,현대차우,SELL,311,160600,49946600,[리밸런싱] 긴급 매도 (점수 53.4 < 65.0),-1586333,-0.0296,62433,하락
2024-07-25,395400,SK리츠,BUY,10189,5040,51352560,"리밸런싱 매수 (2위, 61.6점)",0,0.0000,64191,하락
2024-07-25,055550,신한지주,BUY,942,54500,51339000,"리밸런싱 매수 (3위, 58.9점)",0,0.0000,64174,하락
2024-07-25,288330,파라택시스코리아,BUY,19766,2598,51352068,"리밸런싱 매수 (4위, 58.4점)",0,0.0000,64190,하락
2024-07-25,330590,롯데리츠,BUY,14506,3540,51351240,"리밸런싱 매수 (5위, 57.3점)",0,0.0000,64189,하락
2024-07-25,017510,세명전기,BUY,7585,6770,51350450,"리밸런싱 매수 (6위, 55.3점)",0,0.0000,64188,하락
2024-07-25,001750,한양증권,BUY,3185,16120,51342200,"리밸런싱 매수 (7위, 54.9점)",0,0.0000,64178,하락
2024-07-25,005389,현대차3우B,BUY,322,159000,51198000,"리밸런싱 매수 (8위, 54.3점)",0,0.0000,63998,하락
2024-07-25,175330,JB금융지주,BUY,3409,15060,51339540,"리밸런싱 매수 (9위, 53.9점)",0,0.0000,64174,하락
2024-07-25,006620,동구바이오제약,BUY,6194,8290,51348260,"리밸런싱 매수 (10위, 53.7점)",0,0.0000,64185,하락
2024-07-26,241710,코스메카코리아,SELL,710,78400,55664000,[리밸런싱] 긴급 매도 (점수 63.8 < 65.0),-140580,-0.0013,69580,하락
2024-07-26,395400,SK리츠,SELL,10189,5070,51658230,[리밸런싱] 긴급 매도 (점수 61.2 < 65.0),241097,0.0060,64573,하락
2024-07-26,055550,신한지주,SELL,942,58000,54636000,[리밸런싱] 긴급 매도 (점수 60.8 < 65.0),3228705,0.0642,68295,하락
2024-07-26,288330,파라택시스코리아,SELL,19766,2570,50798620,[리밸런싱] 긴급 매도 (점수 56.9 < 65.0),-616946,-0.0108,63498,하락
2024-07-26,330590,롯데리츠,SELL,14506,3585,52004010,[리밸런싱] 긴급 매도 (점수 57.8 < 65.0),587765,0.0127,65005,하락
2024-07-26,017510,세명전기,SELL,7585,6740,51122900,[리밸런싱] 긴급 매도 (점수 53.3 < 65.0),-291454,-0.0044,63904,하락
2024-07-26,001750,한양증권,SELL,3185,14880,47392800,[리밸런싱] 긴급 매도 (점수 53.8 < 65.0),-4008641,-0.0769,59241,하락
2024-07-26,005389,현대차3우B,SELL,322,157500,50715000,[리밸런싱] 긴급 매도 (점수 53.5 < 65.0),-546394,-0.0094,63394,하락
2024-07-26,175330,JB금융지주,SELL,3409,14300,48748700,[리밸런싱] 긴급 매도 (점수 52.7 < 65.0),-2651776,-0.0505,60936,하락
2024-07-26,006620,동구바이오제약,SELL,6194,7700,47693800,[리밸런싱] 긴급 매도 (점수 48.8 < 65.0),-3714077,-0.0712,59617,하락
2024-07-26,241710,코스메카코리아,BUY,613,83100,50940300,"리밸런싱 매수 (1위, 63.8점)",0,0.0000,63675,하락
2024-07-26,395400,SK리츠,BUY,10087,5050,50939350,"리밸런싱 매수 (2위, 61.2점)",0,0.0000,63674,하락
2024-07-26,055550,신한지주,BUY,939,54200,50893800,"리밸런싱 매수 (3위, 60.8점)",0,0.0000,63617,하락
2024-07-26,330590,롯데리츠,BUY,14289,3565,50940285,"리밸런싱 매수 (4위, 57.8점)",0,0.0000,63675,하락
2024-07-26,288330,파라택시스코리아,BUY,19230,2649,50940270,"리밸런싱 매수 (5위, 56.9점)",0,0.0000,63675,하락
2024-07-26,001750,한양증권,BUY,3286,15500,50933000,"리밸런싱 매수 (6위, 53.8점)",0,0.0000,63666,하락
2024-07-26,005389,현대차3우B,BUY,318,159700,50784600,"리밸런싱 매수 (7위, 53.5점)",0,0.0000,63481,하락
2024-07-26,300720,한일시멘트,BUY,3721,13690,50940490,"리밸런싱 매수 (8위, 53.3점)",0,0.0000,63676,하락
2024-07-26,017510,세명전기,BUY,7626,6680,50941680,"리밸런싱 매수 (9위, 53.3점)",0,0.0000,63677,하락
2024-07-26,163560,동일고무벨트,BUY,5944,8570,50940080,"리밸런싱 매수 (10위, 53.0점)",0,0.0000,63675,하락
2024-07-29,241710,코스메카코리아,SELL,613,82700,50695100,[리밸런싱] 긴급 매도 (점수 64.6 < 65.0),-308569,-0.0048,63369,하락
2024-07-29,395400,SK리츠,SELL,10087,5190,52351530,[리밸런싱] 긴급 매도 (점수 62.2 < 65.0),1346741,0.0277,65439,하락
2024-07-29,055550,신한지주,SELL,939,60700,56997300,[리밸런싱] 긴급 매도 (점수 62.4 < 65.0),6032253,0.1199,71247,하락
2024-07-29,330590,롯데리츠,SELL,14289,3659,52283451,[리밸런싱] 긴급 매도 (점수 58.4 < 65.0),1277812,0.0264,65354,하락
2024-07-29,288330,파라택시스코리아,SELL,19230,2350,45190500,[리밸런싱] 긴급 매도 (점수 54.8 < 65.0),-5806258,-0.1129,56488,하락
2024-07-29,001750,한양증권,SELL,3286,14280,46924080,[리밸런싱] 긴급 매도 (점수 52.7 < 65.0),-4067575,-0.0787,58655,하락
2024-07-29,005389,현대차3우B,SELL,318,161800,51452400,[리밸런싱] 긴급 매도 (점수 54.1 < 65.0),603484,0.0131,64316,하락
2024-07-29,300720,한일시멘트,SELL,3721,14250,53024250,[리밸런싱] 긴급 매도 (점수 54.0 < 65.0),2017480,0.0409,66280,하락
2024-07-29,017510,세명전기,SELL,7626,6640,50636640,[리밸런싱] 긴급 매도 (점수 54.0 < 65.0),-368336,-0.0060,63296,하락
2024-07-29,163560,동일고무벨트,SELL,5944,9110,54149840,[리밸런싱] 긴급 매도 (점수 52.9 < 65.0),3142073,0.0630,67687,하락
2024-07-29,241710,코스메카코리아,BUY,657,78000,51246000,"리밸런싱 매수 (1위, 64.6점)",0,0.0000,64058,하락
2024-07-29,055550,신한지주,BUY,877,58400,51216800,"리밸런싱 매수 (2위, 62.4점)",0,0.0000,64021,하락
2024-07-29,395400,SK리츠,BUY,10191,5030,51260730,"리밸런싱 매수 (3위, 62.2점)",0,0.0000,64076,하락
2024-07-29,330590,롯데리츠,BUY,14303,3584,51261952,"리밸런싱 매수 (4위, 58.4점)",0,0.0000,64077,하락
2024-07-29,288330,파라택시스코리아,BUY,19455,2635,51263925,"리밸런싱 매수 (5위, 54.8점)",0,0.0000,64080,하락
2024-07-29,005389,현대차3우B,BUY,325,157500,51187500,"리밸런싱 매수 (6위, 54.1점)",0,0.0000,63984,하락
2024-07-29,017510,세명전기,BUY,7572,6770,51262440,"리밸런싱 매수 (7위, 54.0점)",0,0.0000,64078,하락
2024-07-29,300720,한일시멘트,BUY,3669,13970,51255930,"리밸런싱 매수 (8위, 54.0점)",0,0.0000,64070,하락
2024-07-29,175330,JB금융지주,BUY,3585,14300,51265500,"리밸런싱 매수 (9위, 53.5점)",0,0.0000,64082,하락
2024-07-29,005385,현대차우,BUY,324,158000,51192000,"리밸런싱 매수 (10위, 53.1점)",0,0.0000,63990,하락
2024-07-30,241710,코스메카코리아,SELL,657,82700,54333900,[리밸런싱] 긴급 매도 (점수 64.7 < 65.0),3019983,0.0603,67917,하락
2024-07-30,055550,신한지주,SELL,877,59500,52181500,[리밸런싱] 긴급 매도 (점수 61.5 < 65.0),899473,0.0188,65227,하락
2024-07-30,395400,SK리츠,SELL,10191,5220,53197020,[리밸런싱] 긴급 매도 (점수 62.2 < 65.0),1869794,0.0378,66496,하락
2024-07-30,330590,롯데리츠,SELL,14303,3719,53192857,[리밸런싱] 긴급 매도 (점수 58.8 < 65.0),1864414,0.0377,66491,하락
2024-07-30,288330,파라택시스코리아,SELL,19455,2515,48929325,[리밸런싱] 긴급 매도 (점수 57.7 < 65.0),-2395762,-0.0455,61162,하락
2024-07-30,005389,현대차3우B,SELL,325,162100,52682500,[리밸런싱] 긴급 매도 (점수 54.1 < 65.0),1429147,0.0292,65853,하락
2024-07-30,017510,세명전기,SELL,7572,6260,47400720,[리밸런싱] 팩터 데이터 없음,-3920971,-0.0753,59251,하락
2024-07-30,300720,한일시멘트,SELL,3669,14400,52833600,[리밸런싱] 긴급 매도 (점수 54.5 < 65.0),1511628,0.0308,66042,하락
2024-07-30,175330,JB금융지주,SELL,3585,14250,51086250,[리밸런싱] 긴급 매도 (점수 52.2 < 65.0),-243108,-0.0035,63858,하락
2024-07-30,005385,현대차우,SELL,324,163200,52876800,[리밸런싱] 긴급 매도 (점수 53.4 < 65.0),1618704,0.0329,66096,하락
2024-07-30,241710,코스메카코리아,BUY,637,81200,51724400,"리밸런싱 매수 (1위, 64.7점)",0,0.0000,64656,하락
2024-07-30,395400,SK리츠,BUY,9974,5190,51765060,"리밸런싱 매수 (2위, 62.2점)",0,0.0000,64706,하락
2024-07-30,055550,신한지주,BUY,865,59800,51727000,"리밸런싱 매수 (3위, 61.5점)",0,0.0000,64659,하락
2024-07-30,330590,롯데리츠,BUY,14147,3659,51763873,"리밸런싱 매수 (4위, 58.8점)",0,0.0000,64705,하락
2024-07-30,288330,파라택시스코리아,BUY,21480,2410,51766800,"리밸런싱 매수 (5위, 57.7점)",0,0.0000,64708,하락
2024-07-30,004310,현대약품,BUY,9712,5330,51764960,"리밸런싱 매수 (6위, 56.8점)",0,0.0000,64706,하락
2024-07-30,300720,한일시멘트,BUY,3697,14000,51758000,"리밸런싱 매수 (7위, 54.5점)",0,0.0000,64698,하락
2024-07-30,005389,현대차3우B,BUY,320,161700,51744000,"리밸런싱 매수 (8위, 54.1점)",0,0.0000,64680,하락
2024-07-30,009540,HD한국조선해양,BUY,257,201000,51657000,"리밸런싱 매수 (9위, 53.5점)",0,0.0000,64571,하락
2024-07-30,005385,현대차우,BUY,317,162900,51639300,"리밸런싱 매수 (10위, 53.4점)",0,0.0000,64549,하락
2024-07-30,288330,파라택시스코리아,SELL,21480,2820,60567156,목표 익절 도달 (17.0%),8724647,0.1700,75709,하락
2024-07-31,241710,코스메카코리아,SELL,637,79700,50768900,[리밸런싱] 긴급 매도 (점수 64.2 < 65.0),-1018961,-0.0185,63461,하락
2024-07-31,395400,SK리츠,SELL,9974,5220,52064280,[리밸런싱] 긴급 매도 (점수 62.2 < 65.0),234140,0.0058,65080,하락
2024-07-31,055550,신한지주,SELL,865,59800,51727000,[리밸런싱] 긴급 매도 (점수 60.2 < 65.0),-64659,0.0000,64659,하락
2024-07-31,330590,롯데리츠,SELL,14147,3789,53602983,[리밸런싱] 긴급 매도 (점수 59.5 < 65.0),1772106,0.0355,67004,하락
2024-07-31,004310,현대약품,SELL,9712,5360,52056320,[리밸런싱] 긴급 매도 (점수 54.3 < 65.0),226290,0.0056,65070,하락
2024-07-31,300720,한일시멘트,SELL,3697,14550,53791350,[리밸런싱] 긴급 매도 (점수 55.7 < 65.0),1966111,0.0393,67239,하락
2024-07-31,005389,현대차3우B,SELL,320,162600,52032000,[리밸런싱] 긴급 매도 (점수 54.0 < 65.0),222960,0.0056,65040,하락
2024-07-31,009540,HD한국조선해양,SELL,257,207000,53199000,[리밸런싱] 긴급 매도 (점수 54.7 < 65.0),1475501,0.0299,66499,하락
2024-07-31,005385,현대차우,SELL,317,165800,52558600,[리밸런싱] 긴급 매도 (점수 53.6 < 65.0),853602,0.0178,65698,하락
2024-07-31,241710,코스메카코리아,BUY,715,82500,58987500,"리밸런싱 매수 (1위, 64.2점)",0,0.0000,73734,하락
2024-07-31,395400,SK리츠,BUY,11225,5260,59043500,"리밸런싱 매수 (2위, 62.2점)",0,0.0000,73804,하락
2024-07-31,055550,신한지주,BUY,992,59500,59024000,"리밸런싱 매수 (3위, 60.2점)",0,0.0000,73780,하락
2024-07-31,330590,롯데리츠,BUY,15876,3719,59042844,"리밸런싱 매수 (4위, 59.5점)",0,0.0000,73804,하락
2024-07-31,288330,파라택시스코리아,BUY,23477,2515,59044655,"리밸런싱 매수 (5위, 57.2점)",0,0.0000,73806,하락
2024-07-31,300720,한일시멘트,BUY,3962,14900,59033800,"리밸런싱 매수 (6위, 55.7점)",0,0.0000,73792,하락
2024-07-31,001750,한양증권,BUY,4117,14340,59037780,"리밸런싱 매수 (7위, 55.1점)",0,0.0000,73797,하락
2024-07-31,009540,HD한국조선해양,BUY,294,200500,58947000,"리밸런싱 매수 (8위, 54.7점)",0,0.0000,73684,하락
2024-07-31,005389,현대차3우B,BUY,364,162000,58968000,"리밸런싱 매수 (10위, 54.0점)",0,0.0000,73710,하락
2024-08-01,241710,코스메카코리아,SELL,715,80100,57271500,[리밸런싱] 긴급 매도 (점수 64.5 < 65.0),-1787589,-0.0291,71589,하락
2024-08-01,395400,SK리츠,SELL,11225,5220,58594500,[리밸런싱] 긴급 매도 (점수 62.0 < 65.0),-522243,-0.0076,73243,하락
2024-08-01,055550,신한지주,SELL,992,60700,60214400,[리밸런싱] 긴급 매도 (점수 61.5 < 65.0),1115132,0.0202,75268,하락
2024-08-01,330590,롯데리츠,SELL,15876,3884,61662384,[리밸런싱] 긴급 매도 (점수 60.0 < 65.0),2542462,0.0444,77078,하락
2024-08-01,288330,파라택시스코리아,SELL,23477,2720,63857440,[리밸런싱] 긴급 매도 (점수 59.3 < 65.0),4732963,0.0815,79822,하락
2024-08-01,300720,한일시멘트,SELL,3962,14660,58082920,[리밸런싱] 긴급 매도 (점수 54.7 < 65.0),-1023484,-0.0161,72604,하락
2024-08-01,001750,한양증권,SELL,4117,15700,64636900,[리밸런싱] 긴급 매도 (점수 55.7 < 65.0),5518324,0.0948,80796,하락
2024-08-01,009540,HD한국조선해양,SELL,294,213000,62622000,[리밸런싱] 긴급 매도 (점수 54.4 < 65.0),3596722,0.0623,78278,하락
2024-08-01,005389,현대차3우B,SELL,364,164500,59878000,[리밸런싱] 긴급 매도 (점수 54.3 < 65.0),835152,0.0154,74848,하락
2024-08-01,241710,코스메카코리아,BUY,690,79000,54510000,"리밸런싱 매수 (1위, 64.5점)",0,0.0000,68138,하락
2024-08-01,395400,SK리츠,BUY,10415,5240,54574600,"리밸런싱 매수 (2위, 62.0점)",0,0.0000,68218,하락
2024-08-01,055550,신한지주,BUY,912,59800,54537600,"리밸런싱 매수 (3위, 61.5점)",0,0.0000,68172,하락
2024-08-01,330590,롯데리츠,BUY,14309,3814,54574526,"리밸런싱 매수 (4위, 60.0점)",0,0.0000,68218,하락
2024-08-01,288330,파라택시스코리아,BUY,21743,2510,54574930,"리밸런싱 매수 (5위, 59.3점)",0,0.0000,68219,하락
2024-08-01,004310,현대약품,BUY,10182,5360,54575520,"리밸런싱 매수 (6위, 57.9점)",0,0.0000,68219,하락
2024-08-01,365550,ESR켄달스퀘어리츠,BUY,11020,4952,54571040,"리밸런싱 매수 (7위, 56.9점)",0,0.0000,68214,하락
2024-08-01,001750,한양증권,BUY,3604,15140,54564560,"리밸런싱 매수 (8위, 55.7점)",0,0.0000,68206,하락
2024-08-01,300720,한일시멘트,BUY,3784,14420,54565280,"리밸런싱 매수 (9위, 54.7점)",0,0.0000,68207,하락
2024-08-01,009540,HD한국조선해양,BUY,266,204500,54397000,"리밸런싱 매수 (10위, 54.4점)",0,0.0000,67996,하락
2024-08-02,241710,코스메카코리아,SELL,690,73600,50784000,[리밸런싱] 긴급 매도 (점수 61.0 < 65.0),-3789480,-0.0684,63480,하락
2024-08-02,395400,SK리츠,SELL,10415,5090,53012350,[리밸런싱] 긴급 매도 (점수 61.1 < 65.0),-1628515,-0.0286,66265,하락
2024-08-02,055550,신한지주,SELL,912,57100,52075200,[리밸런싱] 긴급 매도 (점수 58.4 < 65.0),-2527494,-0.0452,65094,하락
2024-08-02,330590,롯데리츠,SELL,14309,3839,54932251,[리밸런싱] 긴급 매도 (점수 59.0 < 65.0),289060,0.0066,68665,하락
2024-08-02,288330,파라택시스코리아,SELL,21743,2780,60445540,[리밸런싱] 긴급 매도 (점수 59.6 < 65.0),5795053,0.1076,75557,하락
2024-08-02,004310,현대약품,SELL,10182,5450,55491900,[리밸런싱] 긴급 매도 (점수 55.1 < 65.0),847015,0.0168,69365,하락
2024-08-02,365550,ESR켄달스퀘어리츠,SELL,11020,4922,54240440,[리밸런싱] 긴급 매도 (점수 56.0 < 65.0),-398401,-0.0061,67801,하락
2024-08-02,001750,한양증권,SELL,3604,15580,56150320,[리밸런싱] 긴급 매도 (점수 55.2 < 65.0),1515572,0.0291,70188,하락
2024-08-02,300720,한일시멘트,SELL,3784,14120,53430080,[리밸런싱] 긴급 매도 (점수 53.4 < 65.0),-1201988,-0.0208,66788,하락
2024-08-02,009540,HD한국조선해양,SELL,266,203000,53998000,[리밸런싱] 긴급 매도 (점수 53.4 < 65.0),-466498,-0.0073,67498,하락
2024-08-02,395400,SK리츠,BUY,10412,5220,54350640,"리밸런싱 매수 (1위, 61.1점)",0,0.0000,67938,하락
2024-08-02,241710,코스메카코리아,BUY,696,78000,54288000,"리밸런싱 매수 (2위, 61.0점)",0,0.0000,67860,하락
2024-08-02,288330,파라택시스코리아,BUY,20167,2695,54350065,"리밸런싱 매수 (3위, 59.6점)",0,0.0000,67938,하락
2024-08-02,330590,롯데리츠,BUY,14087,3858,54347646,"리밸런싱 매수 (4위, 59.0점)",0,0.0000,67935,하락
2024-08-02,055550,신한지주,BUY,913,59500,54323500,"리밸런싱 매수 (5위, 58.4점)",0,0.0000,67904,하락
2024-08-02,365550,ESR켄달스퀘어리츠,BUY,10944,4966,54347904,"리밸런싱 매수 (6위, 56.0점)",0,0.0000,67935,하락
2024-08-02,001750,한양증권,BUY,3529,15400,54346600,"리밸런싱 매수 (7위, 55.2점)",0,0.0000,67933,하락
2024-08-02,004310,현대약품,BUY,9688,5610,54349680,"리밸런싱 매수 (8위, 55.1점)",0,0.0000,67937,하락
2024-08-02,009540,HD한국조선해양,BUY,260,209000,54340000,"리밸런싱 매수 (9위, 53.4점)",0,0.0000,67925,하락
2024-08-02,300720,한일시멘트,BUY,3771,14410,54340110,"리밸런싱 매수 (10위, 53.4점)",0,0.0000,67925,하락
2024-08-05,395400,SK리츠,SELL,10412,4950,51539400,[리밸런싱] 긴급 매도 (점수 58.7 < 65.0),-2875664,-0.0517,64424,하락
2024-08-05,241710,코스메카코리아,SELL,696,68000,47328000,[리밸런싱] 긴급 매도 (점수 56.0 < 65.0),-7019160,-0.1282,59160,하락
2024-08-05,288330,파라택시스코리아,SELL,20167,2505,50518335,[리밸런싱] 긴급 매도 (점수 57.2 < 65.0),-3894878,-0.0705,63148,하락
2024-08-05,330590,롯데리츠,SELL,14087,3639,51262593,[리밸런싱] 긴급 매도 (점수 56.4 < 65.0),-3149131,-0.0568,64078,하락
2024-08-05,055550,신한지주,SELL,913,52800,48206400,[리밸런싱] 긴급 매도 (점수 55.0 < 65.0),-6177358,-0.1126,60258,하락
2024-08-05,365550,ESR켄달스퀘어리츠,SELL,10944,4693,51360192,[리밸런싱] 긴급 매도 (점수 53.0 < 65.0),-3051912,-0.0550,64200,하락
2024-08-05,001750,한양증권,SELL,3529,16160,57028640,[리밸런싱] 긴급 매도 (점수 56.3 < 65.0),2610754,0.0494,71286,하락
2024-08-05,004310,현대약품,SELL,9688,5070,49118160,[리밸런싱] 긴급 매도 (점수 51.6 < 65.0),-5292918,-0.0963,61398,하락
2024-08-05,009540,HD한국조선해양,SELL,260,172800,44928000,[리밸런싱] 긴급 매도 (점수 44.4 < 65.0),-9468160,-0.1732,56160,하락
2024-08-05,300720,한일시멘트,SELL,3771,13060,49249260,[리밸런싱] 긴급 매도 (점수 48.5 < 65.0),-5152412,-0.0937,61562,하락
2024-08-05,395400,SK리츠,BUY,11052,5020,55481040,"리밸런싱 매수 (1위, 58.7점)",0,0.0000,69351,하락
2024-08-05,288330,파라택시스코리아,BUY,19886,2790,55481940,"리밸런싱 매수 (2위, 57.2점)",0,0.0000,69352,하락
2024-08-05,330590,롯데리츠,BUY,14628,3793,55484004,"리밸런싱 매수 (3위, 56.4점)",0,0.0000,69355,하락
2024-08-05,241710,코스메카코리아,BUY,791,70100,55449100,"리밸런싱 매수 (5위, 56.0점)",0,0.0000,69311,하락
2024-08-05,055550,신한지주,BUY,1031,53800,55467800,"리밸런싱 매수 (6위, 55.0점)",0,0.0000,69335,하락
2024-08-05,365550,ESR켄달스퀘어리츠,BUY,11275,4921,55484275,"리밸런싱 매수 (7위, 53.0점)",0,0.0000,69355,하락
2024-08-05,070300,엑스큐어,BUY,11482,4832,55481024,"리밸런싱 매수 (8위, 53.0점)",0,0.0000,69351,하락
2024-08-05,052420,오성첨단소재,BUY,23022,2410,55483020,"리밸런싱 매수 (9위, 51.7점)",0,0.0000,69354,하락
2024-08-05,004310,현대약품,BUY,10449,5310,55484190,"리밸런싱 매수 (10위, 51.6점)",0,0.0000,69355,하락
2024-08-05,070300,엑스큐어,SELL,11482,5653,64912798,목표 익절 도달 (17.0%),9350633,0.1700,81141,하락
2024-08-06,395400,SK리츠,SELL,11052,4975,54983700,[리밸런싱] 긴급 매도 (점수 59.0 < 65.0),-566070,-0.0090,68730,하락
2024-08-06,288330,파라택시스코리아,SELL,19886,2220,44146920,[리밸런싱] 긴급 매도 (점수 50.4 < 65.0),-11390204,-0.2043,55184,하락
2024-08-06,330590,롯데리츠,SELL,14628,3774,55206072,[리밸런싱] 긴급 매도 (점수 57.6 < 65.0),-346940,-0.0050,69008,하락
2024-08-06,241710,코스메카코리아,SELL,791,69700,55132700,[리밸런싱] 긴급 매도 (점수 55.8 < 65.0),-385316,-0.0057,68916,하락
2024-08-06,055550,신한지주,SELL,1031,53200,54849200,[리밸런싱] 긴급 매도 (점수 54.1 < 65.0),-687162,-0.0112,68562,하락
2024-08-06,365550,ESR켄달스퀘어리츠,SELL,11275,4847,54649925,[리밸런싱] 긴급 매도 (점수 55.1 < 65.0),-902662,-0.0150,68312,하락
2024-08-06,052420,오성첨단소재,SELL,23022,2390,55022580,[리밸런싱] 긴급 매도 (점수 52.2 < 65.0),-529218,-0.0083,68778,하락
2024-08-06,004310,현대약품,SELL,10449,5390,56320110,[리밸런싱] 긴급 매도 (점수 54.9 < 65.0),765520,0.0151,70400,하락
2024-08-06,395400,SK리츠,BUY,11100,4945,54889500,"리밸런싱 매수 (1위, 59.0점)",0,0.0000,68612,하락
2024-08-06,001750,한양증권,BUY,3373,16270,54878710,"리밸런싱 매수 (2위, 58.9점)",0,0.0000,68598,하락
2024-08-06,330590,롯데리츠,BUY,15043,3649,54891907,"리밸런싱 매수 (3위, 57.6점)",0,0.0000,68615,하락
2024-08-06,241710,코스메카코리아,BUY,767,71500,54840500,"리밸런싱 매수 (4위, 55.8점)",0,0.0000,68551,하락
2024-08-06,365550,ESR켄달스퀘어리츠,BUY,11612,4727,54889924,"리밸런싱 매수 (5위, 55.1점)",0,0.0000,68612,하락
2024-08-06,004310,현대약품,BUY,10299,5330,54893670,"리밸런싱 매수 (6위, 54.9점)",0,0.0000,68617,하락
2024-08-06,055550,신한지주,BUY,1003,54700,54864100,"리밸런싱 매수 (7위, 54.1점)",0,0.0000,68580,하락
2024-08-06,052420,오성첨단소재,BUY,22872,2400,54892800,"리밸런싱 매수 (9위, 52.2점)",0,0.0000,68616,하락
2024-08-06,088980,맥쿼리인프라,BUY,4708,11659,54890572,"리밸런싱 매수 (10위, 50.8점)",0,0.0000,68613,하락
2024-08-07,395400,SK리츠,SELL,11100,5090,56499000,[리밸런싱] 긴급 매도 (점수 60.0 < 65.0),1538876,0.0293,70624,하락
2024-08-07,001750,한양증권,SELL,3373,16970,57239810,[리밸런싱] 긴급 매도 (점수 57.3 < 65.0),2289550,0.0430,71550,하락
2024-08-07,330590,롯데리츠,SELL,15043,3844,57825292,[리밸런싱] 긴급 매도 (점수 58.6 < 65.0),2861103,0.0534,72282,하락
2024-08-07,241710,코스메카코리아,SELL,767,73800,56604600,[리밸런싱] 긴급 매도 (점수 58.6 < 65.0),1693344,0.0322,70756,하락
2024-08-07,365550,ESR켄달스퀘어리츠,SELL,11612,4942,57386504,[리밸런싱] 긴급 매도 (점수 55.3 < 65.0),2424847,0.0455,71733,하락
2024-08-07,004310,현대약품,SELL,10299,5540,57056460,[리밸런싱] 긴급 매도 (점수 56.3 < 65.0),2091469,0.0394,71321,하락
2024-08-07,055550,신한지주,SELL,1003,53700,53861100,[리밸런싱] 긴급 매도 (점수 54.5 < 65.0),-1070326,-0.0183,67326,하락
2024-08-07,052420,오성첨단소재,SELL,22872,2430,55578960,[리밸런싱] 긴급 매도 (점수 52.2 < 65.0),616686,0.0125,69474,하락
2024-08-07,088980,맥쿼리인프라,SELL,4708,11899,56020492,[리밸런싱] 긴급 매도 (점수 50.5 < 65.0),1059894,0.0206,70026,하락
2024-08-07,395400,SK리츠,BUY,11197,5030,56320910,"리밸런싱 매수 (1위, 60.0점)",0,0.0000,70401,하락
2024-08-07,241710,코스메카코리아,BUY,808,69700,56317600,"리밸런싱 매수 (3위, 58.6점)",0,0.0000,70397,하락
2024-08-07,330590,롯데리츠,BUY,15004,3754,56325016,"리밸런싱 매수 (4위, 58.6점)",0,0.0000,70406,하락
2024-08-07,001750,한양증권,BUY,3086,18250,56319500,"리밸런싱 매수 (5위, 57.3점)",0,0.0000,70399,하락
2024-08-07,004310,현대약품,BUY,10488,5370,56320560,"리밸런싱 매수 (6위, 56.3점)",0,0.0000,70401,하락
2024-08-07,365550,ESR켄달스퀘어리츠,BUY,11561,4872,56325192,"리밸런싱 매수 (7위, 55.3점)",0,0.0000,70406,하락
2024-08-07,055550,신한지주,BUY,1074,52400,56277600,"리밸런싱 매수 (8위, 54.5점)",0,0.0000,70347,하락
2024-08-07,070300,엑스큐어,BUY,10949,5144,56321656,"리밸런싱 매수 (9위, 52.6점)",0,0.0000,70402,하락
2024-08-07,052420,오성첨단소재,BUY,23518,2395,56325610,"리밸런싱 매수 (10위, 52.2점)",0,0.0000,70407,하락
2024-08-08,395400,SK리츠,SELL,11197,4905,54921285,[리밸런싱] 긴급 매도 (점수 57.8 < 65.0),-1468277,-0.0249,68652,하락
2024-08-08,241710,코스메카코리아,SELL,808,73500,59388000,[리밸런싱] 긴급 매도 (점수 57.9 < 65.0),2996165,0.0545,74235,하락
2024-08-08,330590,롯데리츠,SELL,15004,3729,55949916,[리밸런싱] 긴급 매도 (점수 56.5 < 65.0),-445037,-0.0067,69937,하락
2024-08-08,001750,한양증권,SELL,3086,15900,49067400,[리밸런싱] 긴급 매도 (점수 55.0 < 65.0),-7313434,-0.1288,61334,하락
2024-08-08,004310,현대약품,SELL,10488,5440,57054720,[리밸런싱] 긴급 매도 (점수 55.4 < 65.0),662842,0.0130,71318,하락
2024-08-08,365550,ESR켄달스퀘어리츠,SELL,11561,4867,56267387,[리밸런싱] 긴급 매도 (점수 54.5 < 65.0),-128139,-0.0010,70334,하락
2024-08-08,055550,신한지주,SELL,1074,54200,58210800,[리밸런싱] 긴급 매도 (점수 55.4 < 65.0),1860436,0.0344,72764,하락
2024-08-08,070300,엑스큐어,SELL,10949,5127,56135523,[리밸런싱] 긴급 매도 (점수 52.4 < 65.0),-256302,-0.0033,70169,하락
2024-08-08,052420,오성첨단소재,SELL,23518,2400,56443200,[리밸런싱] 긴급 매도 (점수 52.0 < 65.0),47036,0.0021,70554,하락
2024-08-08,241710,코스메카코리아,BUY,787,70900,55798300,"리밸런싱 매수 (2위, 57.9점)",0,0.0000,69748,하락
2024-08-08,395400,SK리츠,BUY,10836,5150,55805400,"리밸런싱 매수 (3위, 57.8점)",0,0.0000,69757,하락
2024-08-08,330590,롯데리츠,BUY,14521,3843,55804203,"리밸런싱 매수 (4위, 56.5점)",0,0.0000,69755,하락
2024-08-08,004310,현대약품,BUY,9490,5880,55801200,"리밸런싱 매수 (5위, 55.4점)",0,0.0000,69752,하락
2024-08-08,055550,신한지주,BUY,1048,53200,55753600,"리밸런싱 매수 (6위, 55.4점)",0,0.0000,69692,하락
2024-08-08,001750,한양증권,BUY,3321,16800,55792800,"리밸런싱 매수 (7위, 55.0점)",0,0.0000,69741,하락
2024-08-08,288330,파라택시스코리아,BUY,25081,2225,55805225,"리밸런싱 매수 (8위, 54.6점)",0,0.0000,69757,하락
2024-08-08,365550,ESR켄달스퀘어리츠,BUY,11294,4941,55803654,"리밸런싱 매수 (9위, 54.5점)",0,0.0000,69755,하락
2024-08-08,070300,엑스큐어,BUY,11035,5057,55803995,"리밸런싱 매수 (10위, 52.4점)",0,0.0000,69755,하락
2024-08-08,288330,파라택시스코리아,SELL,25081,2603,65292113,목표 익절 도달 (17.0%),9405273,0.1700,81615,하락
2024-08-09,241710,코스메카코리아,SELL,787,73900,58159300,[리밸런싱] 긴급 매도 (점수 58.6 < 65.0),2288301,0.0423,72699,하락
2024-08-09,395400,SK리츠,SELL,10836,5070,54938520,[리밸런싱] 긴급 매도 (점수 58.9 < 65.0),-935553,-0.0155,68673,하락
2024-08-09,330590,롯데리츠,SELL,14521,3834,55673514,[리밸런싱] 긴급 매도 (점수 57.4 < 65.0),-200281,-0.0023,69592,하락
2024-08-09,004310,현대약품,SELL,9490,5500,52195000,[리밸런싱] 긴급 매도 (점수 55.8 < 65.0),-3671444,-0.0646,65244,하락
2024-08-09,055550,신한지주,SELL,1048,54000,56592000,[리밸런싱] 긴급 매도 (점수 54.8 < 65.0),767660,0.0150,70740,하락
2024-08-09,001750,한양증권,SELL,3321,15000,49815000,[리밸런싱] 긴급 매도 (점수 52.0 < 65.0),-6040069,-0.1071,62269,하락
2024-08-09,365550,ESR켄달스퀘어리츠,SELL,11294,4837,54629078,[리밸런싱] 긴급 매도 (점수 53.9 < 65.0),-1242862,-0.0210,68286,하락
2024-08-09,070300,엑스큐어,SELL,11035,5660,62458100,[리밸런싱] 긴급 매도 (점수 52.6 < 65.0),6576032,0.1192,78073,하락
2024-08-09,001755,한양증권우,BUY,1645,30900,50830500,"리밸런싱 매수 (1위, 59.6점)",0,0.0000,63538,하락
2024-08-09,395400,SK리츠,BUY,10315,4930,50852950,"리밸런싱 매수 (2위, 58.9점)",0,0.0000,63566,하락
2024-08-09,241710,코스메카코리아,BUY,678,75000,50850000,"리밸런싱 매수 (3위, 58.6점)",0,0.0000,63562,하락
2024-08-09,330590,롯데리츠,BUY,13620,3734,50857080,"리밸런싱 매수 (4위, 57.4점)",0,0.0000,63571,하락
2024-08-09,288330,파라택시스코리아,BUY,20506,2480,50854880,"리밸런싱 매수 (5위, 56.0점)",0,0.0000,63569,하락
2024-08-09,004310,현대약품,BUY,9348,5440,50853120,"리밸런싱 매수 (6위, 55.8점)",0,0.0000,63566,하락
2024-08-09,055550,신한지주,BUY,947,53700,50853900,"리밸런싱 매수 (7위, 54.8점)",0,0.0000,63567,하락
2024-08-09,365550,ESR켄달스퀘어리츠,BUY,10462,4861,50855782,"리밸런싱 매수 (8위, 53.9점)",0,0.0000,63570,하락
2024-08-09,070300,엑스큐어,BUY,9875,5150,50856250,"리밸런싱 매수 (9위, 52.6점)",0,0.0000,63570,하락
2024-08-09,001750,한양증권,BUY,3139,16200,50851800,"리밸런싱 매수 (10위, 52.0점)",0,0.0000,63565,하락
2024-08-09,070300,엑스큐어,SELL,9875,6026,59501812,목표 익절 도달 (17.0%),8571185,0.1700,74377,하락
2024-08-12,001755,한양증권우,SELL,1645,27500,45237500,[리밸런싱] 긴급 매도 (점수 59.7 < 65.0),-5649547,-0.1100,56547,하락
2024-08-12,395400,SK리츠,SELL,10315,5070,52297050,[리밸런싱] 긴급 매도 (점수 58.8 < 65.0),1378729,0.0284,65371,하락
2024-08-12,241710,코스메카코리아,SELL,678,73800,50036400,[리밸런싱] 긴급 매도 (점수 57.3 < 65.0),-876146,-0.0160,62546,하락
2024-08-12,330590,롯데리츠,SELL,13620,4028,54861360,[리밸런싱] 긴급 매도 (점수 59.2 < 65.0),3935703,0.0787,68577,하락
2024-08-12,288330,파라택시스코리아,SELL,20506,2650,54340900,[리밸런싱] 긴급 매도 (점수 56.1 < 65.0),3418094,0.0685,67926,하락
2024-08-12,004310,현대약품,SELL,9348,5590,52255320,[리밸런싱] 긴급 매도 (점수 56.9 < 65.0),1336881,0.0276,65319,하락
2024-08-12,055550,신한지주,SELL,947,54100,51232700,[리밸런싱] 긴급 매도 (점수 54.7 < 65.0),314759,0.0074,64041,하락
2024-08-12,365550,ESR켄달스퀘어리츠,SELL,10462,4892,51180104,[리밸런싱] 긴급 매도 (점수 54.3 < 65.0),260347,0.0064,63975,하락
2024-08-12,001750,한양증권,SELL,3139,14730,46237470,[리밸런싱] 긴급 매도 (점수 49.8 < 65.0),-4672127,-0.0907,57797,하락
2024-08-12,330590,롯데리츠,BUY,15034,3813,57324642,"리밸런싱 매수 (2위, 59.2점)",0,0.0000,71656,하락
2024-08-12,395400,SK리츠,BUY,11307,5070,57326490,"리밸런싱 매수 (3위, 58.8점)",0,0.0000,71658,하락
2024-08-12,241710,코스메카코리아,BUY,761,75300,57303300,"리밸런싱 매수 (4위, 57.3점)",0,0.0000,71629,하락
2024-08-12,004310,현대약품,BUY,10200,5620,57324000,"리밸런싱 매수 (5위, 56.9점)",0,0.0000,71655,하락
2024-08-12,288330,파라택시스코리아,BUY,22704,2525,57327600,"리밸런싱 매수 (6위, 56.1점)",0,0.0000,71660,하락
2024-08-12,055550,신한지주,BUY,1053,54400,57283200,"리밸런싱 매수 (7위, 54.7점)",0,0.0000,71604,하락
2024-08-12,365550,ESR켄달스퀘어리츠,BUY,11938,4802,57326276,"리밸런싱 매수 (8위, 54.3점)",0,0.0000,71658,하락
2024-08-12,329180,HD현대중공업,BUY,272,210000,57120000,"리밸런싱 매수 (9위, 52.4점)",0,0.0000,71400,하락
2024-08-12,070300,엑스큐어,BUY,10208,5616,57328128,"리밸런싱 매수 (10위, 52.4점)",0,0.0000,71660,하락
2024-08-13,330590,롯데리츠,SELL,15034,3969,59669946,[리밸런싱] 긴급 매도 (점수 59.1 < 65.0),2270717,0.0409,74587,하락
2024-08-13,395400,SK리츠,SELL,11307,5030,56874210,[리밸런싱] 긴급 매도 (점수 57.8 < 65.0),-523373,-0.0079,71093,하락
2024-08-13,241710,코스메카코리아,SELL,761,73700,56085700,[리밸런싱] 긴급 매도 (점수 58.3 < 65.0),-1287707,-0.0212,70107,하락
2024-08-13,004310,현대약품,SELL,10200,5270,53754000,[리밸런싱] 긴급 매도 (점수 53.6 < 65.0),-3637192,-0.0623,67192,하락
2024-08-13,288330,파라택시스코리아,SELL,22704,2650,60165600,[리밸런싱] 긴급 매도 (점수 53.2 < 65.0),2762793,0.0495,75207,하락
2024-08-13,055550,신한지주,SELL,1053,55500,58441500,[리밸런싱] 긴급 매도 (점수 54.8 < 65.0),1085248,0.0202,73052,하락
2024-08-13,365550,ESR켄달스퀘어리츠,SELL,11938,4962,59236356,[리밸런싱] 긴급 매도 (점수 55.4 < 65.0),1836035,0.0333,74045,하락
2024-08-13,329180,HD현대중공업,SELL,272,203000,55216000,[리밸런싱] 긴급 매도 (점수 51.7 < 65.0),-1973020,-0.0333,69020,하락
2024-08-13,070300,엑스큐어,SELL,10208,5849,59706592,[리밸런싱] 긴급 매도 (점수 52.4 < 65.0),2303831,0.0415,74633,하락
2024-08-13,001755,한양증권우,BUY,2132,27000,57564000,"리밸런싱 매수 (1위, 59.8점)",0,0.0000,71955,하락
2024-08-13,330590,롯데리츠,BUY,14418,3993,57571074,"리밸런싱 매수 (2위, 59.1점)",0,0.0000,71964,하락
2024-08-13,395400,SK리츠,BUY,11288,5100,57568800,"리밸런싱 매수 (4위, 57.8점)",0,0.0000,71961,하락
2024-08-13,365550,ESR켄달스퀘어리츠,BUY,11768,4892,57569056,"리밸런싱 매수 (5위, 55.4점)",0,0.0000,71961,하락
2024-08-13,055550,신한지주,BUY,1066,54000,57564000,"리밸런싱 매수 (6위, 54.8점)",0,0.0000,71955,하락
2024-08-13,004310,현대약품,BUY,10467,5500,57568500,"리밸런싱 매수 (7위, 53.6점)",0,0.0000,71961,하락
2024-08-13,288330,파라택시스코리아,BUY,21322,2700,57569400,"리밸런싱 매수 (8위, 53.2점)",0,0.0000,71962,하락
2024-08-13,070300,엑스큐어,BUY,10922,5271,57569862,"리밸런싱 매수 (9위, 52.4점)",0,0.0000,71962,하락
2024-08-13,329180,HD현대중공업,BUY,278,206500,57407000,"리밸런싱 매수 (10위, 51.7점)",0,0.0000,71759,하락
2024-08-14,001755,한양증권우,SELL,2132,25600,54579200,[리밸런싱] 긴급 매도 (점수 59.9 < 65.0),-3053024,-0.0519,68224,하락
2024-08-14,330590,롯데리츠,SELL,14418,4013,57859434,[리밸런싱] 긴급 매도 (점수 59.8 < 65.0),216036,0.0050,72324,하락
2024-08-14,395400,SK리츠,SELL,11288,5100,57568800,[리밸런싱] 긴급 매도 (점수 58.6 < 65.0),-71961,0.0000,71961,하락
2024-08-14,365550,ESR켄달스퀘어리츠,SELL,11768,5081,59793208,[리밸런싱] 긴급 매도 (점수 56.9 < 65.0),2149410,0.0386,74742,하락
2024-08-14,055550,신한지주,SELL,1066,55000,58630000,[리밸런싱] 긴급 매도 (점수 54.9 < 65.0),992712,0.0185,73288,하락
2024-08-14,004310,현대약품,SELL,10467,5130,53695710,[리밸런싱] 긴급 매도 (점수 52.4 < 65.0),-3939910,-0.0673,67120,하락
2024-08-14,288330,파라택시스코리아,SELL,21322,3210,68443620,[리밸런싱] 긴급 매도 (점수 57.0 < 65.0),10788665,0.1889,85555,하락
2024-08-14,070300,엑스큐어,SELL,10922,5334,58257948,[리밸런싱] 긴급 매도 (점수 51.8 < 65.0),615264,0.0120,72822,하락
2024-08-14,329180,HD현대중공업,SELL,278,206000,57268000,[리밸런싱] 긴급 매도 (점수 51.3 < 65.0),-210585,-0.0024,71585,하락
2024-08-14,001755,한양증권우,BUY,2003,26200,52478600,"리밸런싱 매수 (1위, 59.9점)",0,0.0000,65598,하락
2024-08-14,330590,롯데리츠,BUY,13147,3993,52495971,"리밸런싱 매수 (2위, 59.8점)",0,0.0000,65620,하락
2024-08-14,395400,SK리츠,BUY,10416,5040,52496640,"리밸런싱 매수 (3위, 58.6점)",0,0.0000,65621,하락
2024-08-14,241710,코스메카코리아,BUY,692,75800,52453600,"리밸런싱 매수 (4위, 58.3점)",0,0.0000,65567,하락
2024-08-14,288330,파라택시스코리아,BUY,20269,2590,52496710,"리밸런싱 매수 (5위, 57.0점)",0,0.0000,65621,하락
2024-08-14,365550,ESR켄달스퀘어리츠,BUY,10571,4966,52495586,"리밸런싱 매수 (6위, 56.9점)",0,0.0000,65619,하락
2024-08-14,055550,신한지주,BUY,942,55700,52469400,"리밸런싱 매수 (7위, 54.9점)",0,0.0000,65587,하락
2024-08-14,004310,현대약품,BUY,9740,5390,52498600,"리밸런싱 매수 (8위, 52.4점)",0,0.0000,65623,하락
2024-08-14,175330,JB금융지주,BUY,3702,14180,52494360,"리밸런싱 매수 (9위, 52.1점)",0,0.0000,65618,하락
2024-08-14,070300,엑스큐어,BUY,8997,5835,52497495,"리밸런싱 매수 (10위, 51.8점)",0,0.0000,65622,하락
2024-08-14,288330,파라택시스코리아,SELL,20269,3030,61421151,목표 익절 도달 (17.0%),8847664,0.1700,76776,하락
2024-08-16,001755,한양증권우,SELL,2003,25300,50675900,[리밸런싱] 긴급 매도 (점수 60.0 < 65.0),-1866045,-0.0344,63345,하락
2024-08-16,330590,롯데리츠,SELL,13147,4018,52824646,[리밸런싱] 긴급 매도 (점수 60.1 < 65.0),262644,0.0063,66031,하락
2024-08-16,395400,SK리츠,SELL,10416,5060,52704960,[리밸런싱] 긴급 매도 (점수 58.0 < 65.0),142439,0.0040,65881,하락
2024-08-16,241710,코스메카코리아,SELL,692,79000,54668000,[리밸런싱] 긴급 매도 (점수 61.2 < 65.0),2146065,0.0422,68335,하락
2024-08-16,365550,ESR켄달스퀘어리츠,SELL,10571,4942,52241882,[리밸런싱] 긴급 매도 (점수 55.1 < 65.0),-319006,-0.0048,65302,하락
2024-08-16,055550,신한지주,SELL,942,55500,52281000,[리밸런싱] 긴급 매도 (점수 55.8 < 65.0),-253751,-0.0036,65351,하락
2024-08-16,004310,현대약품,SELL,9740,5250,51135000,[리밸런싱] 긴급 매도 (점수 53.9 < 65.0),-1427519,-0.0260,63919,하락
2024-08-16,175330,JB금융지주,SELL,3702,14370,53197740,[리밸런싱] 긴급 매도 (점수 52.2 < 65.0),636883,0.0134,66497,하락
2024-08-16,070300,엑스큐어,SELL,8997,5233,47081301,[리밸런싱] 긴급 매도 (점수 50.2 < 65.0),-5475046,-0.1032,58852,하락
2024-08-16,241710,코스메카코리아,BUY,745,78500,58482500,"리밸런싱 매수 (1위, 61.2점)",0,0.0000,73103,하락
2024-08-16,330590,롯데리츠,BUY,14592,4013,58557696,"리밸런싱 매수 (2위, 60.1점)",0,0.0000,73197,하락
2024-08-16,395400,SK리츠,BUY,11482,5100,58558200,"리밸런싱 매수 (4위, 58.0점)",0,0.0000,73198,하락
2024-08-16,055550,신한지주,BUY,1051,55700,58540700,"리밸런싱 매수 (5위, 55.8점)",0,0.0000,73176,하락
2024-08-16,288330,파라택시스코리아,BUY,18214,3215,58558010,"리밸런싱 매수 (6위, 55.5점)",0,0.0000,73198,하락
2024-08-16,365550,ESR켄달스퀘어리츠,BUY,11524,5081,58553444,"리밸런싱 매수 (7위, 55.1점)",0,0.0000,73192,하락
2024-08-16,004310,현대약품,BUY,11348,5160,58555680,"리밸런싱 매수 (8위, 53.9점)",0,0.0000,73195,하락
2024-08-16,175330,JB금융지주,BUY,4038,14500,58551000,"리밸런싱 매수 (9위, 52.2점)",0,0.0000,73189,하락
2024-08-16,334970,프레스티지바이오로직스,BUY,9384,6240,58556160,"리밸런싱 매수 (10위, 51.3점)",0,0.0000,73195,하락
2024-08-19,241710,코스메카코리아,SELL,745,81700,60866500,[리밸런싱] 긴급 매도 (점수 58.1 < 65.0),2307917,0.0408,76083,하락
2024-08-19,330590,롯데리츠,SELL,14592,3954,57696768,[리밸런싱] 긴급 매도 (점수 59.2 < 65.0),-933049,-0.0147,72121,하락
2024-08-19,395400,SK리츠,SELL,11482,5110,58673020,[리밸런싱] 긴급 매도 (점수 59.1 < 65.0),41479,0.0020,73341,하락
2024-08-19,055550,신한지주,SELL,1051,57200,60117200,[리밸런싱] 긴급 매도 (점수 57.2 < 65.0),1501354,0.0269,75146,하락
2024-08-19,288330,파라택시스코리아,SELL,18214,3140,57191960,[리밸런싱] 긴급 매도 (점수 57.3 < 65.0),-1437540,-0.0233,71490,하락
2024-08-19,365550,ESR켄달스퀘어리츠,SELL,11524,4882,56260168,[리밸런싱] 긴급 매도 (점수 54.5 < 65.0),-2363601,-0.0392,70325,하락
2024-08-19,004310,현대약품,SELL,11348,4945,56115860,[리밸런싱] 긴급 매도 (점수 50.5 < 65.0),-2509965,-0.0417,70145,하락
2024-08-19,175330,JB금융지주,SELL,4038,14750,59560500,[리밸런싱] 긴급 매도 (점수 53.2 < 65.0),935049,0.0172,74451,하락
2024-08-19,334970,프레스티지바이오로직스,SELL,9384,6640,62309760,[리밸런싱] 긴급 매도 (점수 49.5 < 65.0),3675713,0.0641,77887,하락
2024-08-19,001755,한양증권우,BUY,2118,24900,52738200,"리밸런싱 매수 (1위, 59.9점)",0,0.0000,65923,하락
2024-08-19,330590,롯데리츠,BUY,13097,4028,52754716,"리밸런싱 매수 (2위, 59.2점)",0,0.0000,65943,하락
2024-08-19,395400,SK리츠,BUY,10426,5060,52755560,"리밸런싱 매수 (3위, 59.1점)",0,0.0000,65944,하락
2024-08-19,241710,코스메카코리아,BUY,657,80300,52757100,"리밸런싱 매수 (4위, 58.1점)",0,0.0000,65946,하락
2024-08-19,288330,파라택시스코리아,BUY,17412,3030,52758360,"리밸런싱 매수 (5위, 57.3점)",0,0.0000,65948,하락
2024-08-19,055550,신한지주,BUY,943,55900,52713700,"리밸런싱 매수 (6위, 57.2점)",0,0.0000,65892,하락
2024-08-19,365550,ESR켄달스퀘어리츠,BUY,10721,4921,52758041,"리밸런싱 매수 (7위, 54.5점)",0,0.0000,65948,하락
2024-08-19,175330,JB금융지주,BUY,3671,14370,52752270,"리밸런싱 매수 (8위, 53.2점)",0,0.0000,65940,하락
2024-08-19,300720,한일시멘트,BUY,3689,14300,52752700,"리밸런싱 매수 (9위, 51.6점)",0,0.0000,65941,하락
2024-08-19,329180,HD현대중공업,BUY,257,205000,52685000,"리밸런싱 매수 (10위, 51.5점)",0,0.0000,65856,하락
2024-08-20,001755,한양증권우,SELL,2118,25300,53585400,[리밸런싱] 긴급 매도 (점수 59.9 < 65.0),780218,0.0161,66982,하락
2024-08-20,330590,롯데리츠,SELL,13097,3954,51785538,[리밸런싱] 긴급 매도 (점수 58.8 < 65.0),-1033910,-0.0184,64732,하락
2024-08-20,395400,SK리츠,SELL,10426,5120,53381120,[리밸런싱] 긴급 매도 (점수 58.7 < 65.0),558834,0.0119,66726,하락
2024-08-20,241710,코스메카코리아,SELL,657,80700,53019900,[리밸런싱] 긴급 매도 (점수 57.7 < 65.0),196525,0.0050,66275,하락
2024-08-20,288330,파라택시스코리아,SELL,17412,3290,57285480,[리밸런싱] 긴급 매도 (점수 57.1 < 65.0),4455513,0.0858,71607,하락
2024-08-20,055550,신한지주,SELL,943,58400,55071200,[리밸런싱] 긴급 매도 (점수 57.9 < 65.0),2288661,0.0447,68839,하락
2024-08-20,365550,ESR켄달스퀘어리츠,SELL,10721,4877,52286317,[리밸런싱] 긴급 매도 (점수 54.1 < 65.0),-537082,-0.0089,65358,하락
2024-08-20,175330,JB금융지주,SELL,3671,15160,55652360,[리밸런싱] 긴급 매도 (점수 54.1 < 65.0),2830525,0.0550,69565,하락
2024-08-20,300720,한일시멘트,SELL,3689,14400,53121600,[리밸런싱] 긴급 매도 (점수 52.2 < 65.0),302498,0.0070,66402,하락
2024-08-20,329180,HD현대중공업,SELL,257,211000,54227000,[리밸런싱] 긴급 매도 (점수 50.9 < 65.0),1474216,0.0293,67784,하락
2024-08-20,001755,한양증권우,BUY,2127,25300,53813100,"리밸런싱 매수 (1위, 59.9점)",0,0.0000,67266,하락
2024-08-20,330590,롯데리츠,BUY,13513,3983,53822279,"리밸런싱 매수 (2위, 58.8점)",0,0.0000,67278,하락
2024-08-20,395400,SK리츠,BUY,10492,5130,53823960,"리밸런싱 매수 (3위, 58.7점)",0,0.0000,67280,하락
2024-08-20,055550,신한지주,BUY,940,57200,53768000,"리밸런싱 매수 (4위, 57.9점)",0,0.0000,67210,하락
2024-08-20,241710,코스메카코리아,BUY,652,82500,53790000,"리밸런싱 매수 (5위, 57.7점)",0,0.0000,67238,하락
2024-08-20,288330,파라택시스코리아,BUY,17278,3115,53820970,"리밸런싱 매수 (6위, 57.1점)",0,0.0000,67276,하락
2024-08-20,365550,ESR켄달스퀘어리츠,BUY,11027,4881,53822787,"리밸런싱 매수 (7위, 54.1점)",0,0.0000,67278,하락
2024-08-20,175330,JB금융지주,BUY,3629,14830,53818070,"리밸런싱 매수 (8위, 54.1점)",0,0.0000,67273,하락
2024-08-20,001750,한양증권,BUY,3454,15580,53813320,"리밸런싱 매수 (9위, 53.0점)",0,0.0000,67267,하락
2024-08-20,300720,한일시멘트,BUY,3712,14500,53824000,"리밸런싱 매수 (10위, 52.2점)",0,0.0000,67280,하락
2024-08-21,001755,한양증권우,SELL,2127,23450,49878150,[리밸런싱] 긴급 매도 (점수 60.6 < 65.0),-3997298,-0.0731,62348,하락
2024-08-21,330590,롯데리츠,SELL,13513,3939,53227707,[리밸런싱] 긴급 매도 (점수 58.6 < 65.0),-661107,-0.0110,66535,하락
2024-08-21,395400,SK리츠,SELL,10492,5120,53719040,[리밸런싱] 긴급 매도 (점수 58.1 < 65.0),-172069,-0.0019,67149,하락
2024-08-21,055550,신한지주,SELL,940,58800,55272000,[리밸런싱] 긴급 매도 (점수 59.1 < 65.0),1434910,0.0280,69090,하락
2024-08-21,241710,코스메카코리아,SELL,652,80700,52616400,[리밸런싱] 긴급 매도 (점수 58.5 < 65.0),-1239370,-0.0218,65770,하락
2024-08-21,288330,파라택시스코리아,SELL,17278,3220,55635160,[리밸런싱] 긴급 매도 (점수 55.2 < 65.0),1744646,0.0337,69544,하락
2024-08-21,365550,ESR켄달스퀘어리츠,SELL,11027,4872,53723544,[리밸런싱] 긴급 매도 (점수 53.6 < 65.0),-166397,-0.0018,67154,하락
2024-08-21,175330,JB금융지주,SELL,3629,15400,55886600,[리밸런싱] 긴급 매도 (점수 54.0 < 65.0),1998672,0.0384,69858,하락
2024-08-21,001750,한양증권,SELL,3454,15800,54573200,[리밸런싱] 긴급 매도 (점수 52.4 < 65.0),691664,0.0141,68216,하락
2024-08-21,300720,한일시멘트,SELL,3712,15110,56088320,[리밸런싱] 긴급 매도 (점수 55.0 < 65.0),2194210,0.0421,70110,하락
2024-08-21,001755,한양증권우,BUY,2174,24800,53915200,"리밸런싱 매수 (1위, 60.6점)",0,0.0000,67394,하락
2024-08-21,055550,신한지주,BUY,920,58600,53912000,"리밸런싱 매수 (2위, 59.1점)",0,0.0000,67390,하락
2024-08-21,330590,롯데리츠,BUY,13746,3924,53939304,"리밸런싱 매수 (3위, 58.6점)",0,0.0000,67424,하락
2024-08-21,241710,코스메카코리아,BUY,671,80300,53881300,"리밸런싱 매수 (4위, 58.5점)",0,0.0000,67352,하락
2024-08-21,395400,SK리츠,BUY,10576,5100,53937600,"리밸런싱 매수 (5위, 58.1점)",0,0.0000,67422,하락
2024-08-21,288330,파라택시스코리아,BUY,16545,3260,53936700,"리밸런싱 매수 (6위, 55.2점)",0,0.0000,67421,하락
2024-08-21,300720,한일시멘트,BUY,3753,14370,53930610,"리밸런싱 매수 (7위, 55.0점)",0,0.0000,67413,하락
2024-08-21,175330,JB금융지주,BUY,3548,15200,53929600,"리밸런싱 매수 (8위, 54.0점)",0,0.0000,67412,하락
2024-08-21,365550,ESR켄달스퀘어리츠,BUY,11062,4876,53938312,"리밸런싱 매수 (9위, 53.6점)",0,0.0000,67423,하락
2024-08-21,001750,한양증권,BUY,3331,16190,53928890,"리밸런싱 매수 (10위, 52.4점)",0,0.0000,67411,하락
2024-08-22,001755,한양증권우,SELL,2174,20850,45327900,[리밸런싱] 긴급 매도 (점수 57.5 < 65.0),-8643960,-0.1593,56660,하락
2024-08-22,055550,신한지주,SELL,920,59100,54372000,[리밸런싱] 긴급 매도 (점수 59.5 < 65.0),392035,0.0085,67965,하락
2024-08-22,330590,롯데리츠,SELL,13746,3934,54076764,[리밸런싱] 긴급 매도 (점수 58.1 < 65.0),69864,0.0025,67596,하락
2024-08-22,241710,코스메카코리아,SELL,671,83200,55827200,[리밸런싱] 긴급 매도 (점수 58.4 < 65.0),1876116,0.0361,69784,하락
2024-08-22,395400,SK리츠,SELL,10576,5140,54360640,[리밸런싱] 긴급 매도 (점수 57.8 < 65.0),355089,0.0078,67951,하락
2024-08-22,288330,파라택시스코리아,SELL,16545,2905,48063225,[리밸런싱] 긴급 매도 (점수 52.8 < 65.0),-5933554,-0.1089,60079,하락
2024-08-22,300720,한일시멘트,SELL,3753,14820,55619460,[리밸런싱] 긴급 매도 (점수 54.0 < 65.0),1619326,0.0313,69524,하락
2024-08-22,175330,JB금융지주,SELL,3548,15500,54994000,[리밸런싱] 긴급 매도 (점수 54.1 < 65.0),995658,0.0197,68742,하락
2024-08-22,365550,ESR켄달스퀘어리츠,SELL,11062,4877,53949374,[리밸런싱] 긴급 매도 (점수 53.6 < 65.0),-56375,0.0002,67437,하락
2024-08-22,001750,한양증권,SELL,3331,15230,50731130,[리밸런싱] 긴급 매도 (점수 50.6 < 65.0),-3261174,-0.0593,63414,하락
2024-08-22,055550,신한지주,BUY,900,58400,52560000,"리밸런싱 매수 (1위, 59.5점)",0,0.0000,65700,하락
2024-08-22,241710,코스메카코리아,BUY,638,82400,52571200,"리밸런싱 매수 (2위, 58.4점)",0,0.0000,65714,하락
2024-08-22,330590,롯데리츠,BUY,13442,3914,52611988,"리밸런싱 매수 (3위, 58.1점)",0,0.0000,65765,하락
2024-08-22,395400,SK리츠,BUY,10276,5120,52613120,"리밸런싱 매수 (4위, 57.8점)",0,0.0000,65766,하락
2024-08-22,001755,한양증권우,BUY,2258,23300,52611400,"리밸런싱 매수 (5위, 57.5점)",0,0.0000,65764,하락
2024-08-22,175330,JB금융지주,BUY,3416,15400,52606400,"리밸런싱 매수 (6위, 54.1점)",0,0.0000,65758,하락
2024-08-22,300720,한일시멘트,BUY,3477,15130,52607010,"리밸런싱 매수 (7위, 54.0점)",0,0.0000,65759,하락
2024-08-22,365550,ESR켄달스퀘어리츠,BUY,10810,4867,52612270,"리밸런싱 매수 (8위, 53.6점)",0,0.0000,65765,하락
2024-08-22,288330,파라택시스코리아,BUY,16863,3120,52612560,"리밸런싱 매수 (9위, 52.8점)",0,0.0000,65766,하락
2024-08-22,006800,미래에셋증권,BUY,6377,8250,52610250,"리밸런싱 매수 (10위, 51.7점)",0,0.0000,65763,하락
2024-08-23,055550,신한지주,SELL,900,60000,54000000,[리밸런싱] 긴급 매도 (점수 60.5 < 65.0),1372500,0.0274,67500,하락
2024-08-23,241710,코스메카코리아,SELL,638,82800,52826400,[리밸런싱] 긴급 매도 (점수 56.7 < 65.0),189167,0.0049,66033,하락
2024-08-23,330590,롯데리츠,SELL,13442,3934,52880828,[리밸런싱] 긴급 매도 (점수 58.5 < 65.0),202739,0.0051,66101,하락
2024-08-23,395400,SK리츠,SELL,10276,5160,53024160,[리밸런싱] 긴급 매도 (점수 58.3 < 65.0),344760,0.0078,66280,하락
2024-08-23,001755,한양증권우,SELL,2258,23500,53063000,[리밸런싱] 긴급 매도 (점수 60.5 < 65.0),385271,0.0086,66329,하락
2024-08-23,175330,JB금융지주,SELL,3416,15350,52435600,[리밸런싱] 긴급 매도 (점수 53.4 < 65.0),-236344,-0.0032,65544,하락
2024-08-23,300720,한일시멘트,SELL,3477,15500,53893500,[리밸런싱] 긴급 매도 (점수 56.4 < 65.0),1219123,0.0245,67367,하락
2024-08-23,365550,ESR켄달스퀘어리츠,SELL,10810,4942,53423020,[리밸런싱] 긴급 매도 (점수 54.4 < 65.0),743971,0.0154,66779,하락
2024-08-23,288330,파라택시스코리아,SELL,16863,3015,50841945,[리밸런싱] 긴급 매도 (점수 54.0 < 65.0),-1834167,-0.0337,63552,하락
2024-08-23,006800,미래에셋증권,SELL,6377,8350,53247950,[리밸런싱] 긴급 매도 (점수 53.1 < 65.0),571140,0.0121,66560,하락
2024-08-23,001755,한양증권우,BUY,2565,20600,52839000,"리밸런싱 매수 (1위, 60.5점)",0,0.0000,66049,하락
2024-08-23,055550,신한지주,BUY,882,59900,52831800,"리밸런싱 매수 (2위, 60.5점)",0,0.0000,66040,하락
2024-08-23,330590,롯데리츠,BUY,13432,3934,52841488,"리밸런싱 매수 (3위, 58.5점)",0,0.0000,66052,하락
2024-08-23,395400,SK리츠,BUY,10361,5100,52841100,"리밸런싱 매수 (4위, 58.3점)",0,0.0000,66051,하락
2024-08-23,241710,코스메카코리아,BUY,648,81500,52812000,"리밸런싱 매수 (5위, 56.7점)",0,0.0000,66015,하락
2024-08-23,300720,한일시멘트,BUY,3544,14910,52841040,"리밸런싱 매수 (6위, 56.4점)",0,0.0000,66051,하락
2024-08-23,365550,ESR켄달스퀘어리츠,BUY,10924,4837,52839388,"리밸런싱 매수 (7위, 54.4점)",0,0.0000,66049,하락
2024-08-23,288330,파라택시스코리아,BUY,18380,2875,52842500,"리밸런싱 매수 (8위, 54.0점)",0,0.0000,66053,하락
2024-08-23,175330,JB금융지주,BUY,3429,15410,52840890,"리밸런싱 매수 (9위, 53.4점)",0,0.0000,66051,하락
2024-08-23,006800,미래에셋증권,BUY,6389,8270,52837030,"리밸런싱 매수 (10위, 53.1점)",0,0.0000,66046,하락
2024-08-26,001755,한양증권우,SELL,2565,21100,54121500,[리밸런싱] 긴급 매도 (점수 57.3 < 65.0),1214848,0.0243,67652,하락
2024-08-26,055550,신한지주,SELL,882,61400,54154800,[리밸런싱] 긴급 매도 (점수 60.5 < 65.0),1255306,0.0250,67694,하락
2024-08-26,330590,롯데리츠,SELL,13432,3969,53311608,[리밸런싱] 긴급 매도 (점수 59.9 < 65.0),403480,0.0089,66640,하락
2024-08-26,395400,SK리츠,SELL,10361,5200,53877200,[리밸런싱] 긴급 매도 (점수 59.3 < 65.0),968754,0.0196,67346,하락
2024-08-26,241710,코스메카코리아,SELL,648,78000,50544000,[리밸런싱] 긴급 매도 (점수 51.0 < 65.0),-2331180,-0.0429,63180,하락
2024-08-26,300720,한일시멘트,SELL,3544,15350,54400400,[리밸런싱] 긴급 매도 (점수 55.7 < 65.0),1491360,0.0295,68000,하락
2024-08-26,365550,ESR켄달스퀘어리츠,SELL,10924,4992,54532608,[리밸런싱] 긴급 매도 (점수 55.5 < 65.0),1625054,0.0320,68166,하락
2024-08-26,288330,파라택시스코리아,SELL,18380,3250,59735000,[리밸런싱] 긴급 매도 (점수 56.8 < 65.0),6817831,0.1304,74669,하락
2024-08-26,175330,JB금융지주,SELL,3429,15550,53320950,[리밸런싱] 긴급 매도 (점수 53.9 < 65.0),413409,0.0091,66651,하락
2024-08-26,006800,미래에셋증권,SELL,6389,8510,54370390,[리밸런싱] 긴급 매도 (점수 52.9 < 65.0),1465397,0.0290,67963,하락
2024-08-26,055550,신한지주,BUY,904,59800,54059200,"리밸런싱 매수 (1위, 60.5점)",0,0.0000,67574,하락
2024-08-26,330590,롯데리츠,BUY,13754,3934,54108236,"리밸런싱 매수 (2위, 59.9점)",0,0.0000,67635,하락
2024-08-26,395400,SK리츠,BUY,10425,5190,54105750,"리밸런싱 매수 (3위, 59.3점)",0,0.0000,67632,하락
2024-08-26,001755,한양증권우,BUY,2347,23050,54098350,"리밸런싱 매수 (4위, 57.3점)",0,0.0000,67623,하락
2024-08-26,288330,파라택시스코리아,BUY,17946,3015,54107190,"리밸런싱 매수 (5위, 56.8점)",0,0.0000,67634,하락
2024-08-26,300720,한일시멘트,BUY,3488,15510,54098880,"리밸런싱 매수 (6위, 55.7점)",0,0.0000,67624,하락
2024-08-26,365550,ESR켄달스퀘어리츠,BUY,11094,4877,54105438,"리밸런싱 매수 (7위, 55.5점)",0,0.0000,67632,하락
2024-08-26,015760,한국전력,BUY,2546,21250,54102500,"리밸런싱 매수 (8위, 54.1점)",0,0.0000,67628,하락
2024-08-26,175330,JB금융지주,BUY,3527,15340,54104180,"리밸런싱 매수 (9위, 53.9점)",0,0.0000,67630,하락
2024-08-26,006800,미래에셋증권,BUY,6441,8400,54104400,"리밸런싱 매수 (10위, 52.9점)",0,0.0000,67630,하락
2024-08-27,055550,신한지주,SELL,904,59700,53968800,[리밸런싱] 긴급 매도 (점수 58.2 < 65.0),-157861,-0.0017,67461,하락
2024-08-27,330590,롯데리츠,SELL,13754,3859,53076686,[리밸런싱] 긴급 매도 (점수 57.0 < 65.0),-1097896,-0.0191,66346,하락
2024-08-27,395400,SK리츠,SELL,10425,5210,54314250,[리밸런싱] 긴급 매도 (점수 58.8 < 65.0),140607,0.0039,67893,하락
2024-08-27,001755,한양증권우,SELL,2347,23350,54802450,[리밸런싱] 긴급 매도 (점수 60.0 < 65.0),635597,0.0130,68503,하락
2024-08-27,288330,파라택시스코리아,SELL,17946,3465,62182890,[리밸런싱] 긴급 매도 (점수 58.7 < 65.0),7997971,0.1493,77729,하락
2024-08-27,300720,한일시멘트,SELL,3488,15250,53192000,[리밸런싱] 긴급 매도 (점수 54.1 < 65.0),-973370,-0.0168,66490,하락
2024-08-27,365550,ESR켄달스퀘어리츠,SELL,11094,5002,55492188,[리밸런싱] 긴급 매도 (점수 55.0 < 65.0),1317385,0.0256,69365,하락
2024-08-27,015760,한국전력,SELL,2546,22750,57921500,[리밸런싱] 긴급 매도 (점수 54.7 < 65.0),3746598,0.0706,72402,하락
2024-08-27,175330,JB금융지주,SELL,3527,15100,53257700,[리밸런싱] 긴급 매도 (점수 51.0 < 65.0),-913052,-0.0156,66572,하락
2024-08-27,006800,미래에셋증권,SELL,6441,8480,54619680,[리밸런싱] 긴급 매도 (점수 53.0 < 65.0),447005,0.0095,68275,하락
2024-08-27,001755,한양증권우,BUY,2671,20650,55156150,"리밸런싱 매수 (1위, 60.0점)",0,0.0000,68945,하락
2024-08-27,395400,SK리츠,BUY,10566,5220,55154520,"리밸런싱 매수 (2위, 58.8점)",0,0.0000,68943,하락
2024-08-27,288330,파라택시스코리아,BUY,16613,3320,55155160,"리밸런싱 매수 (3위, 58.7점)",0,0.0000,68944,하락
2024-08-27,055550,신한지주,BUY,892,61800,55125600,"리밸런싱 매수 (4위, 58.2점)",0,0.0000,68907,하락
2024-08-27,330590,롯데리츠,BUY,13882,3973,55153186,"리밸런싱 매수 (5위, 57.0점)",0,0.0000,68941,하락
2024-08-27,365550,ESR켄달스퀘어리츠,BUY,10919,5051,55151869,"리밸런싱 매수 (6위, 55.0점)",0,0.0000,68940,하락
2024-08-27,015760,한국전력,BUY,2501,22050,55147050,"리밸런싱 매수 (7위, 54.7점)",0,0.0000,68934,하락
2024-08-27,300720,한일시멘트,BUY,3607,15290,55151030,"리밸런싱 매수 (8위, 54.1점)",0,0.0000,68939,하락
2024-08-27,006800,미래에셋증권,BUY,6473,8520,55149960,"리밸런싱 매수 (9위, 53.0점)",0,0.0000,68937,하락
2024-08-27,005389,현대차3우B,BUY,333,165500,55111500,"리밸런싱 매수 (10위, 52.3점)",0,0.0000,68889,하락
2024-08-27,001755,한양증권우,SELL,2671,24780,66187380,목표 익절 도달 (20.0%),10948496,0.2000,82734,하락
2024-08-28,395400,SK리츠,SELL,10566,5210,55048860,[리밸런싱] 긴급 매도 (점수 57.9 < 65.0),-174471,-0.0019,68811,하락
2024-08-28,288330,파라택시스코리아,SELL,16613,3400,56484200,[리밸런싱] 긴급 매도 (점수 58.2 < 65.0),1258435,0.0241,70605,하락
2024-08-28,055550,신한지주,SELL,892,57600,51379200,[리밸런싱] 긴급 매도 (점수 57.5 < 65.0),-3810624,-0.0680,64224,하락
2024-08-28,330590,롯데리츠,SELL,13882,3914,54334148,[리밸런싱] 긴급 매도 (점수 57.4 < 65.0),-886956,-0.0149,67918,하락
2024-08-28,365550,ESR켄달스퀘어리츠,SELL,10919,5021,54824299,[리밸런싱] 긴급 매도 (점수 54.9 < 65.0),-396100,-0.0059,68530,하락
2024-08-28,015760,한국전력,SELL,2501,22550,56397550,[리밸런싱] 긴급 매도 (점수 53.4 < 65.0),1180003,0.0227,70497,하락
2024-08-28,300720,한일시멘트,SELL,3607,14900,53744300,[리밸런싱] 긴급 매도 (점수 54.3 < 65.0),-1473910,-0.0255,67180,하락
2024-08-28,006800,미래에셋증권,SELL,6473,8340,53984820,[리밸런싱] 긴급 매도 (점수 52.5 < 65.0),-1232621,-0.0211,67481,하락
2024-08-28,005389,현대차3우B,SELL,333,171800,57209400,[리밸런싱] 긴급 매도 (점수 52.5 < 65.0),2026388,0.0381,71512,하락
2024-08-28,001755,한양증권우,BUY,2470,22600,55822000,"리밸런싱 매수 (1위, 59.6점)",0,0.0000,69778,하락
2024-08-28,288330,파라택시스코리아,BUY,16159,3455,55829345,"리밸런싱 매수 (2위, 58.2점)",0,0.0000,69787,하락
2024-08-28,395400,SK리츠,BUY,10716,5210,55830360,"리밸런싱 매수 (3위, 57.9점)",0,0.0000,69788,하락
2024-08-28,055550,신한지주,BUY,939,59400,55776600,"리밸런싱 매수 (4위, 57.5점)",0,0.0000,69721,하락
2024-08-28,330590,롯데리츠,BUY,14486,3854,55829044,"리밸런싱 매수 (5위, 57.4점)",0,0.0000,69786,하락
2024-08-28,365550,ESR켄달스퀘어리츠,BUY,11164,5001,55831164,"리밸런싱 매수 (6위, 54.9점)",0,0.0000,69789,하락
2024-08-28,300720,한일시멘트,BUY,3690,15130,55829700,"리밸런싱 매수 (7위, 54.3점)",0,0.0000,69787,하락
2024-08-28,015760,한국전력,BUY,2454,22750,55828500,"리밸런싱 매수 (8위, 53.4점)",0,0.0000,69786,하락
2024-08-28,005389,현대차3우B,BUY,334,167100,55811400,"리밸런싱 매수 (9위, 52.5점)",0,0.0000,69764,하락
2024-08-28,006800,미래에셋증권,BUY,6599,8460,55827540,"리밸런싱 매수 (10위, 52.5점)",0,0.0000,69784,하락
2024-08-29,001755,한양증권우,SELL,2470,22650,55945500,[리밸런싱] 긴급 매도 (점수 59.5 < 65.0),53568,0.0022,69932,하락
2024-08-29,288330,파라택시스코리아,SELL,16159,3610,58333990,[리밸런싱] 긴급 매도 (점수 59.4 < 65.0),2431728,0.0449,72917,하락
2024-08-29,395400,SK리츠,SELL,10716,5190,55616040,[리밸런싱] 긴급 매도 (점수 56.9 < 65.0),-283840,-0.0038,69520,하락
2024-08-29,055550,신한지주,SELL,939,57100,53616900,[리밸런싱] 긴급 매도 (점수 57.8 < 65.0),-2226721,-0.0387,67021,하락
2024-08-29,330590,롯데리츠,SELL,14486,3929,56915494,[리밸런싱] 긴급 매도 (점수 58.3 < 65.0),1015306,0.0195,71144,하락
2024-08-29,365550,ESR켄달스퀘어리츠,SELL,11164,4982,55619048,[리밸런싱] 긴급 매도 (점수 54.2 < 65.0),-281640,-0.0038,69524,하락
2024-08-29,300720,한일시멘트,SELL,3690,14940,55128600,[리밸런싱] 긴급 매도 (점수 54.9 < 65.0),-770011,-0.0126,68911,하락
2024-08-29,015760,한국전력,SELL,2454,22250,54601500,[리밸런싱] 긴급 매도 (점수 53.2 < 65.0),-1295252,-0.0220,68252,하락
2024-08-29,005389,현대차3우B,SELL,334,183000,61122000,[리밸런싱] 긴급 매도 (점수 55.1 < 65.0),5234198,0.0952,76402,하락
2024-08-29,006800,미래에셋증권,SELL,6599,8370,55233630,[리밸런싱] 긴급 매도 (점수 53.9 < 65.0),-662952,-0.0106,69042,하락
2024-08-29,001755,한양증권우,BUY,2454,22850,56073900,"리밸런싱 매수 (1위, 59.5점)",0,0.0000,70092,하락
2024-08-29,288330,파라택시스코리아,BUY,16495,3400,56083000,"리밸런싱 매수 (2위, 59.4점)",0,0.0000,70104,하락
2024-08-29,330590,롯데리츠,BUY,14476,3874,56080024,"리밸런싱 매수 (3위, 58.3점)",0,0.0000,70100,하락
2024-08-29,055550,신한지주,BUY,982,57100,56072200,"리밸런싱 매수 (4위, 57.8점)",0,0.0000,70090,하락
2024-08-29,395400,SK리츠,BUY,10764,5210,56080440,"리밸런싱 매수 (5위, 56.9점)",0,0.0000,70101,하락
2024-08-29,005389,현대차3우B,BUY,320,175000,56000000,"리밸런싱 매수 (6위, 55.1점)",0,0.0000,70000,하락
2024-08-29,300720,한일시멘트,BUY,3766,14890,56075740,"리밸런싱 매수 (7위, 54.9점)",0,0.0000,70095,하락
2024-08-29,005385,현대차우,BUY,311,179900,55948900,"리밸런싱 매수 (8위, 54.4점)",0,0.0000,69936,하락
2024-08-29,005387,현대차2우B,BUY,304,184000,55936000,"리밸런싱 매수 (9위, 54.2점)",0,0.0000,69920,하락
2024-08-29,365550,ESR켄달스퀘어리츠,BUY,11169,5021,56079549,"리밸런싱 매수 (10위, 54.2점)",0,0.0000,70099,하락
2024-08-30,001755,한양증권우,SELL,2454,21450,52638300,[리밸런싱] 긴급 매도 (점수 58.0 < 65.0),-3501398,-0.0613,65798,하락
2024-08-30,288330,파라택시스코리아,SELL,16495,3620,59711900,[리밸런싱] 긴급 매도 (점수 59.3 < 65.0),3554260,0.0647,74640,하락
2024-08-30,330590,롯데리츠,SELL,14476,3939,57020964,[리밸런싱] 긴급 매도 (점수 57.5 < 65.0),869664,0.0168,71276,하락
2024-08-30,055550,신한지주,SELL,982,56100,55090200,[리밸런싱] 긴급 매도 (점수 56.8 < 65.0),-1050863,-0.0175,68863,하락
2024-08-30,395400,SK리츠,SELL,10764,5330,57372120,[리밸런싱] 긴급 매도 (점수 57.6 < 65.0),1219965,0.0230,71715,하락
2024-08-30,005389,현대차3우B,SELL,320,181500,58080000,[리밸런싱] 긴급 매도 (점수 54.5 < 65.0),2007400,0.0371,72600,하락
2024-08-30,300720,한일시멘트,SELL,3766,14780,55661480,[리밸런싱] 긴급 매도 (점수 53.2 < 65.0),-483837,-0.0074,69577,하락
2024-08-30,005385,현대차우,SELL,311,181500,56446500,[리밸런싱] 긴급 매도 (점수 53.6 < 65.0),427042,0.0089,70558,하락
2024-08-30,005387,현대차2우B,SELL,304,185000,56240000,[리밸런싱] 긴급 매도 (점수 53.3 < 65.0),233700,0.0054,70300,하락
2024-08-30,365550,ESR켄달스퀘어리츠,SELL,11169,5111,57084759,[리밸런싱] 긴급 매도 (점수 54.9 < 65.0),933854,0.0179,71356,하락
2024-08-30,288330,파라택시스코리아,BUY,15807,3570,56430990,"리밸런싱 매수 (1위, 59.3점)",0,0.0000,70539,하락
2024-08-30,001755,한양증권우,BUY,2565,22000,56430000,"리밸런싱 매수 (2위, 58.0점)",0,0.0000,70538,하락
2024-08-30,395400,SK리츠,BUY,10852,5200,56430400,"리밸런싱 매수 (3위, 57.6점)",0,0.0000,70538,하락
2024-08-30,330590,롯데리츠,BUY,14473,3899,56430227,"리밸런싱 매수 (4위, 57.5점)",0,0.0000,70538,하락
2024-08-30,055550,신한지주,BUY,974,57900,56394600,"리밸런싱 매수 (5위, 56.8점)",0,0.0000,70493,하락
2024-08-30,365550,ESR켄달스퀘어리츠,BUY,11239,5021,56431019,"리밸런싱 매수 (6위, 54.9점)",0,0.0000,70539,하락
2024-08-30,005389,현대차3우B,BUY,307,183300,56273100,"리밸런싱 매수 (7위, 54.5점)",0,0.0000,70341,하락
2024-08-30,006800,미래에셋증권,BUY,6694,8430,56430420,"리밸런싱 매수 (8위, 54.0점)",0,0.0000,70538,하락
2024-08-30,005385,현대차우,BUY,303,186000,56358000,"리밸런싱 매수 (9위, 53.6점)",0,0.0000,70448,하락
2024-08-30,005387,현대차2우B,BUY,298,189300,56411400,"리밸런싱 매수 (10위, 53.3점)",0,0.0000,70514,하락
2024-09-02,288330,파라택시스코리아,SELL,15807,3710,58643970,[리밸런싱] 긴급 매도 (점수 59.2 < 65.0),2139675,0.0392,73305,하락
2024-09-02,001755,한양증권우,SELL,2565,22450,57584250,[리밸런싱] 긴급 매도 (점수 58.7 < 65.0),1082270,0.0205,71980,하락
2024-09-02,395400,SK리츠,SELL,10852,5280,57298560,[리밸런싱] 긴급 매도 (점수 56.6 < 65.0),796537,0.0154,71623,하락
2024-09-02,330590,롯데리츠,SELL,14473,3914,56647322,[리밸런싱] 긴급 매도 (점수 56.1 < 65.0),146286,0.0038,70809,하락
2024-09-02,055550,신한지주,SELL,974,56300,54836200,[리밸런싱] 긴급 매도 (점수 56.1 < 65.0),-1626945,-0.0276,68545,하락
2024-09-02,365550,ESR켄달스퀘어리츠,SELL,11239,5002,56217478,[리밸런싱] 긴급 매도 (점수 38.9 < 65.0),-283813,-0.0038,70272,하락
2024-09-02,005389,현대차3우B,SELL,307,177600,54523200,[리밸런싱] 긴급 매도 (점수 53.8 < 65.0),-1818054,-0.0311,68154,하락
2024-09-02,006800,미래에셋증권,SELL,6694,8450,56564300,[리밸런싱] 긴급 매도 (점수 53.8 < 65.0),63175,0.0024,70705,하락
2024-09-02,005385,현대차우,SELL,303,179000,54237000,[리밸런싱] 긴급 매도 (점수 53.7 < 65.0),-2188796,-0.0376,67796,하락
2024-09-02,005387,현대차2우B,SELL,298,182500,54385000,[리밸런싱] 긴급 매도 (점수 53.4 < 65.0),-2094381,-0.0359,67981,하락
2024-09-02,288330,파라택시스코리아,BUY,15401,3635,55982635,"리밸런싱 매수 (1위, 59.2점)",0,0.0000,69978,하락
2024-09-02,001755,한양증권우,BUY,2610,21450,55984500,"리밸런싱 매수 (2위, 58.7점)",0,0.0000,69981,하락
2024-09-02,395400,SK리츠,BUY,10464,5350,55982400,"리밸런싱 매수 (3위, 56.6점)",0,0.0000,69978,하락
2024-09-02,055550,신한지주,BUY,990,56500,55935000,"리밸런싱 매수 (4위, 56.1점)",0,0.0000,69919,하락
2024-09-02,330590,롯데리츠,BUY,14126,3963,55981338,"리밸런싱 매수 (5위, 56.1점)",0,0.0000,69977,하락
2024-09-02,005389,현대차3우B,BUY,311,180000,55980000,"리밸런싱 매수 (6위, 53.8점)",0,0.0000,69975,하락
2024-09-02,006800,미래에셋증권,BUY,6664,8400,55977600,"리밸런싱 매수 (7위, 53.8점)",0,0.0000,69972,하락
2024-09-02,005385,현대차우,BUY,308,181400,55871200,"리밸런싱 매수 (8위, 53.7점)",0,0.0000,69839,하락
2024-09-02,005387,현대차2우B,BUY,302,184900,55839800,"리밸런싱 매수 (9위, 53.4점)",0,0.0000,69800,하락
2024-09-02,004310,현대약품,BUY,12170,4600,55982000,"리밸런싱 매수 (10위, 52.9점)",0,0.0000,69978,하락
2024-09-02,001755,한양증권우,SELL,2610,25740,67181400,목표 익절 도달 (20.0%),11112923,0.2000,83977,하락
2024-09-03,288330,파라택시스코리아,SELL,15401,4260,65608260,[리밸런싱] 긴급 매도 (점수 60.7 < 65.0),9543615,0.1719,82010,하락
2024-09-03,395400,SK리츠,SELL,10464,5290,55354560,[리밸런싱] 긴급 매도 (점수 56.8 < 65.0),-697033,-0.0112,69193,하락
2024-09-03,055550,신한지주,SELL,990,57200,56628000,[리밸런싱] 긴급 매도 (점수 57.9 < 65.0),622215,0.0124,70785,하락
2024-09-03,330590,롯데리츠,SELL,14126,3919,55359794,[리밸런싱] 긴급 매도 (점수 56.8 < 65.0),-690744,-0.0111,69200,하락
2024-09-03,005389,현대차3우B,SELL,311,173200,53865200,[리밸런싱] 긴급 매도 (점수 54.1 < 65.0),-2182132,-0.0378,67332,하락
2024-09-03,006800,미래에셋증권,SELL,6664,8560,57043840,[리밸런싱] 긴급 매도 (점수 55.9 < 65.0),994935,0.0190,71305,하락
2024-09-03,005385,현대차우,SELL,308,174000,53592000,[리밸런싱] 긴급 매도 (점수 52.7 < 65.0),-2346190,-0.0408,66990,하락
2024-09-03,005387,현대차2우B,SELL,302,177000,53454000,[리밸런싱] 긴급 매도 (점수 52.5 < 65.0),-2452618,-0.0427,66818,하락
2024-09-03,004310,현대약품,SELL,12170,4720,57442400,[리밸런싱] 긴급 매도 (점수 53.7 < 65.0),1388597,0.0261,71803,하락
2024-09-03,288330,파라택시스코리아,BUY,15912,3610,57442320,"리밸런싱 매수 (1위, 60.7점)",0,0.0000,71803,하락
2024-09-03,001755,한양증권우,BUY,2611,22000,57442000,"리밸런싱 매수 (2위, 59.4점)",0,0.0000,71802,하락
2024-09-03,055550,신한지주,BUY,1020,56300,57426000,"리밸런싱 매수 (3위, 57.9점)",0,0.0000,71782,하락
2024-09-03,330590,롯데리츠,BUY,14752,3894,57444288,"리밸런싱 매수 (4위, 56.8점)",0,0.0000,71805,하락
2024-09-03,395400,SK리츠,BUY,10838,5300,57441400,"리밸런싱 매수 (5위, 56.8점)",0,0.0000,71802,하락
2024-09-03,006800,미래에셋증권,BUY,6742,8520,57441840,"리밸런싱 매수 (6위, 55.9점)",0,0.0000,71802,하락
2024-09-03,005389,현대차3우B,BUY,323,177600,57364800,"리밸런싱 매수 (7위, 54.1점)",0,0.0000,71706,하락
2024-09-03,300720,한일시멘트,BUY,3958,14510,57430580,"리밸런싱 매수 (8위, 53.9점)",0,0.0000,71788,하락
2024-09-03,001750,한양증권,BUY,3742,15350,57439700,"리밸런싱 매수 (9위, 53.8점)",0,0.0000,71800,하락
2024-09-03,004310,현대약품,BUY,12487,4600,57440200,"리밸런싱 매수 (10위, 53.7점)",0,0.0000,71800,하락
2024-09-03,288330,파라택시스코리아,SELL,15912,4332,68930784,목표 익절 도달 (20.0%),11402301,0.2000,86163,하락
2024-09-03,001755,한양증권우,SELL,2611,26400,68930400,목표 익절 도달 (20.0%),11402237,0.2000,86163,하락
2024-09-04,055550,신한지주,SELL,1020,55500,56610000,[리밸런싱] 긴급 매도 (점수 56.4 < 65.0),-886762,-0.0142,70762,하락
2024-09-04,330590,롯데리츠,SELL,14752,3869,57075488,[리밸런싱] 긴급 매도 (점수 55.6 < 65.0),-440144,-0.0064,71344,하락
2024-09-04,395400,SK리츠,SELL,10838,5330,57766540,[리밸런싱] 긴급 매도 (점수 56.8 < 65.0),252932,0.0057,72208,하락
2024-09-04,006800,미래에셋증권,SELL,6742,8390,56565380,[리밸런싱] 긴급 매도 (점수 55.7 < 65.0),-947167,-0.0153,70707,하락
2024-09-04,005389,현대차3우B,SELL,323,169600,54780800,[리밸런싱] 긴급 매도 (점수 52.5 < 65.0),-2652476,-0.0450,68476,하락
2024-09-04,300720,한일시멘트,SELL,3958,14410,57034780,[리밸런싱] 긴급 매도 (점수 53.6 < 65.0),-467093,-0.0069,71293,하락
2024-09-04,001750,한양증권,SELL,3742,16080,60171360,[리밸런싱] 긴급 매도 (점수 52.5 < 65.0),2656446,0.0476,75214,하락
2024-09-04,004310,현대약품,SELL,12487,4525,56503675,[리밸런싱] 긴급 매도 (점수 51.9 < 65.0),-1007155,-0.0163,70630,하락
2024-09-04,288330,파라택시스코리아,BUY,14187,4180,59301660,"리밸런싱 매수 (1위, 61.3점)",0,0.0000,74127,하락
2024-09-04,001755,한양증권우,BUY,2164,27400,59293600,"리밸런싱 매수 (2위, 57.6점)",0,0.0000,74117,하락
2024-09-04,395400,SK리츠,BUY,11231,5280,59299680,"리밸런싱 매수 (3위, 56.8점)",0,0.0000,74125,하락
2024-09-04,055550,신한지주,BUY,1042,56900,59289800,"리밸런싱 매수 (4위, 56.4점)",0,0.0000,74112,하락
2024-09-04,006800,미래에셋증권,BUY,7060,8400,59304000,"리밸런싱 매수 (5위, 55.7점)",0,0.0000,74130,하락
2024-09-04,330590,롯데리츠,BUY,15367,3859,59301253,"리밸런싱 매수 (6위, 55.6점)",0,0.0000,74127,하락
2024-09-04,300720,한일시멘트,BUY,4147,14300,59302100,"리밸런싱 매수 (7위, 53.6점)",0,0.0000,74128,하락
2024-09-04,015760,한국전력,BUY,2758,21500,59297000,"리밸런싱 매수 (8위, 53.1점)",0,0.0000,74121,하락
2024-09-04,175330,JB금융지주,BUY,4112,14420,59295040,"리밸런싱 매수 (9위, 52.9점)",0,0.0000,74119,하락
2024-09-04,005389,현대차3우B,BUY,351,168600,59178600,"리밸런싱 매수 (10위, 52.5점)",0,0.0000,73973,하락
2024-09-05,288330,파라택시스코리아,SELL,14187,3810,54052470,[리밸런싱] 긴급 매도 (점수 60.5 < 65.0),-5316756,-0.0885,67566,하락
2024-09-05,001755,한양증권우,SELL,2164,23700,51286800,[리밸런싱] 긴급 매도 (점수 56.6 < 65.0),-8070908,-0.1350,64108,하락
2024-09-05,395400,SK리츠,SELL,11231,5280,59299680,[리밸런싱] 긴급 매도 (점수 56.0 < 65.0),-74125,0.0000,74125,하락
2024-09-05,055550,신한지주,SELL,1042,56200,58560400,[리밸런싱] 긴급 매도 (점수 55.4 < 65.0),-802600,-0.0123,73200,하락
2024-09-05,006800,미래에셋증권,SELL,7060,8450,59657000,[리밸런싱] 긴급 매도 (점수 55.7 < 65.0),278429,0.0060,74571,하락
2024-09-05,330590,롯데리츠,SELL,15367,3759,57764553,[리밸런싱] 긴급 매도 (점수 54.4 < 65.0),-1608906,-0.0259,72206,하락
2024-09-05,300720,한일시멘트,SELL,4147,14660,60795020,[리밸런싱] 긴급 매도 (점수 54.6 < 65.0),1416926,0.0252,75994,하락
2024-09-05,015760,한국전력,SELL,2758,22300,61503400,[리밸런싱] 긴급 매도 (점수 53.8 < 65.0),2129521,0.0372,76879,하락
2024-09-05,175330,JB금융지주,SELL,4112,14490,59582880,[리밸런싱] 긴급 매도 (점수 52.5 < 65.0),213361,0.0049,74479,하락
2024-09-05,005389,현대차3우B,SELL,351,167200,58687200,[리밸런싱] 긴급 매도 (점수 51.5 < 65.0),-564759,-0.0083,73359,하락
2024-09-05,288330,파라택시스코리아,BUY,14479,4005,57988395,"리밸런싱 매수 (1위, 60.5점)",0,0.0000,72485,하락
2024-09-05,001755,한양증권우,BUY,2436,23800,57976800,"리밸런싱 매수 (2위, 56.6점)",0,0.0000,72471,하락
2024-09-05,395400,SK리츠,BUY,10879,5330,57985070,"리밸런싱 매수 (3위, 56.0점)",0,0.0000,72481,하락
2024-09-05,006800,미래에셋증권,BUY,6870,8440,57982800,"리밸런싱 매수 (4위, 55.7점)",0,0.0000,72478,하락
2024-09-05,055550,신한지주,BUY,1035,56000,57960000,"리밸런싱 매수 (5위, 55.4점)",0,0.0000,72450,하락
2024-09-05,300720,한일시멘트,BUY,4021,14420,57982820,"리밸런싱 매수 (6위, 54.6점)",0,0.0000,72479,하락
2024-09-05,330590,롯데리츠,BUY,14972,3873,57986556,"리밸런싱 매수 (7위, 54.4점)",0,0.0000,72483,하락
2024-09-05,015760,한국전력,BUY,2635,22000,57970000,"리밸런싱 매수 (8위, 53.8점)",0,0.0000,72462,하락
2024-09-05,175330,JB금융지주,BUY,4049,14320,57981680,"리밸런싱 매수 (9위, 52.5점)",0,0.0000,72477,하락
2024-09-05,001750,한양증권,BUY,3638,15940,57989720,"리밸런싱 매수 (10위, 52.5점)",0,0.0000,72487,하락
2024-09-06,288330,파라택시스코리아,SELL,14479,3490,50531710,[리밸런싱] 긴급 매도 (점수 59.4 < 65.0),-7519850,-0.1286,63165,하락
2024-09-06,001755,한양증권우,SELL,2436,23900,58220400,[리밸런싱] 긴급 매도 (점수 56.9 < 65.0),170824,0.0042,72776,하락
2024-09-06,395400,SK리츠,SELL,10879,5400,58746600,[리밸런싱] 긴급 매도 (점수 57.2 < 65.0),688097,0.0131,73433,하락
2024-09-06,006800,미래에셋증권,SELL,6870,8300,57021000,[리밸런싱] 긴급 매도 (점수 54.6 < 65.0),-1033076,-0.0166,71276,하락
2024-09-06,055550,신한지주,SELL,1035,57100,59098500,[리밸런싱] 긴급 매도 (점수 55.7 < 65.0),1064627,0.0196,73873,하락
2024-09-06,300720,한일시멘트,SELL,4021,14310,57540510,[리밸런싱] 긴급 매도 (점수 51.4 < 65.0),-514236,-0.0076,71926,하락
2024-09-06,330590,롯데리츠,SELL,14972,3779,56579188,[리밸런싱] 긴급 매도 (점수 54.8 < 65.0),-1478092,-0.0243,70724,하락
2024-09-06,015760,한국전력,SELL,2635,21900,57706500,[리밸런싱] 긴급 매도 (점수 53.1 < 65.0),-335633,-0.0045,72133,하락
2024-09-06,175330,JB금융지주,SELL,4049,14410,58346090,[리밸런싱] 긴급 매도 (점수 52.8 < 65.0),291477,0.0063,72933,하락
2024-09-06,001750,한양증권,SELL,3638,15930,57953340,[리밸런싱] 긴급 매도 (점수 52.1 < 65.0),-108822,-0.0006,72442,하락
2024-09-06,288330,파라택시스코리아,BUY,14854,3840,57039360,"리밸런싱 매수 (1위, 59.4점)",0,0.0000,71299,하락
2024-09-06,395400,SK리츠,BUY,10803,5280,57039840,"리밸런싱 매수 (2위, 57.2점)",0,0.0000,71300,하락
2024-09-06,001755,한양증권우,BUY,2432,23450,57030400,"리밸런싱 매수 (3위, 56.9점)",0,0.0000,71288,하락
2024-09-06,055550,신한지주,BUY,1005,56700,56983500,"리밸런싱 매수 (4위, 55.7점)",0,0.0000,71229,하락
2024-09-06,330590,롯데리츠,BUY,15214,3749,57037286,"리밸런싱 매수 (5위, 54.8점)",0,0.0000,71297,하락
2024-09-06,006800,미래에셋증권,BUY,6750,8450,57037500,"리밸런싱 매수 (6위, 54.6점)",0,0.0000,71297,하락
2024-09-06,015760,한국전력,BUY,2557,22300,57021100,"리밸런싱 매수 (7위, 53.1점)",0,0.0000,71276,하락
2024-09-06,175330,JB금융지주,BUY,3904,14610,57037440,"리밸런싱 매수 (8위, 52.8점)",0,0.0000,71297,하락
2024-09-06,001750,한양증권,BUY,3644,15650,57028600,"리밸런싱 매수 (9위, 52.1점)",0,0.0000,71286,하락
2024-09-06,300720,한일시멘트,BUY,3882,14690,57026580,"리밸런싱 매수 (10위, 51.4점)",0,0.0000,71283,하락
2024-09-09,288330,파라택시스코리아,SELL,14854,3305,49092470,[리밸런싱] 긴급 매도 (점수 57.8 < 65.0),-8008256,-0.1393,61366,하락
2024-09-09,395400,SK리츠,SELL,10803,5420,58552260,[리밸런싱] 긴급 매도 (점수 57.6 < 65.0),1439230,0.0265,73190,하락
2024-09-09,001755,한양증권우,SELL,2432,23150,56300800,[리밸런싱] 긴급 매도 (점수 56.6 < 65.0),-799976,-0.0128,70376,하락
2024-09-09,055550,신한지주,SELL,1005,56100,56380500,[리밸런싱] 긴급 매도 (점수 55.2 < 65.0),-673476,-0.0106,70476,하락
2024-09-09,330590,롯데리츠,SELL,15214,3744,56961216,[리밸런싱] 긴급 매도 (점수 55.2 < 65.0),-147272,-0.0013,71202,하락
2024-09-09,006800,미래에셋증권,SELL,6750,8340,56295000,[리밸런싱] 긴급 매도 (점수 55.1 < 65.0),-812869,-0.0130,70369,하락
2024-09-09,015760,한국전력,SELL,2557,21750,55614750,[리밸런싱] 긴급 매도 (점수 53.2 < 65.0),-1475868,-0.0247,69518,하락
2024-09-09,175330,JB금융지주,SELL,3904,14360,56061440,[리밸런싱] 긴급 매도 (점수 52.3 < 65.0),-1046077,-0.0171,70077,하락
2024-09-09,001750,한양증권,SELL,3644,16180,58959920,[리밸런싱] 긴급 매도 (점수 52.3 < 65.0),1857620,0.0339,73700,하락
2024-09-09,300720,한일시멘트,SELL,3882,14190,55085580,[리밸런싱] 긴급 매도 (점수 51.6 < 65.0),-2009857,-0.0340,68857,하락
2024-09-09,288330,파라택시스코리아,BUY,16558,3370,55800460,"리밸런싱 매수 (1위, 57.8점)",0,0.0000,69751,하락
2024-09-09,395400,SK리츠,BUY,10276,5430,55798680,"리밸런싱 매수 (2위, 57.6점)",0,0.0000,69748,하락
2024-09-09,001755,한양증권우,BUY,2442,22850,55799700,"리밸런싱 매수 (3위, 56.6점)",0,0.0000,69750,하락
2024-09-09,330590,롯데리츠,BUY,14789,3773,55798897,"리밸런싱 매수 (4위, 55.2점)",0,0.0000,69749,하락
2024-09-09,055550,신한지주,BUY,996,56000,55776000,"리밸런싱 매수 (5위, 55.2점)",0,0.0000,69720,하락
2024-09-09,006800,미래에셋증권,BUY,6805,8200,55801000,"리밸런싱 매수 (6위, 55.1점)",0,0.0000,69751,하락
2024-09-09,015760,한국전력,BUY,2589,21550,55792950,"리밸런싱 매수 (7위, 53.2점)",0,0.0000,69741,하락
2024-09-09,001750,한양증권,BUY,3554,15700,55797800,"리밸런싱 매수 (8위, 52.3점)",0,0.0000,69747,하락
2024-09-09,175330,JB금융지주,BUY,3949,14130,55799370,"리밸런싱 매수 (9위, 52.3점)",0,0.0000,69749,하락
2024-09-09,004310,현대약품,BUY,13114,4255,55800070,"리밸런싱 매수 (10위, 51.9점)",0,0.0000,69750,하락
2024-09-10,288330,파라택시스코리아,SELL,16558,3635,60188330,[리밸런싱] 긴급 매도 (점수 58.8 < 65.0),4312635,0.0786,75235,하락
2024-09-10,395400,SK리츠,SELL,10276,5450,56004200,[리밸런싱] 긴급 매도 (점수 59.7 < 65.0),135515,0.0037,70005,하락
2024-09-10,001755,한양증권우,SELL,2442,23600,57631200,[리밸런싱] 긴급 매도 (점수 57.2 < 65.0),1759461,0.0328,72039,하락
2024-09-10,330590,롯데리츠,SELL,14789,3859,57070751,[리밸런싱] 긴급 매도 (점수 56.7 < 65.0),1200516,0.0228,71338,하락
2024-09-10,055550,신한지주,SELL,996,56600,56373600,[리밸런싱] 긴급 매도 (점수 56.2 < 65.0),527133,0.0107,70467,하락
2024-09-10,006800,미래에셋증권,SELL,6805,8510,57910550,[리밸런싱] 긴급 매도 (점수 56.0 < 65.0),2037162,0.0378,72388,하락
2024-09-10,015760,한국전력,SELL,2589,21600,55922400,[리밸런싱] 긴급 매도 (점수 52.7 < 65.0),59547,0.0023,69903,하락
2024-09-10,001750,한양증권,SELL,3554,16130,57326020,[리밸런싱] 긴급 매도 (점수 52.5 < 65.0),1456562,0.0274,71658,하락
2024-09-10,175330,JB금융지주,SELL,3949,15200,60024800,[리밸런싱] 긴급 매도 (점수 54.5 < 65.0),4150399,0.0757,75031,하락
2024-09-10,004310,현대약품,SELL,13114,5040,66094560,[리밸런싱] 긴급 매도 (점수 57.2 < 65.0),10211872,0.1845,82618,하락
2024-09-10,395400,SK리츠,BUY,10779,5410,58314390,"리밸런싱 매수 (1위, 59.7점)",0,0.0000,72893,하락
2024-09-10,288330,파라택시스코리아,BUY,17278,3375,58313250,"리밸런싱 매수 (2위, 58.8점)",0,0.0000,72892,하락
2024-09-10,001755,한양증권우,BUY,2541,22950,58315950,"리밸런싱 매수 (3위, 57.2점)",0,0.0000,72895,하락
2024-09-10,004310,현대약품,BUY,12930,4510,58314300,"리밸런싱 매수 (4위, 57.2점)",0,0.0000,72893,하락
2024-09-10,330590,롯데리츠,BUY,15638,3729,58314102,"리밸런싱 매수 (5위, 56.7점)",0,0.0000,72893,하락
2024-09-10,055550,신한지주,BUY,1039,56100,58287900,"리밸런싱 매수 (6위, 56.2점)",0,0.0000,72860,하락
2024-09-10,006800,미래에셋증권,BUY,6967,8370,58313790,"리밸런싱 매수 (7위, 56.0점)",0,0.0000,72892,하락
2024-09-10,175330,JB금융지주,BUY,4061,14360,58315960,"리밸런싱 매수 (8위, 54.5점)",0,0.0000,72895,하락
2024-09-10,015760,한국전력,BUY,2681,21750,58311750,"리밸런싱 매수 (9위, 52.7점)",0,0.0000,72890,하락
2024-09-10,001750,한양증권,BUY,3644,16000,58304000,"리밸런싱 매수 (10위, 52.5점)",0,0.0000,72880,하락
2024-09-11,395400,SK리츠,SELL,10779,5370,57883230,[리밸런싱] 긴급 매도 (점수 58.7 < 65.0),-503514,-0.0074,72354,하락
2024-09-11,288330,파라택시스코리아,SELL,17278,3985,68852830,[리밸런싱] 긴급 매도 (점수 61.4 < 65.0),10453514,0.1807,86066,하락
2024-09-11,001755,한양증권우,SELL,2541,24350,61873350,[리밸런싱] 긴급 매도 (점수 57.7 < 65.0),3480058,0.0610,77342,하락
2024-09-11,004310,현대약품,SELL,12930,4730,61158900,[리밸런싱] 긴급 매도 (점수 55.4 < 65.0),2768151,0.0488,76449,하락
2024-09-11,330590,롯데리츠,SELL,15638,3864,60425232,[리밸런싱] 긴급 매도 (점수 56.8 < 65.0),2035598,0.0362,75532,하락
2024-09-11,055550,신한지주,SELL,1039,53100,55170900,[리밸런싱] 긴급 매도 (점수 53.4 < 65.0),-3185964,-0.0535,68964,하락
2024-09-11,006800,미래에셋증권,SELL,6967,8220,57268740,[리밸런싱] 긴급 매도 (점수 53.8 < 65.0),-1116636,-0.0179,71586,하락
2024-09-11,175330,JB금융지주,SELL,4061,14350,58275350,[리밸런싱] 긴급 매도 (점수 51.9 < 65.0),-113454,-0.0007,72844,하락
2024-09-11,015760,한국전력,SELL,2681,21750,58311750,[리밸런싱] 긴급 매도 (점수 53.5 < 65.0),-72890,0.0000,72890,하락
2024-09-11,001750,한양증권,SELL,3644,16150,58850600,[리밸런싱] 긴급 매도 (점수 52.9 < 65.0),473037,0.0094,73563,하락
2024-09-11,288330,파라택시스코리아,BUY,16235,3675,59663625,"리밸런싱 매수 (1위, 61.4점)",0,0.0000,74580,하락
2024-09-11,395400,SK리츠,BUY,10927,5460,59661420,"리밸런싱 매수 (2위, 58.7점)",0,0.0000,74577,하락
2024-09-11,001755,한양증권우,BUY,2496,23900,59654400,"리밸런싱 매수 (3위, 57.7점)",0,0.0000,74568,하락
2024-09-11,330590,롯데리츠,BUY,15481,3854,59663774,"리밸런싱 매수 (4위, 56.8점)",0,0.0000,74580,하락
2024-09-11,004310,현대약품,BUY,11608,5140,59665120,"리밸런싱 매수 (5위, 55.4점)",0,0.0000,74581,하락
2024-09-11,006800,미래에셋증권,BUY,6970,8560,59663200,"리밸런싱 매수 (6위, 53.8점)",0,0.0000,74579,하락
2024-09-11,015760,한국전력,BUY,2724,21900,59655600,"리밸런싱 매수 (7위, 53.5점)",0,0.0000,74570,하락
2024-09-11,055550,신한지주,BUY,1035,57600,59616000,"리밸런싱 매수 (8위, 53.4점)",0,0.0000,74520,하락
2024-09-11,001750,한양증권,BUY,3660,16300,59658000,"리밸런싱 매수 (9위, 52.9점)",0,0.0000,74572,하락
2024-09-11,175330,JB금융지주,BUY,3925,15200,59660000,"리밸런싱 매수 (10위, 51.9점)",0,0.0000,74575,하락
2024-09-12,288330,파라택시스코리아,SELL,16235,4025,65345875,[리밸런싱] 긴급 매도 (점수 60.4 < 65.0),5600568,0.0952,81682,하락
2024-09-12,395400,SK리츠,SELL,10927,5390,58896530,[리밸런싱] 긴급 매도 (점수 59.8 < 65.0),-838511,-0.0128,73621,하락
2024-09-12,001755,한양증권우,SELL,2496,25900,64646400,[리밸런싱] 긴급 매도 (점수 58.0 < 65.0),4911192,0.0837,80808,하락
2024-09-12,330590,롯데리츠,SELL,15481,3799,58812319,[리밸런싱] 긴급 매도 (점수 55.9 < 65.0),-924970,-0.0143,73515,하락
2024-09-12,004310,현대약품,SELL,11608,4790,55602320,[리밸런싱] 긴급 매도 (점수 55.9 < 65.0),-4132303,-0.0681,69503,하락
2024-09-12,006800,미래에셋증권,SELL,6970,8440,58826800,[리밸런싱] 긴급 매도 (점수 54.4 < 65.0),-909934,-0.0140,73534,하락
2024-09-12,015760,한국전력,SELL,2724,21950,59791800,[리밸런싱] 긴급 매도 (점수 53.6 < 65.0),61460,0.0023,74740,하락
2024-09-12,055550,신한지주,SELL,1035,53900,55786500,[리밸런싱] 긴급 매도 (점수 53.4 < 65.0),-3899233,-0.0642,69733,하락
2024-09-12,001750,한양증권,SELL,3660,17310,63354600,[리밸런싱] 긴급 매도 (점수 55.4 < 65.0),3617407,0.0620,79193,하락
2024-09-12,175330,JB금융지주,SELL,3925,14660,57540500,[리밸런싱] 긴급 매도 (점수 52.1 < 65.0),-2191426,-0.0355,71926,하락
2024-09-12,288330,파라택시스코리아,BUY,15138,3945,59719410,"리밸런싱 매수 (1위, 60.4점)",0,0.0000,74649,하락
2024-09-12,395400,SK리츠,BUY,10957,5450,59715650,"리밸런싱 매수 (2위, 59.8점)",0,0.0000,74645,하락
2024-09-12,001755,한양증권우,BUY,2514,23750,59707500,"리밸런싱 매수 (3위, 58.0점)",0,0.0000,74634,하락
2024-09-12,330590,롯데리츠,BUY,15600,3828,59716800,"리밸런싱 매수 (4위, 55.9점)",0,0.0000,74646,하락
2024-09-12,004310,현대약품,BUY,12493,4780,59716540,"리밸런싱 매수 (5위, 55.9점)",0,0.0000,74646,하락
2024-09-12,001750,한양증권,BUY,3697,16150,59706550,"리밸런싱 매수 (6위, 55.4점)",0,0.0000,74633,하락
2024-09-12,006800,미래에셋증권,BUY,7186,8310,59715660,"리밸런싱 매수 (7위, 54.4점)",0,0.0000,74645,하락
2024-09-12,015760,한국전력,BUY,2739,21800,59710200,"리밸런싱 매수 (8위, 53.6점)",0,0.0000,74638,하락
2024-09-12,055550,신한지주,BUY,1116,53500,59706000,"리밸런싱 매수 (9위, 53.4점)",0,0.0000,74632,하락
2024-09-12,300720,한일시멘트,BUY,4247,14060,59712820,"리밸런싱 매수 (10위, 52.5점)",0,0.0000,74641,하락
2024-09-13,288330,파라택시스코리아,SELL,15138,3975,60173550,[리밸런싱] 긴급 매도 (점수 60.1 < 65.0),378923,0.0076,75217,하락
2024-09-13,395400,SK리츠,SELL,10957,5290,57962530,[리밸런싱] 긴급 매도 (점수 58.6 < 65.0),-1825573,-0.0294,72453,하락
2024-09-13,001755,한양증권우,SELL,2514,24450,61467300,[리밸런싱] 긴급 매도 (점수 58.0 < 65.0),1682966,0.0295,76834,하락
2024-09-13,330590,롯데리츠,SELL,15600,3829,59732400,[리밸런싱] 긴급 매도 (점수 56.2 < 65.0),-59066,0.0003,74666,하락
2024-09-13,004310,현대약품,SELL,12493,4735,59154355,[리밸런싱] 긴급 매도 (점수 55.0 < 65.0),-636128,-0.0094,73943,하락
2024-09-13,001750,한양증권,SELL,3697,16130,59632610,[리밸런싱] 긴급 매도 (점수 52.6 < 65.0),-148481,-0.0012,74541,하락
2024-09-13,006800,미래에셋증권,SELL,7186,8700,62518200,[리밸런싱] 긴급 매도 (점수 55.1 < 65.0),2724392,0.0469,78148,하락
2024-09-13,015760,한국전력,SELL,2739,22250,60942750,[리밸런싱] 긴급 매도 (점수 53.8 < 65.0),1156372,0.0206,76178,하락
2024-09-13,055550,신한지주,SELL,1116,55900,62384400,[리밸런싱] 긴급 매도 (점수 53.5 < 65.0),2600420,0.0449,77980,하락
2024-09-13,300720,한일시멘트,SELL,4247,14290,60689630,[리밸런싱] 긴급 매도 (점수 52.3 < 65.0),900948,0.0164,75862,하락
2024-09-13,288330,파라택시스코리아,BUY,15291,3945,60322995,"리밸런싱 매수 (1위, 60.1점)",0,0.0000,75404,하락
2024-09-13,395400,SK리츠,BUY,11129,5420,60319180,"리밸런싱 매수 (2위, 58.6점)",0,0.0000,75399,하락
2024-09-13,001755,한양증권우,BUY,2333,25850,60308050,"리밸런싱 매수 (3위, 58.0점)",0,0.0000,75385,하락
2024-09-13,330590,롯데리츠,BUY,15836,3809,60319324,"리밸런싱 매수 (4위, 56.2점)",0,0.0000,75399,하락
2024-09-13,006800,미래에셋증권,BUY,7138,8450,60316100,"리밸런싱 매수 (5위, 55.1점)",0,0.0000,75395,하락
2024-09-13,004310,현대약품,BUY,12699,4750,60320250,"리밸런싱 매수 (6위, 55.0점)",0,0.0000,75400,하락
2024-09-13,015760,한국전력,BUY,2741,22000,60302000,"리밸런싱 매수 (7위, 53.8점)",0,0.0000,75378,하락
2024-09-13,055550,신한지주,BUY,1106,54500,60277000,"리밸런싱 매수 (8위, 53.5점)",0,0.0000,75346,하락
2024-09-13,175330,JB금융지주,BUY,4075,14800,60310000,"리밸런싱 매수 (9위, 53.0점)",0,0.0000,75388,하락
2024-09-13,001750,한양증권,BUY,3486,17300,60307800,"리밸런싱 매수 (10위, 52.6점)",0,0.0000,75385,하락
2024-09-19,288330,파라택시스코리아,SELL,15291,4120,62998920,[리밸런싱] 긴급 매도 (점수 60.5 < 65.0),2597176,0.0444,78749,하락
2024-09-19,395400,SK리츠,SELL,11129,5340,59428860,[리밸런싱] 긴급 매도 (점수 58.5 < 65.0),-964606,-0.0148,74286,하락
2024-09-19,001755,한양증권우,SELL,2333,25000,58325000,[리밸런싱] 긴급 매도 (점수 57.9 < 65.0),-2055956,-0.0329,72906,하락
2024-09-19,330590,롯데리츠,SELL,15836,3914,61982104,[리밸런싱] 긴급 매도 (점수 56.9 < 65.0),1585302,0.0276,77478,하락
2024-09-19,006800,미래에셋증권,SELL,7138,8870,63314060,[리밸런싱] 긴급 매도 (점수 56.7 < 65.0),2918817,0.0497,79143,하락
2024-09-19,004310,현대약품,SELL,12699,4935,62669565,[리밸런싱] 긴급 매도 (점수 57.5 < 65.0),2270978,0.0389,78337,하락
2024-09-19,015760,한국전력,SELL,2741,22200,60850200,[리밸런싱] 긴급 매도 (점수 55.1 < 65.0),472137,0.0091,76063,하락
2024-09-19,055550,신한지주,SELL,1106,56900,62931400,[리밸런싱] 긴급 매도 (점수 54.3 < 65.0),2575736,0.0440,78664,하락
2024-09-19,175330,JB금융지주,SELL,4075,15390,62714250,[리밸런싱] 긴급 매도 (점수 52.8 < 65.0),2325857,0.0399,78393,하락
2024-09-19,001750,한양증권,SELL,3486,16670,58111620,[리밸런싱] 긴급 매도 (점수 54.4 < 65.0),-2268820,-0.0364,72640,하락
2024-09-19,288330,파라택시스코리아,BUY,15298,4000,61192000,"리밸런싱 매수 (1위, 60.5점)",0,0.0000,76490,하락
2024-09-19,395400,SK리츠,BUY,11567,5290,61189430,"리밸런싱 매수 (2위, 58.5점)",0,0.0000,76487,하락
2024-09-19,001755,한양증권우,BUY,2472,24750,61182000,"리밸런싱 매수 (3위, 57.9점)",0,0.0000,76478,하락
2024-09-19,004310,현대약품,BUY,11998,5100,61189800,"리밸런싱 매수 (4위, 57.5점)",0,0.0000,76487,하락
2024-09-19,330590,롯데리츠,BUY,15981,3829,61191249,"리밸런싱 매수 (5위, 56.9점)",0,0.0000,76489,하락
2024-09-19,006800,미래에셋증권,BUY,6961,8790,61187190,"리밸런싱 매수 (6위, 56.7점)",0,0.0000,76484,하락
2024-09-19,015760,한국전력,BUY,2713,22550,61178150,"리밸런싱 매수 (7위, 55.1점)",0,0.0000,76473,하락
2024-09-19,001750,한양증권,BUY,3775,16210,61192750,"리밸런싱 매수 (8위, 54.4점)",0,0.0000,76491,하락
2024-09-19,055550,신한지주,BUY,1090,56100,61149000,"리밸런싱 매수 (9위, 54.3점)",0,0.0000,76436,하락
2024-09-19,175330,JB금융지주,BUY,4007,15270,61186890,"리밸런싱 매수 (10위, 52.8점)",0,0.0000,76484,하락
2024-09-20,288330,파라택시스코리아,SELL,15298,4300,65781400,[리밸런싱] 긴급 매도 (점수 60.8 < 65.0),4507173,0.0750,82227,하락
2024-09-20,395400,SK리츠,SELL,11567,5400,62461800,[리밸런싱] 긴급 매도 (점수 59.5 < 65.0),1194293,0.0208,78077,하락
2024-09-20,001755,한양증권우,SELL,2472,22500,55620000,[리밸런싱] 긴급 매도 (점수 57.4 < 65.0),-5631525,-0.0909,69525,하락
2024-09-20,004310,현대약품,SELL,11998,4810,57710380,[리밸런싱] 긴급 매도 (점수 56.4 < 65.0),-3551558,-0.0569,72138,하락
2024-09-20,330590,롯데리츠,SELL,15981,3799,60711819,[리밸런싱] 긴급 매도 (점수 55.3 < 65.0),-555320,-0.0078,75890,하락
2024-09-20,006800,미래에셋증권,SELL,6961,8610,59934210,[리밸런싱] 긴급 매도 (점수 55.1 < 65.0),-1327898,-0.0205,74918,하락
2024-09-20,015760,한국전력,SELL,2713,21950,59550350,[리밸런싱] 긴급 매도 (점수 54.3 < 65.0),-1702238,-0.0266,74438,하락
2024-09-20,001750,한양증권,SELL,3775,15760,59494000,[리밸런싱] 긴급 매도 (점수 51.8 < 65.0),-1773118,-0.0278,74368,하락
2024-09-20,055550,신한지주,SELL,1090,55500,60495000,[리밸런싱] 긴급 매도 (점수 53.0 < 65.0),-729619,-0.0107,75619,하락
2024-09-20,175330,JB금융지주,SELL,4007,15470,61988290,[리밸런싱] 긴급 매도 (점수 53.3 < 65.0),723915,0.0131,77485,하락
2024-09-20,288330,파라택시스코리아,BUY,16243,4120,66921160,"리밸런싱 매수 (1위, 60.8점)",0,0.0000,83651,하락
2024-09-20,395400,SK리츠,BUY,12532,5340,66920880,"리밸런싱 매수 (2위, 59.5점)",0,0.0000,83651,하락
2024-09-20,004310,현대약품,BUY,13686,4890,66924540,"리밸런싱 매수 (4위, 56.4점)",0,0.0000,83656,하락
2024-09-20,330590,롯데리츠,BUY,17016,3933,66923928,"리밸런싱 매수 (5위, 55.3점)",0,0.0000,83655,하락
2024-09-20,006800,미래에셋증권,BUY,7528,8890,66923920,"리밸런싱 매수 (6위, 55.1점)",0,0.0000,83655,하락
2024-09-20,015760,한국전력,BUY,3014,22200,66910800,"리밸런싱 매수 (7위, 54.3점)",0,0.0000,83638,하락
2024-09-20,175330,JB금융지주,BUY,4345,15400,66913000,"리밸런싱 매수 (8위, 53.3점)",0,0.0000,83641,하락
2024-09-20,055550,신한지주,BUY,1172,57100,66921200,"리밸런싱 매수 (9위, 53.0점)",0,0.0000,83652,하락
2024-09-20,005389,현대차3우B,BUY,376,177600,66777600,"리밸런싱 매수 (10위, 52.2점)",0,0.0000,83472,하락
2024-09-23,288330,파라택시스코리아,SELL,16243,4135,67164805,[리밸런싱] 긴급 매도 (점수 59.9 < 65.0),159689,0.0036,83956,하락
2024-09-23,395400,SK리츠,SELL,12532,5350,67046200,[리밸런싱] 긴급 매도 (점수 59.1 < 65.0),41512,0.0019,83808,하락
2024-09-23,004310,현대약품,SELL,13686,4850,66377100,[리밸런싱] 긴급 매도 (점수 56.9 < 65.0),-630411,-0.0082,82971,하락
2024-09-23,330590,롯데리츠,SELL,17016,3729,63452664,[리밸런싱] 긴급 매도 (점수 54.3 < 65.0),-3550580,-0.0519,79316,하락
2024-09-23,006800,미래에셋증권,SELL,7528,8730,65719440,[리밸런싱] 긴급 매도 (점수 55.1 < 65.0),-1286629,-0.0180,82149,하락
2024-09-23,015760,한국전력,SELL,3014,20100,60581400,[리밸런싱] 긴급 매도 (점수 49.5 < 65.0),-6405127,-0.0946,75727,하락
2024-09-23,175330,JB금융지주,SELL,4345,14950,64957750,[리밸런싱] 긴급 매도 (점수 50.8 < 65.0),-2036447,-0.0292,81197,하락
2024-09-23,055550,신한지주,SELL,1172,55800,65397600,[리밸런싱] 긴급 매도 (점수 54.0 < 65.0),-1605347,-0.0228,81747,하락
2024-09-23,005389,현대차3우B,SELL,376,176000,66176000,[리밸런싱] 긴급 매도 (점수 50.8 < 65.0),-684320,-0.0090,82720,하락
2024-09-23,288330,파라택시스코리아,BUY,13554,4320,58553280,"리밸런싱 매수 (1위, 59.9점)",0,0.0000,73192,하락
2024-09-23,395400,SK리츠,BUY,10803,5420,58552260,"리밸런싱 매수 (2위, 59.1점)",0,0.0000,73190,하락
2024-09-23,004310,현대약품,BUY,12199,4800,58555200,"리밸런싱 매수 (3위, 56.9점)",0,0.0000,73194,하락
2024-09-23,006800,미래에셋증권,BUY,6730,8700,58551000,"리밸런싱 매수 (4위, 55.1점)",0,0.0000,73189,하락
2024-09-23,001755,한양증권우,BUY,2723,21500,58544500,"리밸런싱 매수 (5위, 55.0점)",0,0.0000,73181,하락
2024-09-23,330590,롯데리츠,BUY,15458,3788,58554904,"리밸런싱 매수 (6위, 54.3점)",0,0.0000,73194,하락
2024-09-23,055550,신한지주,BUY,1049,55800,58534200,"리밸런싱 매수 (7위, 54.0점)",0,0.0000,73168,하락
2024-09-23,005389,현대차3우B,BUY,329,177700,58463300,"리밸런싱 매수 (8위, 50.8점)",0,0.0000,73079,하락
2024-09-23,175330,JB금융지주,BUY,3773,15520,58556960,"리밸런싱 매수 (9위, 50.8점)",0,0.0000,73196,하락
2024-09-23,234300,에스트래픽,BUY,10061,5820,58555020,"리밸런싱 매수 (10위, 50.6점)",0,0.0000,73194,하락
2024-09-24,288330,파라택시스코리아,SELL,13554,4140,56113560,[리밸런싱] 긴급 매도 (점수 58.7 < 65.0),-2509862,-0.0417,70142,하락
2024-09-24,395400,SK리츠,SELL,10803,5320,57471960,[리밸런싱] 긴급 매도 (점수 58.4 < 65.0),-1152140,-0.0185,71840,하락
2024-09-24,004310,현대약품,SELL,12199,4635,56542365,[리밸런싱] 긴급 매도 (점수 54.8 < 65.0),-2083513,-0.0344,70678,하락
2024-09-24,006800,미래에셋증권,SELL,6730,8660,58281800,[리밸런싱] 긴급 매도 (점수 55.5 < 65.0),-342052,-0.0046,72852,하락
2024-09-24,001755,한양증권우,SELL,2723,18580,50593340,[리밸런싱] 긴급 매도 (점수 51.3 < 65.0),-8014402,-0.1358,63242,하락
2024-09-24,330590,롯데리츠,SELL,15458,3615,55880670,[리밸런싱] 긴급 매도 (점수 52.5 < 65.0),-2744085,-0.0457,69851,하락
2024-09-24,055550,신한지주,SELL,1049,56400,59163600,[리밸런싱] 긴급 매도 (점수 54.9 < 65.0),555446,0.0108,73954,하락
2024-09-24,005389,현대차3우B,SELL,329,175700,57805300,[리밸런싱] 긴급 매도 (점수 50.1 < 65.0),-730257,-0.0113,72257,하락
2024-09-24,175330,JB금융지주,SELL,3773,15560,58707880,[리밸런싱] 긴급 매도 (점수 53.5 < 65.0),77535,0.0026,73385,하락
2024-09-24,234300,에스트래픽,SELL,10061,5940,59762340,[리밸런싱] 긴급 매도 (점수 50.4 < 65.0),1132617,0.0206,74703,하락
2024-09-24,288330,파라택시스코리아,BUY,13564,4195,56900980,"리밸런싱 매수 (1위, 58.7점)",0,0.0000,71126,하락
2024-09-24,395400,SK리츠,BUY,10596,5370,56900520,"리밸런싱 매수 (2위, 58.4점)",0,0.0000,71126,하락
2024-09-24,006800,미래에셋증권,BUY,6495,8760,56896200,"리밸런싱 매수 (3위, 55.5점)",0,0.0000,71120,하락
2024-09-24,055550,신한지주,BUY,1010,56300,56863000,"리밸런싱 매수 (4위, 54.9점)",0,0.0000,71079,하락
2024-09-24,004310,현대약품,BUY,11941,4765,56898865,"리밸런싱 매수 (5위, 54.8점)",0,0.0000,71124,하락
2024-09-24,175330,JB금융지주,BUY,3763,15120,56896560,"리밸런싱 매수 (6위, 53.5점)",0,0.0000,71121,하락
2024-09-24,330590,롯데리츠,BUY,15259,3729,56900811,"리밸런싱 매수 (7위, 52.5점)",0,0.0000,71126,하락
2024-09-24,300720,한일시멘트,BUY,4123,13800,56897400,"리밸런싱 매수 (8위, 51.4점)",0,0.0000,71122,하락
2024-09-24,001755,한양증권우,BUY,2782,20450,56891900,"리밸런싱 매수 (9위, 51.3점)",0,0.0000,71115,하락
2024-09-24,234300,에스트래픽,BUY,9405,6050,56900250,"리밸런싱 매수 (10위, 50.4점)",0,0.0000,71125,하락
2024-09-25,288330,파라택시스코리아,SELL,13564,3995,54188180,[리밸런싱] 긴급 매도 (점수 56.5 < 65.0),-2780535,-0.0477,67735,하락
2024-09-25,395400,SK리츠,SELL,10596,5250,55629000,[리밸런싱] 긴급 매도 (점수 57.3 < 65.0),-1341056,-0.0223,69536,하락
2024-09-25,006800,미래에셋증권,SELL,6495,8460,54947700,[리밸런싱] 긴급 매도 (점수 54.1 < 65.0),-2017185,-0.0342,68685,하락
2024-09-25,055550,신한지주,SELL,1010,53500,54035000,[리밸런싱] 긴급 매도 (점수 52.4 < 65.0),-2895544,-0.0497,67544,하락
2024-09-25,004310,현대약품,SELL,11941,4550,54331550,[리밸런싱] 긴급 매도 (점수 53.7 < 65.0),-2635229,-0.0451,67914,하락
2024-09-25,175330,JB금융지주,SELL,3763,15030,56557890,[리밸런싱] 긴급 매도 (점수 51.9 < 65.0),-409367,-0.0060,70697,하락
2024-09-25,330590,롯데리츠,SELL,15259,3605,55008695,[리밸런싱] 긴급 매도 (점수 53.4 < 65.0),-1960877,-0.0333,68761,하락
2024-09-25,300720,한일시멘트,SELL,4123,13600,56072800,[리밸런싱] 긴급 매도 (점수 49.7 < 65.0),-894691,-0.0145,70091,하락
2024-09-25,001755,한양증권우,SELL,2782,18240,50743680,[리밸런싱] 긴급 매도 (점수 49.9 < 65.0),-6211650,-0.1081,63430,하락
2024-09-25,234300,에스트래픽,SELL,9405,5000,47025000,[리밸런싱] 긴급 매도 (점수 40.8 < 65.0),-9934031,-0.1736,58781,하락
2024-09-25,395400,SK리츠,BUY,10098,5320,53721360,"리밸런싱 매수 (1위, 57.3점)",0,0.0000,67152,하락
2024-09-25,288330,파라택시스코리아,BUY,12821,4190,53719990,"리밸런싱 매수 (2위, 56.5점)",0,0.0000,67150,하락
2024-09-25,006800,미래에셋증권,BUY,6077,8840,53720680,"리밸런싱 매수 (3위, 54.1점)",0,0.0000,67151,하락
2024-09-25,004310,현대약품,BUY,11666,4605,53721930,"리밸런싱 매수 (4위, 53.7점)",0,0.0000,67152,하락
2024-09-25,330590,롯데리츠,BUY,14799,3630,53720370,"리밸런싱 매수 (5위, 53.4점)",0,0.0000,67150,하락
2024-09-25,055550,신한지주,BUY,942,57000,53694000,"리밸런싱 매수 (6위, 52.4점)",0,0.0000,67118,하락
2024-09-25,175330,JB금융지주,BUY,3419,15710,53712490,"리밸런싱 매수 (7위, 51.9점)",0,0.0000,67141,하락
2024-09-25,088980,맥쿼리인프라,BUY,4572,11750,53721000,"리밸런싱 매수 (8위, 50.7점)",0,0.0000,67151,하락
2024-09-25,001755,한양증권우,BUY,2896,18550,53720800,"리밸런싱 매수 (9위, 49.9점)",0,0.0000,67151,하락
2024-09-25,300720,한일시멘트,BUY,3799,14140,53717860,"리밸런싱 매수 (10위, 49.7점)",0,0.0000,67147,하락
2024-09-26,395400,SK리츠,SELL,10098,5250,53014500,[리밸런싱] 긴급 매도 (점수 57.0 < 65.0),-773128,-0.0132,66268,하락
2024-09-26,288330,파라택시스코리아,SELL,12821,4015,51476315,[리밸런싱] 긴급 매도 (점수 55.4 < 65.0),-2308020,-0.0418,64345,하락
2024-09-26,006800,미래에셋증권,SELL,6077,8650,52566050,[리밸런싱] 긴급 매도 (점수 54.3 < 65.0),-1220338,-0.0215,65708,하락
2024-09-26,004310,현대약품,SELL,11666,4585,53488610,[리밸런싱] 긴급 매도 (점수 54.6 < 65.0),-300181,-0.0043,66861,하락
2024-09-26,330590,롯데리츠,SELL,14799,3685,54534315,[리밸런싱] 긴급 매도 (점수 54.4 < 65.0),745777,0.0152,68168,하락
2024-09-26,055550,신한지주,SELL,942,57000,53694000,[리밸런싱] 긴급 매도 (점수 54.5 < 65.0),-67118,0.0000,67118,하락
2024-09-26,175330,JB금융지주,SELL,3419,15620,53404780,[리밸런싱] 긴급 매도 (점수 52.7 < 65.0),-374466,-0.0057,66756,하락
2024-09-26,088980,맥쿼리인프라,SELL,4572,11800,53949600,[리밸런싱] 긴급 매도 (점수 50.9 < 65.0),161163,0.0043,67437,하락
2024-09-26,001755,한양증권우,SELL,2896,18160,52591360,[리밸런싱] 긴급 매도 (점수 50.3 < 65.0),-1195179,-0.0210,65739,하락
2024-09-26,300720,한일시멘트,SELL,3799,13670,51932330,[리밸런싱] 긴급 매도 (점수 49.9 < 65.0),-1850445,-0.0332,64915,하락
2024-09-26,395400,SK리츠,BUY,10083,5250,52935750,"리밸런싱 매수 (1위, 57.0점)",0,0.0000,66170,하락
2024-09-26,288330,파라택시스코리아,BUY,13301,3980,52937980,"리밸런싱 매수 (2위, 55.4점)",0,0.0000,66172,하락
2024-09-26,004310,현대약품,BUY,11712,4520,52938240,"리밸런싱 매수 (3위, 54.6점)",0,0.0000,66173,하락
2024-09-26,055550,신한지주,BUY,969,54600,52907400,"리밸런싱 매수 (4위, 54.5점)",0,0.0000,66134,하락
2024-09-26,330590,롯데리츠,BUY,14644,3615,52938060,"리밸런싱 매수 (5위, 54.4점)",0,0.0000,66173,하락
2024-09-26,006800,미래에셋증권,BUY,6191,8550,52933050,"리밸런싱 매수 (6위, 54.3점)",0,0.0000,66166,하락
2024-09-26,175330,JB금융지주,BUY,3498,15130,52924740,"리밸런싱 매수 (7위, 52.7점)",0,0.0000,66156,하락
2024-09-26,088980,맥쿼리인프라,BUY,4505,11750,52933750,"리밸런싱 매수 (8위, 50.9점)",0,0.0000,66167,하락
2024-09-26,005387,현대차2우B,BUY,290,182500,52925000,"리밸런싱 매수 (9위, 50.5점)",0,0.0000,66156,하락
2024-09-26,005389,현대차3우B,BUY,301,175700,52885700,"리밸런싱 매수 (10위, 50.4점)",0,0.0000,66107,하락
2024-09-27,395400,SK리츠,SELL,10083,5170,52129110,[리밸런싱] 긴급 매도 (점수 56.6 < 65.0),-871801,-0.0152,65161,하락
2024-09-27,288330,파라택시스코리아,SELL,13301,3860,51341860,[리밸런싱] 긴급 매도 (점수 54.5 < 65.0),-1660297,-0.0302,64177,하락
2024-09-27,004310,현대약품,SELL,11712,4380,51298560,[리밸런싱] 긴급 매도 (점수 52.2 < 65.0),-1703803,-0.0310,64123,하락
2024-09-27,055550,신한지주,SELL,969,56200,54457800,[리밸런싱] 긴급 매도 (점수 54.5 < 65.0),1482328,0.0293,68072,하락
2024-09-27,330590,롯데리츠,SELL,14644,3680,53889920,[리밸런싱] 긴급 매도 (점수 54.4 < 65.0),884498,0.0180,67362,하락
2024-09-27,006800,미래에셋증권,SELL,6191,8670,53675970,[리밸런싱] 긴급 매도 (점수 55.2 < 65.0),675825,0.0140,67095,하락
2024-09-27,175330,JB금융지주,SELL,3498,15510,54253980,[리밸런싱] 긴급 매도 (점수 53.4 < 65.0),1261423,0.0251,67817,하락
2024-09-27,088980,맥쿼리인프라,SELL,4505,11810,53204050,[리밸런싱] 긴급 매도 (점수 50.5 < 65.0),203795,0.0051,66505,하락
2024-09-27,005387,현대차2우B,SELL,290,181200,52548000,[리밸런싱] 긴급 매도 (점수 49.7 < 65.0),-442685,-0.0071,65685,하락
2024-09-27,005389,현대차3우B,SELL,301,175000,52675000,[리밸런싱] 긴급 매도 (점수 50.7 < 65.0),-276544,-0.0040,65844,하락
2024-09-27,395400,SK리츠,BUY,10100,5230,52823000,"리밸런싱 매수 (1위, 56.6점)",0,0.0000,66029,하락
2024-09-27,006800,미래에셋증권,BUY,6072,8700,52826400,"리밸런싱 매수 (2위, 55.2점)",0,0.0000,66033,하락
2024-09-27,055550,신한지주,BUY,936,56400,52790400,"리밸런싱 매수 (3위, 54.5점)",0,0.0000,65988,하락
2024-09-27,288330,파라택시스코리아,BUY,13076,4040,52827040,"리밸런싱 매수 (4위, 54.5점)",0,0.0000,66034,하락
2024-09-27,330590,롯데리츠,BUY,14335,3685,52824475,"리밸런싱 매수 (5위, 54.4점)",0,0.0000,66031,하락
2024-09-27,175330,JB금융지주,BUY,3403,15520,52814560,"리밸런싱 매수 (6위, 53.4점)",0,0.0000,66018,하락
2024-09-27,004310,현대약품,BUY,11521,4585,52823785,"리밸런싱 매수 (7위, 52.2점)",0,0.0000,66030,하락
2024-09-27,005389,현대차3우B,BUY,296,177900,52658400,"리밸런싱 매수 (8위, 50.7점)",0,0.0000,65823,하락
2024-09-27,088980,맥쿼리인프라,BUY,4476,11800,52816800,"리밸런싱 매수 (9위, 50.5점)",0,0.0000,66021,하락
2024-09-27,300720,한일시멘트,BUY,3858,13690,52816020,"리밸런싱 매수 (10위, 50.4점)",0,0.0000,66020,하락
2024-09-30,395400,SK리츠,SELL,10100,5150,52015000,[리밸런싱] 긴급 매도 (점수 56.9 < 65.0),-873019,-0.0153,65019,하락
2024-09-30,006800,미래에셋증권,SELL,6072,8420,51126240,[리밸런싱] 긴급 매도 (점수 54.4 < 65.0),-1764068,-0.0322,63908,하락
2024-09-30,055550,신한지주,SELL,936,55500,51948000,[리밸런싱] 긴급 매도 (점수 53.3 < 65.0),-907335,-0.0160,64935,하락
2024-09-30,288330,파라택시스코리아,SELL,13076,3895,50931020,[리밸런싱] 긴급 매도 (점수 46.1 < 65.0),-1959684,-0.0359,63664,하락
2024-09-30,330590,롯데리츠,SELL,14335,3550,50889250,[리밸런싱] 긴급 매도 (점수 38.7 < 65.0),-1998837,-0.0366,63612,하락
2024-09-30,175330,JB금융지주,SELL,3403,15310,52099930,[리밸런싱] 긴급 매도 (점수 52.3 < 65.0),-779755,-0.0135,65125,하락
2024-09-30,004310,현대약품,SELL,11521,4340,50001140,[리밸런싱] 긴급 매도 (점수 52.4 < 65.0),-2885146,-0.0534,62501,하락
2024-09-30,005389,현대차3우B,SELL,296,169700,50231200,[리밸런싱] 긴급 매도 (점수 60.5 < 65.0),-2489989,-0.0461,62789,하락
2024-09-30,088980,맥쿼리인프라,SELL,4476,11750,52593000,[리밸런싱] 긴급 매도 (점수 50.8 < 65.0),-289541,-0.0042,65741,하락
2024-09-30,300720,한일시멘트,SELL,3858,13770,53124660,[리밸런싱] 긴급 매도 (점수 55.6 < 65.0),242234,0.0058,66406,하락
2024-09-30,000105,유한양행우,BUY,344,149300,51359200,"리밸런싱 매수 (1위, 82.6점)",0,0.0000,64199,하락
2024-09-30,018310,삼목에스폼,BUY,1928,26650,51381200,"리밸런싱 매수 (2위, 69.4점)",0,0.0000,64226,하락
2024-09-30,012630,HDC,BUY,4659,11030,51388770,"리밸런싱 매수 (3위, 67.9점)",0,0.0000,64236,하락
2024-09-30,003090,대웅,BUY,2127,24150,51367050,"리밸런싱 매수 (4위, 67.7점)",0,0.0000,64209,하락
2024-09-30,082850,우리바이오,BUY,11039,4655,51386545,"리밸런싱 매수 (5위, 65.7점)",0,0.0000,64233,하락
2024-09-30,036560,KZ정밀,BUY,1999,25700,51374300,"리밸런싱 매수 (6위, 64.6점)",0,0.0000,64218,하락
2024-09-30,084110,휴온스글로벌,BUY,1578,32550,51363900,"리밸런싱 매수 (7위, 64.5점)",0,0.0000,64205,하락
2024-09-30,052420,오성첨단소재,BUY,25734,1997,51390798,"리밸런싱 매수 (8위, 64.4점)",0,0.0000,64238,하락
2024-09-30,001755,한양증권우,BUY,2921,17590,51380390,"리밸런싱 매수 (9위, 63.4점)",0,0.0000,64225,하락
2024-09-30,009070,KCTC,BUY,9377,5480,51385960,"리밸런싱 매수 (10위, 63.1점)",0,0.0000,64232,하락
2024-10-02,036560,KZ정밀,SELL,1999,25450,50874550,[리밸런싱] 긴급 매도 (점수 64.6 < 65.0),-563343,-0.0097,63593,하락
2024-10-02,084110,휴온스글로벌,SELL,1578,30000,47340000,[리밸런싱] 긴급 매도 (점수 61.8 < 65.0),-4083075,-0.0783,59175,하락
2024-10-02,052420,오성첨단소재,SELL,25734,1984,51056256,[리밸런싱] 긴급 매도 (점수 64.5 < 65.0),-398362,-0.0065,63820,하락
2024-10-02,001755,한양증권우,SELL,2921,17220,50299620,[리밸런싱] 긴급 매도 (점수 62.5 < 65.0),-1143645,-0.0210,62875,하락
2024-10-02,009070,KCTC,SELL,9377,5060,47447620,[리밸런싱] 긴급 매도 (점수 59.6 < 65.0),-3997650,-0.0766,59310,하락
2024-10-02,036560,KZ정밀,BUY,1893,26000,49218000,"리밸런싱 매수 (6위, 64.6점)",0,0.0000,61522,하락
2024-10-02,052420,오성첨단소재,BUY,25007,1969,49238783,"리밸런싱 매수 (7위, 64.5점)",0,0.0000,61548,하락
2024-10-02,005870,휴니드,BUY,5806,8480,49234880,"리밸런싱 매수 (8위, 63.2점)",0,0.0000,61544,하락
2024-10-02,111770,영원무역,BUY,1214,40550,49227700,"리밸런싱 매수 (9위, 63.1점)",0,0.0000,61535,하락
2024-10-02,001755,한양증권우,BUY,2770,17770,49222900,"리밸런싱 매수 (10위, 62.5점)",0,0.0000,61529,하락
2024-10-02,000105,유한양행우,SELL,344,137356,47250464,손절 실행 (-8.0%),-4167799,-0.0800,59063,하락
2024-10-02,003090,대웅,SELL,2127,22218,47257686,손절 실행 (-8.0%),-4168436,-0.0800,59072,하락
2024-10-04,036560,KZ정밀,SELL,1893,31850,60292050,[리밸런싱] 긴급 매도 (점수 64.0 < 65.0),10998685,0.2250,75365,하락
2024-10-04,052420,오성첨단소재,SELL,25007,1939,48488573,[리밸런싱] 긴급 매도 (점수 62.3 < 65.0),-810821,-0.0152,60611,하락
2024-10-04,005870,휴니드,SELL,5806,8020,46564120,[리밸런싱] 긴급 매도 (점수 64.9 < 65.0),-2728965,-0.0542,58205,하락
2024-10-04,111770,영원무역,SELL,1214,41300,50138200,[리밸런싱] 긴급 매도 (점수 62.0 < 65.0),847827,0.0185,62673,하락
2024-10-04,001755,한양증권우,SELL,2770,17110,47394700,[리밸런싱] 긴급 매도 (점수 62.2 < 65.0),-1887443,-0.0371,59243,하락
2024-10-04,000105,유한양행우,BUY,415,139000,57685000,"리밸런싱 매수 (1위, 82.5점)",0,0.0000,72106,하락
2024-10-04,005870,휴니드,BUY,7342,7870,57781540,"리밸런싱 매수 (5위, 64.9점)",0,0.0000,72227,하락
2024-10-04,007160,사조산업,BUY,924,62500,57750000,"리밸런싱 매수 (7위, 63.9점)",0,0.0000,72188,하락
2024-10-04,006490,인스코비,BUY,45143,1280,57783040,"리밸런싱 매수 (8위, 63.0점)",0,0.0000,72229,하락
2024-10-04,052420,오성첨단소재,BUY,29511,1958,57782538,"리밸런싱 매수 (9위, 62.3점)",0,0.0000,72228,하락
2024-10-04,001755,한양증권우,BUY,3355,17220,57773100,"리밸런싱 매수 (10위, 62.2점)",0,0.0000,72216,하락
2024-10-04,006490,인스코비,SELL,45143,1536,69339648,목표 익절 도달 (20.0%),11469933,0.2000,86675,하락
2024-10-07,082850,우리바이오,SELL,11039,4570,50448230,[리밸런싱] 긴급 매도 (점수 63.6 < 65.0),-1001375,-0.0183,63060,하락
2024-10-07,007160,사조산업,SELL,924,61200,56548800,[리밸런싱] 긴급 매도 (점수 62.4 < 65.0),-1271886,-0.0208,70686,하락
2024-10-07,052420,오성첨단소재,SELL,29511,1970,58136670,[리밸런싱] 긴급 매도 (점수 63.9 < 65.0),281461,0.0061,72671,하락
2024-10-07,001755,한양증권우,SELL,3355,17170,57605350,[리밸런싱] 긴급 매도 (점수 62.9 < 65.0),-239757,-0.0029,72007,하락
2024-10-07,084110,휴온스글로벌,BUY,1589,30550,48543950,"리밸런싱 매수 (5위, 65.6점)",0,0.0000,60680,하락
2024-10-07,052420,오성첨단소재,BUY,25023,1941,48569643,"리밸런싱 매수 (6위, 63.9점)",0,0.0000,60712,하락
2024-10-07,036560,KZ정밀,BUY,1420,34200,48564000,"리밸런싱 매수 (7위, 63.8점)",0,0.0000,60705,하락
2024-10-07,082850,우리바이오,BUY,10182,4770,48568140,"리밸런싱 매수 (8위, 63.6점)",0,0.0000,60710,하락
2024-10-07,001755,한양증권우,BUY,2838,17110,48558180,"리밸런싱 매수 (9위, 62.9점)",0,0.0000,60698,하락
2024-10-07,111770,영원무역,BUY,1187,40900,48548300,"리밸런싱 매수 (10위, 62.4점)",0,0.0000,60685,하락
2024-10-08,005870,휴니드,SELL,7342,8010,58809420,[리밸런싱] 긴급 매도 (점수 63.6 < 65.0),954368,0.0178,73512,하락
2024-10-08,084110,휴온스글로벌,SELL,1589,32500,51642500,[리밸런싱] 긴급 매도 (점수 64.4 < 65.0),3033997,0.0638,64553,하락
2024-10-08,052420,오성첨단소재,SELL,25023,1894,47393562,[리밸런싱] 긴급 매도 (점수 61.0 < 65.0),-1235323,-0.0242,59242,하락
2024-10-08,036560,KZ정밀,SELL,1420,33800,47996000,[리밸런싱] 긴급 매도 (점수 63.9 < 65.0),-627995,-0.0117,59995,하락
2024-10-08,082850,우리바이오,SELL,10182,4405,44851710,[리밸런싱] 긴급 매도 (점수 63.2 < 65.0),-3772495,-0.0765,56065,하락
2024-10-08,001755,한양증권우,SELL,2838,16810,47706780,[리밸런싱] 팩터 데이터 없음,-911033,-0.0175,59633,하락
2024-10-08,111770,영원무역,SELL,1187,41600,49379200,[리밸런싱] 긴급 매도 (점수 60.8 < 65.0),769176,0.0171,61724,하락
2024-10-08,084110,휴온스글로벌,BUY,1523,32550,49573650,"리밸런싱 매수 (4위, 64.4점)",0,0.0000,61967,하락
2024-10-08,036560,KZ정밀,BUY,1412,35100,49561200,"리밸런싱 매수 (5위, 63.9점)",0,0.0000,61952,하락
2024-10-08,005870,휴니드,BUY,6024,8230,49577520,"리밸런싱 매수 (6위, 63.6점)",0,0.0000,61972,하락
2024-10-08,082850,우리바이오,BUY,10872,4560,49576320,"리밸런싱 매수 (7위, 63.2점)",0,0.0000,61970,하락
2024-10-08,006360,GS건설,BUY,2788,17780,49570640,"리밸런싱 매수 (8위, 62.6점)",0,0.0000,61963,하락
2024-10-08,006490,인스코비,BUY,25543,1941,49578963,"리밸런싱 매수 (9위, 62.4점)",0,0.0000,61974,하락
2024-10-08,000070,삼양홀딩스,BUY,947,52316,49543252,"리밸런싱 매수 (10위, 62.4점)",0,0.0000,61929,하락
2024-10-10,036560,KZ정밀,SELL,1412,31250,44125000,[리밸런싱] 긴급 매도 (점수 64.3 < 65.0),-5491356,-0.1097,55156,하락
2024-10-10,005870,휴니드,SELL,6024,7850,47288400,[리밸런싱] 긴급 매도 (점수 62.9 < 65.0),-2348230,-0.0462,59110,하락
2024-10-10,082850,우리바이오,SELL,10872,4330,47075760,[리밸런싱] 긴급 매도 (점수 62.6 < 65.0),-2559405,-0.0504,58845,하락
2024-10-10,006360,GS건설,SELL,2788,18220,50797360,[리밸런싱] 긴급 매도 (점수 61.1 < 65.0),1163223,0.0247,63497,하락
2024-10-10,006490,인스코비,SELL,25543,1798,45926314,[리밸런싱] 긴급 매도 (점수 63.7 < 65.0),-3710057,-0.0737,57408,하락
2024-10-10,000070,삼양홀딩스,SELL,947,53050,50238350,[리밸런싱] 긴급 매도 (점수 62.5 < 65.0),632300,0.0140,62798,하락
2024-10-10,006490,인스코비,BUY,30915,1842,56945430,"리밸런싱 매수 (6위, 63.7점)",0,0.0000,71182,하락
2024-10-10,005870,휴니드,BUY,7347,7750,56939250,"리밸런싱 매수 (7위, 62.9점)",0,0.0000,71174,하락
2024-10-10,082850,우리바이오,BUY,12957,4395,56946015,"리밸런싱 매수 (8위, 62.6점)",0,0.0000,71183,하락
2024-10-10,000070,삼양홀딩스,BUY,1066,53384,56907344,"리밸런싱 매수 (9위, 62.5점)",0,0.0000,71134,하락
2024-10-10,009780,엠에스씨,BUY,11232,5070,56946240,"리밸런싱 매수 (10위, 62.1점)",0,0.0000,71183,하락
2024-10-10,009780,엠에스씨,SELL,11232,5932,66627101,목표 익절 도달 (17.0%),9597577,0.1700,83284,하락
2024-10-11,006490,인스코비,SELL,30915,2110,65230650,[리밸런싱] 긴급 매도 (점수 60.1 < 65.0),8203682,0.1455,81538,하락
2024-10-11,005870,휴니드,SELL,7347,8120,59657640,[리밸런싱] 긴급 매도 (점수 63.8 < 65.0),2643818,0.0477,74572,하락
2024-10-11,082850,우리바이오,SELL,12957,4090,52994130,[리밸런싱] 긴급 매도 (점수 61.5 < 65.0),-4018128,-0.0694,66243,하락
2024-10-11,000070,삼양홀딩스,SELL,1066,52249,55697434,[리밸런싱] 긴급 매도 (점수 62.3 < 65.0),-1279532,-0.0213,69622,하락
2024-10-11,007720,소노스퀘어,BUY,61315,977,59904755,"리밸런싱 매수 (2위, 69.4점)",0,0.0000,74881,하락
2024-10-11,036560,KZ정밀,BUY,1916,31250,59875000,"리밸런싱 매수 (6위, 64.6점)",0,0.0000,74844,하락
2024-10-11,005870,휴니드,BUY,7631,7850,59903350,"리밸런싱 매수 (7위, 63.8점)",0,0.0000,74879,하락
2024-10-11,003090,대웅,BUY,2243,26700,59888100,"리밸런싱 매수 (9위, 63.4점)",0,0.0000,74860,하락
2024-10-11,009450,경동나비엔,BUY,754,79400,59867600,"리밸런싱 매수 (10위, 62.4점)",0,0.0000,74834,하락
2024-10-11,007720,소노스퀘어,SELL,61315,1172,71885706,목표 익절 도달 (20.0%),11891094,0.2000,89857,하락
2024-10-14,036560,KZ정밀,SELL,1916,30750,58917000,[리밸런싱] 긴급 매도 (점수 64.5 < 65.0),-1031646,-0.0160,73646,하락
2024-10-14,003090,대웅,SELL,2243,26700,59888100,[리밸런싱] 긴급 매도 (점수 64.1 < 65.0),-74860,0.0000,74860,하락
2024-10-14,009450,경동나비엔,SELL,754,80000,60320000,[리밸런싱] 긴급 매도 (점수 62.5 < 65.0),377000,0.0076,75400,하락
2024-10-14,007720,소노스퀘어,BUY,78009,1070,83469630,"리밸런싱 매수 (2위, 70.5점)",0,0.0000,104337,하락
2024-10-14,036560,KZ정밀,BUY,2736,30500,83448000,"리밸런싱 매수 (9위, 64.5점)",0,0.0000,104310,하락
2024-10-14,003090,대웅,BUY,3029,27550,83448950,"리밸런싱 매수 (10위, 64.1점)",0,0.0000,104311,하락
2024-10-14,018310,삼목에스폼,SELL,1928,24518,47270704,손절 실행 (-8.0%),-4169584,-0.0800,59088,하락
2024-10-15,005870,휴니드,SELL,7631,7970,60819070,[리밸런싱] 긴급 매도 (점수 64.2 < 65.0),839696,0.0153,76024,하락
2024-10-15,003090,대웅,SELL,3029,26950,81631550,[리밸런싱] 긴급 매도 (점수 63.9 < 65.0),-1919439,-0.0218,102039,하락
2024-10-15,053280,예스24,BUY,4214,8980,37841720,"리밸런싱 매수 (5위, 66.9점)",0,0.0000,47302,하락
2024-10-15,018310,삼목에스폼,BUY,1538,24600,37834800,"리밸런싱 매수 (6위, 65.8점)",0,0.0000,47294,하락
2024-10-15,005870,휴니드,BUY,4666,8110,37841260,"리밸런싱 매수 (8위, 64.2점)",0,0.0000,47302,하락
2024-10-15,003090,대웅,BUY,1422,26600,37825200,"리밸런싱 매수 (9위, 63.9점)",0,0.0000,47282,하락
2024-10-15,009450,경동나비엔,BUY,473,80000,37840000,"리밸런싱 매수 (10위, 63.4점)",0,0.0000,47300,하락
2024-10-15,036560,KZ정밀,SELL,2736,28060,76772160,손절 실행 (-8.0%),-6771805,-0.0800,95965,하락
2024-10-16,018310,삼목에스폼,SELL,1538,25250,38834500,[리밸런싱] 긴급 매도 (점수 64.8 < 65.0),951157,0.0264,48543,하락
2024-10-16,005870,휴니드,SELL,4666,8060,37607960,[리밸런싱] 긴급 매도 (점수 62.3 < 65.0),-280310,-0.0062,47010,하락
2024-10-16,003090,대웅,SELL,1422,26400,37540800,[리밸런싱] 긴급 매도 (점수 63.8 < 65.0),-331326,-0.0075,46926,하락
2024-10-16,009450,경동나비엔,SELL,473,88800,42002400,[리밸런싱] 긴급 매도 (점수 64.0 < 65.0),4109897,0.1100,52503,하락
2024-10-16,036560,KZ정밀,BUY,1683,27600,46450800,"리밸런싱 매수 (6위, 65.3점)",0,0.0000,58064,하락
2024-10-16,018310,삼목에스폼,BUY,1843,25200,46443600,"리밸런싱 매수 (7위, 64.8점)",0,0.0000,58054,하락
2024-10-16,009450,경동나비엔,BUY,547,84900,46440300,"리밸런싱 매수 (8위, 64.0점)",0,0.0000,58050,하락
2024-10-16,003090,대웅,BUY,1743,26650,46450950,"리밸런싱 매수 (9위, 63.8점)",0,0.0000,58064,하락
2024-10-16,111770,영원무역,BUY,1074,43250,46450500,"리밸런싱 매수 (10위, 63.1점)",0,0.0000,58063,하락
2024-10-16,053280,예스24,SELL,4214,8262,34814382,손절 실행 (-8.0%),-3070856,-0.0800,43518,하락
2024-10-17,009450,경동나비엔,SELL,547,90600,49558200,[리밸런싱] 긴급 매도 (점수 64.3 < 65.0),3055952,0.0671,61948,하락
2024-10-17,111770,영원무역,SELL,1074,43000,46182000,[리밸런싱] 긴급 매도 (점수 63.1 < 65.0),-326228,-0.0058,57728,하락
2024-10-17,053280,예스24,BUY,5322,8150,43374300,"리밸런싱 매수 (4위, 68.1점)",0,0.0000,54218,하락
2024-10-17,009450,경동나비엔,BUY,485,89300,43310500,"리밸런싱 매수 (9위, 64.3점)",0,0.0000,54138,하락
2024-10-17,111770,영원무역,BUY,988,43900,43373200,"리밸런싱 매수 (10위, 63.1점)",0,0.0000,54216,하락
2024-10-18,012630,HDC,SELL,4659,11000,51249000,[리밸런싱] 긴급 매도 (점수 64.7 < 65.0),-203831,-0.0027,64061,하락
2024-10-18,018310,삼목에스폼,SELL,1843,24400,44969200,[리밸런싱] 긴급 매도 (점수 61.8 < 65.0),-1530612,-0.0317,56212,하락
2024-10-18,003090,대웅,SELL,1743,26550,46276650,[리밸런싱] 긴급 매도 (점수 64.3 < 65.0),-232146,-0.0038,57846,하락
2024-10-18,009450,경동나비엔,SELL,485,88700,43019500,[리밸런싱] 긴급 매도 (점수 63.4 < 65.0),-344774,-0.0067,53774,하락
2024-10-18,111770,영원무역,SELL,988,42600,42088800,[리밸런싱] 긴급 매도 (점수 61.3 < 65.0),-1337011,-0.0296,52611,하락
2024-10-18,012630,HDC,BUY,3986,11400,45440400,"리밸런싱 매수 (6위, 64.7점)",0,0.0000,56800,하락
2024-10-18,003090,대웅,BUY,1686,26950,45437700,"리밸런싱 매수 (7위, 64.3점)",0,0.0000,56797,하락
2024-10-18,009450,경동나비엔,BUY,505,89900,45399500,"리밸런싱 매수 (8위, 63.4점)",0,0.0000,56749,하락
2024-10-18,013890,지누스,BUY,2384,19055,45427120,"리밸런싱 매수 (9위, 62.9점)",0,0.0000,56784,하락
2024-10-18,163730,핑거,BUY,4035,11260,45434100,"리밸런싱 매수 (10위, 62.2점)",0,0.0000,56793,하락
2024-10-18,036560,KZ정밀,SELL,1683,25392,42734736,손절 실행 (-8.0%),-3769482,-0.0800,53418,하락
2024-10-18,053280,예스24,SELL,5322,7498,39904356,손절 실행 (-8.0%),-3519824,-0.0800,49880,하락
2024-10-21,007720,소노스퀘어,SELL,78009,897,69974073,[리밸런싱] 팩터 데이터 없음,-13583025,-0.1617,87468,하락
2024-10-21,012630,HDC,SELL,3986,11020,43925720,[리밸런싱] 긴급 매도 (점수 64.7 < 65.0),-1569587,-0.0333,54907,하락
2024-10-21,003090,대웅,SELL,1686,26300,44341800,[리밸런싱] 긴급 매도 (점수 64.2 < 65.0),-1151327,-0.0241,55427,하락
2024-10-21,009450,경동나비엔,SELL,505,88800,44844000,[리밸런싱] 긴급 매도 (점수 64.0 < 65.0),-611555,-0.0122,56055,하락
2024-10-21,013890,지누스,SELL,2384,18919,45102896,[리밸런싱] 긴급 매도 (점수 63.7 < 65.0),-380603,-0.0071,56379,하락
2024-10-21,163730,핑거,SELL,4035,12250,49428750,[리밸런싱] 긴급 매도 (점수 62.6 < 65.0),3932864,0.0879,61786,하락
2024-10-21,053280,예스24,BUY,6886,6890,47444540,"리밸런싱 매수 (2위, 66.3점)",0,0.0000,59306,하락
2024-10-21,036560,KZ정밀,BUY,2156,22000,47432000,"리밸런싱 매수 (4위, 65.2점)",0,0.0000,59290,하락
2024-10-21,012630,HDC,BUY,4270,11110,47439700,"리밸런싱 매수 (5위, 64.7점)",0,0.0000,59300,하락
2024-10-21,012030,DB,BUY,30415,1560,47447400,"리밸런싱 매수 (6위, 64.4점)",0,0.0000,59309,하락
2024-10-21,003090,대웅,BUY,1770,26800,47436000,"리밸런싱 매수 (7위, 64.2점)",0,0.0000,59295,하락
2024-10-21,009450,경동나비엔,BUY,526,90200,47445200,"리밸런싱 매수 (8위, 64.0점)",0,0.0000,59306,하락
2024-10-21,013890,지누스,BUY,2454,19329,47433366,"리밸런싱 매수 (9위, 63.7점)",0,0.0000,59292,하락
2024-10-21,025540,한국단자,BUY,661,71700,47393700,"리밸런싱 매수 (10위, 63.0점)",0,0.0000,59242,하락
2024-10-21,084110,휴온스글로벌,SELL,1523,39060,59488380,목표 익절 도달 (20.0%),9840370,0.2000,74360,하락
2024-10-21,036560,KZ정밀,SELL,2156,26400,56918400,목표 익절 도달 (20.0%),9415252,0.2000,71148,하락
2024-10-22,053280,예스24,SELL,6886,6340,43657240,[리밸런싱] 긴급 매도 (점수 63.4 < 65.0),-3841872,-0.0798,54572,하락
2024-10-22,012630,HDC,SELL,4270,10870,46414900,[리밸런싱] 긴급 매도 (점수 64.2 < 65.0),-1082819,-0.0216,58019,하락
2024-10-22,003090,대웅,SELL,1770,25700,45489000,[리밸런싱] 긴급 매도 (점수 62.4 < 65.0),-2003861,-0.0410,56861,하락
2024-10-22,009450,경동나비엔,SELL,526,87100,45814600,[리밸런싱] 긴급 매도 (점수 61.3 < 65.0),-1687868,-0.0344,57268,하락
2024-10-22,013890,지누스,SELL,2454,19283,47320482,[리밸런싱] 긴급 매도 (점수 63.9 < 65.0),-172035,-0.0024,59151,하락
2024-10-22,025540,한국단자,SELL,661,73700,48715700,[리밸런싱] 긴급 매도 (점수 62.5 < 65.0),1261105,0.0279,60895,하락
2024-10-22,007720,소노스퀘어,BUY,62723,895,56137085,"리밸런싱 매수 (2위, 70.1점)",0,0.0000,70171,하락
2024-10-22,084110,휴온스글로벌,BUY,1581,35500,56125500,"리밸런싱 매수 (3위, 67.8점)",0,0.0000,70157,하락
2024-10-22,005870,휴니드,BUY,7106,7900,56137400,"리밸런싱 매수 (5위, 65.1점)",0,0.0000,70172,하락
2024-10-22,012630,HDC,BUY,5094,11020,56135880,"리밸런싱 매수 (7위, 64.2점)",0,0.0000,70170,하락
2024-10-22,013890,지누스,BUY,2989,18781,56136409,"리밸런싱 매수 (8위, 63.9점)",0,0.0000,70171,하락
2024-10-22,053280,예스24,BUY,8416,6670,56134720,"리밸런싱 매수 (9위, 63.4점)",0,0.0000,70168,하락
2024-10-22,006490,인스코비,BUY,28280,1985,56135800,"리밸런싱 매수 (10위, 62.6점)",0,0.0000,70170,하락
2024-10-22,007720,소노스퀘어,SELL,62723,1074,67364502,목표 익절 도달 (20.0%),11143211,0.2000,84206,하락
2024-10-23,012630,HDC,SELL,5094,10830,55168020,[리밸런싱] 팩터 데이터 없음,-1036820,-0.0172,68960,하락
2024-10-23,053280,예스24,SELL,8416,6350,53441600,[리밸런싱] 긴급 매도 (점수 64.0 < 65.0),-2759922,-0.0480,66802,하락
2024-10-23,006490,인스코비,SELL,28280,1707,48273960,[리밸런싱] 긴급 매도 (점수 62.5 < 65.0),-7922182,-0.1401,60342,하락
2024-10-23,007720,소노스퀘어,BUY,54511,1025,55873775,"리밸런싱 매수 (3위, 69.7점)",0,0.0000,69842,하락
2024-10-23,024740,한일단조,BUY,18440,3030,55873200,"리밸런싱 매수 (8위, 65.2점)",0,0.0000,69842,하락
2024-10-23,025540,한국단자,BUY,748,74600,55800800,"리밸런싱 매수 (9위, 65.0점)",0,0.0000,69751,하락
2024-10-23,053280,예스24,BUY,8812,6340,55868080,"리밸런싱 매수 (10위, 64.0점)",0,0.0000,69835,하락
2024-10-23,000105,유한양행우,SELL,415,127880,53070200,손절 실행 (-8.0%),-4681138,-0.0800,66338,하락
2024-10-23,024740,한일단조,SELL,18440,3636,67047840,목표 익절 도달 (20.0%),11090830,0.2000,83810,하락
2024-10-24,084110,휴온스글로벌,SELL,1581,36750,58101750,[리밸런싱] 긴급 매도 (점수 64.5 < 65.0),1903623,0.0352,72627,하락
2024-10-24,005870,휴니드,SELL,7106,8200,58269200,[리밸런싱] 긴급 매도 (점수 63.0 < 65.0),2058964,0.0380,72836,하락
2024-10-24,025540,한국단자,SELL,748,76100,56922800,[리밸런싱] 긴급 매도 (점수 64.8 < 65.0),1050846,0.0201,71154,하락
2024-10-24,053280,예스24,SELL,8812,5990,52783880,[리밸런싱] 긴급 매도 (점수 60.5 < 65.0),-3150180,-0.0552,65980,하락
2024-10-24,000105,유한양행우,BUY,387,127300,49265100,"리밸런싱 매수 (1위, 81.8점)",0,0.0000,61581,하락
2024-10-24,900290,GRT,BUY,10909,4525,49363225,"리밸런싱 매수 (2위, 76.6점)",0,0.0000,61704,하락
2024-10-24,024740,한일단조,BUY,14024,3520,49364480,"리밸런싱 매수 (6위, 65.2점)",0,0.0000,61706,하락
2024-10-24,025540,한국단자,BUY,645,76500,49342500,"리밸런싱 매수 (7위, 64.8점)",0,0.0000,61678,하락
2024-10-24,084110,휴온스글로벌,BUY,1341,36800,49348800,"리밸런싱 매수 (8위, 64.5점)",0,0.0000,61686,하락
2024-10-24,036560,KZ정밀,BUY,2468,20000,49360000,"리밸런싱 매수 (9위, 63.8점)",0,0.0000,61700,하락
2024-10-24,003090,대웅,BUY,1962,25150,49344300,"리밸런싱 매수 (10위, 63.2점)",0,0.0000,61680,하락
2024-10-24,013890,지누스,SELL,2989,21974,65679599,목표 익절 도달 (17.0%),9461090,0.1700,82099,하락
2024-10-24,036560,KZ정밀,SELL,2468,23400,57751200,목표 익절 도달 (17.0%),8319011,0.1700,72189,하락
2024-10-25,012030,DB,SELL,30415,1554,47264910,[리밸런싱] 긴급 매도 (점수 64.5 < 65.0),-241571,-0.0038,59081,하락
2024-10-25,025540,한국단자,SELL,645,73500,47407500,[리밸런싱] 긴급 매도 (점수 62.9 < 65.0),-1994259,-0.0392,59259,하락
2024-10-25,084110,휴온스글로벌,SELL,1341,35900,48141900,[리밸런싱] 긴급 매도 (점수 63.2 < 65.0),-1267077,-0.0245,60177,하락
2024-10-25,003090,대웅,SELL,1962,25150,49344300,[리밸런싱] 긴급 매도 (점수 60.4 < 65.0),-61680,0.0000,61680,하락
2024-10-25,013890,지누스,BUY,2927,21516,62977332,"리밸런싱 매수 (4위, 68.1점)",0,0.0000,78722,하락
2024-10-25,012030,DB,BUY,39147,1609,62987523,"리밸런싱 매수 (6위, 64.5점)",0,0.0000,78734,하락
2024-10-25,084110,휴온스글로벌,BUY,1730,36400,62972000,"리밸런싱 매수 (7위, 63.2점)",0,0.0000,78715,하락
2024-10-25,005870,휴니드,BUY,7728,8150,62983200,"리밸런싱 매수 (9위, 63.0점)",0,0.0000,78729,하락
2024-10-25,025540,한국단자,BUY,820,76800,62976000,"리밸런싱 매수 (10위, 62.9점)",0,0.0000,78720,하락
2024-10-25,007720,소노스퀘어,SELL,54511,1230,67048530,목표 익절 도달 (20.0%),11090944,0.2000,83811,하락
2024-10-28,012030,DB,SELL,39147,1545,60482115,[리밸런싱] 긴급 매도 (점수 64.9 < 65.0),-2581011,-0.0398,75603,하락
2024-10-28,084110,휴온스글로벌,SELL,1730,33800,58474000,[리밸런싱] 긴급 매도 (점수 62.3 < 65.0),-4571092,-0.0714,73092,하락
2024-10-28,005870,휴니드,SELL,7728,7820,60432960,[리밸런싱] 긴급 매도 (점수 60.3 < 65.0),-2625781,-0.0405,75541,하락
2024-10-28,025540,한국단자,SELL,820,72900,59778000,[리밸런싱] 긴급 매도 (점수 62.9 < 65.0),-3272722,-0.0508,74722,하락
2024-10-28,007720,소노스퀘어,BUY,40407,1260,50912820,"리밸런싱 매수 (3위, 69.3점)",0,0.0000,63641,하락
2024-10-28,007160,사조산업,BUY,838,60700,50866600,"리밸런싱 매수 (5위, 65.3점)",0,0.0000,63583,하락
2024-10-28,012030,DB,BUY,33039,1541,50913099,"리밸런싱 매수 (7위, 64.9점)",0,0.0000,63641,하락
2024-10-28,025540,한국단자,BUY,688,74000,50912000,"리밸런싱 매수 (8위, 62.9점)",0,0.0000,63640,하락
2024-10-28,036560,KZ정밀,BUY,2346,21700,50908200,"리밸런싱 매수 (9위, 62.7점)",0,0.0000,63635,하락
2024-10-28,015760,한국전력,BUY,2218,22950,50903100,"리밸런싱 매수 (10위, 62.4점)",0,0.0000,63629,하락
2024-10-28,900290,GRT,SELL,10909,4163,45414167,손절 실행 (-8.0%),-4005826,-0.0800,56768,하락
2024-10-28,007160,사조산업,SELL,838,72840,61039920,목표 익절 도달 (20.0%),10097020,0.2000,76300,하락
2024-10-28,036560,KZ정밀,SELL,2346,25389,59562594,목표 익절 도달 (17.0%),8579941,0.1700,74453,하락
2024-10-29,025540,한국단자,SELL,688,72000,49536000,[리밸런싱] 긴급 매도 (점수 63.6 < 65.0),-1437920,-0.0270,61920,하락
2024-10-29,015760,한국전력,SELL,2218,23050,51124900,[리밸런싱] 긴급 매도 (점수 62.3 < 65.0),157894,0.0044,63906,하락
2024-10-29,900290,GRT,BUY,12668,4200,53205600,"리밸런싱 매수 (3위, 68.9점)",0,0.0000,66507,하락
2024-10-29,005870,휴니드,BUY,6821,7800,53203800,"리밸런싱 매수 (5위, 65.8점)",0,0.0000,66505,하락
2024-10-29,007160,사조산업,BUY,729,72900,53144100,"리밸런싱 매수 (8위, 63.8점)",0,0.0000,66430,하락
2024-10-29,025540,한국단자,BUY,724,73400,53141600,"리밸런싱 매수 (9위, 63.6점)",0,0.0000,66427,하락
2024-10-29,084110,휴온스글로벌,BUY,1585,33550,53176750,"리밸런싱 매수 (10위, 63.3점)",0,0.0000,66471,하락
2024-10-29,007720,소노스퀘어,SELL,40407,1159,46839794,손절 실행 (-8.0%),-4131575,-0.0800,58550,하락
2024-10-30,005870,휴니드,SELL,6821,8420,57432820,[리밸런싱] 긴급 매도 (점수 64.8 < 65.0),4157229,0.0795,71791,하락
2024-10-30,007160,사조산업,SELL,729,71000,51759000,[리밸런싱] 긴급 매도 (점수 63.5 < 65.0),-1449799,-0.0261,64699,하락
2024-10-30,025540,한국단자,SELL,724,72600,52562400,[리밸런싱] 긴급 매도 (점수 63.6 < 65.0),-644903,-0.0109,65703,하락
2024-10-30,084110,휴온스글로벌,SELL,1585,36200,57377000,[리밸런싱] 긴급 매도 (점수 63.2 < 65.0),4128529,0.0790,71721,하락
2024-10-30,007720,소노스퀘어,BUY,46984,1130,53091920,"리밸런싱 매수 (2위, 69.1점)",0,0.0000,66365,하락
2024-10-30,005870,휴니드,BUY,6195,8570,53091150,"리밸런싱 매수 (7위, 64.8점)",0,0.0000,66364,하락
2024-10-30,025540,한국단자,BUY,735,72200,53067000,"리밸런싱 매수 (8위, 63.6점)",0,0.0000,66334,하락
2024-10-30,007160,사조산업,BUY,763,69500,53028500,"리밸런싱 매수 (9위, 63.5점)",0,0.0000,66286,하락
2024-10-30,084110,휴온스글로벌,BUY,1501,35350,53060350,"리밸런싱 매수 (10위, 63.2점)",0,0.0000,66325,하락
2024-10-30,007720,소노스퀘어,SELL,46984,1356,63710304,목표 익절 도달 (20.0%),10538746,0.2000,79638,하락
2024-10-31,024740,한일단조,SELL,14024,3345,46910280,[리밸런싱] 긴급 매도 (점수 64.2 < 65.0),-2512838,-0.0497,58638,하락
2024-10-31,005870,휴니드,SELL,6195,7970,49374150,[리밸런싱] 긴급 매도 (점수 62.8 < 65.0),-3778718,-0.0700,61718,하락
2024-10-31,007160,사조산업,SELL,763,67400,51426200,[리밸런싱] 긴급 매도 (점수 62.2 < 65.0),-1666583,-0.0302,64283,하락
2024-10-31,084110,휴온스글로벌,SELL,1501,34500,51784500,[리밸런싱] 긴급 매도 (점수 62.5 < 65.0),-1340581,-0.0240,64731,하락
2024-10-31,007720,소노스퀘어,BUY,39858,1318,52532844,"리밸런싱 매수 (3위, 69.2점)",0,0.0000,65666,하락
2024-10-31,024740,한일단조,BUY,13734,3825,52532550,"리밸런싱 매수 (7위, 64.2점)",0,0.0000,65666,하락
2024-10-31,005870,휴니드,BUY,6158,8530,52527740,"리밸런싱 매수 (8위, 62.8점)",0,0.0000,65660,하락
2024-10-31,000670,영풍,BUY,1579,33263,52522277,"리밸런싱 매수 (9위, 62.6점)",0,0.0000,65653,하락
2024-10-31,003920,남양유업,BUY,787,66700,52492900,"리밸런싱 매수 (10위, 62.6점)",0,0.0000,65616,하락
2024-10-31,000670,영풍,SELL,1579,38918,61451064,목표 익절 도달 (17.0%),8851973,0.1700,76814,하락
2024-11-01,012030,DB,SELL,33039,1562,51606918,[리밸런싱] 긴급 매도 (점수 64.3 < 65.0),629310,0.0136,64509,하락
2024-11-01,005870,휴니드,SELL,6158,7980,49140840,[리밸런싱] 긴급 매도 (점수 61.1 < 65.0),-3448326,-0.0645,61426,하락
2024-11-01,003920,남양유업,SELL,787,68400,53830800,[리밸런싱] 긴급 매도 (점수 62.0 < 65.0),1270612,0.0255,67288,하락
2024-11-01,084110,휴온스글로벌,BUY,1557,34600,53872200,"리밸런싱 매수 (7위, 64.5점)",0,0.0000,67340,하락
2024-11-01,012030,DB,BUY,33670,1600,53872000,"리밸런싱 매수 (8위, 64.3점)",0,0.0000,67340,하락
2024-11-01,015760,한국전력,BUY,2342,23000,53866000,"리밸런싱 매수 (9위, 62.2점)",0,0.0000,67332,하락
2024-11-01,007160,사조산업,BUY,798,67500,53865000,"리밸런싱 매수 (10위, 62.0점)",0,0.0000,67331,하락
2024-11-01,007720,소노스퀘어,SELL,39858,1213,48330216,손절 실행 (-8.0%),-4263040,-0.0800,60413,하락
2024-11-01,024740,한일단조,SELL,13734,3519,48329946,손절 실행 (-8.0%),-4263016,-0.0800,60412,하락
2024-11-04,012030,DB,SELL,33670,1542,51919140,[리밸런싱] 긴급 매도 (점수 62.9 < 65.0),-2017759,-0.0362,64899,하락
2024-11-04,015760,한국전력,SELL,2342,23100,54100200,[리밸런싱] 긴급 매도 (점수 61.3 < 65.0),166575,0.0043,67625,하락
2024-11-04,007160,사조산업,SELL,798,66800,53306400,[리밸런싱] 긴급 매도 (점수 60.8 < 65.0),-625233,-0.0104,66633,하락
2024-11-04,007720,소노스퀘어,BUY,44189,1156,51082484,"리밸런싱 매수 (3위, 69.5점)",0,0.0000,63853,하락
2024-11-04,024740,한일단조,BUY,14657,3485,51079645,"리밸런싱 매수 (7위, 64.7점)",0,0.0000,63850,하락
2024-11-04,003920,남양유업,BUY,746,68400,51026400,"리밸런싱 매수 (8위, 63.0점)",0,0.0000,63783,하락
2024-11-04,012030,DB,BUY,32703,1562,51082086,"리밸런싱 매수 (9위, 62.9점)",0,0.0000,63853,하락
2024-11-04,000670,영풍,BUY,1390,36749,51081110,"리밸런싱 매수 (10위, 62.3점)",0,0.0000,63851,하락
2024-11-04,013890,지누스,SELL,2927,25819,75572798,목표 익절 도달 (20.0%),12501000,0.2000,94466,하락
2024-11-05,003920,남양유업,SELL,746,70400,52518400,[리밸런싱] 긴급 매도 (점수 64.7 < 65.0),1426352,0.0292,65648,하락
2024-11-05,012030,DB,SELL,32703,1578,51605334,[리밸런싱] 긴급 매도 (점수 64.6 < 65.0),458741,0.0102,64507,하락
2024-11-05,000670,영풍,SELL,1390,39671,55142690,[리밸런싱] 긴급 매도 (점수 64.4 < 65.0),3992652,0.0795,68928,하락
2024-11-05,013890,지누스,BUY,2504,23385,58556040,"리밸런싱 매수 (3위, 69.6점)",0,0.0000,73195,하락
2024-11-05,012630,HDC,BUY,4922,11900,58571800,"리밸런싱 매수 (8위, 64.8점)",0,0.0000,73215,하락
2024-11-05,003920,남양유업,BUY,836,70000,58520000,"리밸런싱 매수 (9위, 64.7점)",0,0.0000,73150,하락
2024-11-05,012030,DB,BUY,37618,1557,58571226,"리밸런싱 매수 (10위, 64.6점)",0,0.0000,73214,하락
2024-11-06,007720,소노스퀘어,SELL,44189,1031,45558859,[리밸런싱] 긴급 매도 (점수 63.6 < 65.0),-5580574,-0.1081,56949,하락
2024-11-06,000670,영풍,BUY,1134,39906,45253404,"리밸런싱 매수 (6위, 69.1점)",0,0.0000,56567,하락
2024-11-06,024740,한일단조,SELL,14657,3206,46993273,손절 실행 (-8.0%),-4145113,-0.0800,58742,하락
2024-11-07,025540,한국단자,SELL,735,73600,54096000,[리밸런싱] 긴급 매도 (점수 64.3 < 65.0),961380,0.0194,67620,상승
2024-11-07,012630,HDC,SELL,4922,11750,57833500,[리밸런싱] 팩터 데이터 없음,-810592,-0.0126,72292,상승
2024-11-07,092790,넥스틸,BUY,5284,10010,52892840,"리밸런싱 매수 (5위, 68.5점)",0,0.0000,66116,상승
2024-11-07,025540,한국단자,BUY,679,77800,52826200,"리밸런싱 매수 (9위, 64.3점)",0,0.0000,66033,상승
2024-11-07,016380,KG스틸,BUY,7767,6810,52893270,"리밸런싱 매수 (10위, 63.6점)",0,0.0000,66117,상승
2024-11-08,016380,KG스틸,SELL,7767,6830,53048610,[리밸런싱] 긴급 매도 (점수 63.0 < 65.0),89029,0.0029,66311,횡보
2024-11-08,012630,HDC,BUY,4487,11780,52856860,"리밸런싱 매수 (8위, 65.7점)",0,0.0000,66071,횡보
2024-11-08,084110,휴온스글로벌,SELL,1557,41520,64646640,목표 익절 도달 (20.0%),10693632,0.2000,80808,횡보
2024-11-11,012030,DB,SELL,37618,1475,55486550,[리밸런싱] 긴급 매도 (점수 62.9 < 65.0),-3154034,-0.0527,69358,횡보
2024-11-11,025540,한국단자,SELL,679,74300,50449700,[리밸런싱] 긴급 매도 (점수 64.6 < 65.0),-2439562,-0.0450,63062,횡보
2024-11-11,012630,HDC,SELL,4487,11600,52049200,[리밸런싱] 긴급 매도 (점수 62.8 < 65.0),-872722,-0.0153,65062,횡보
2024-11-11,084110,휴온스글로벌,BUY,1323,42000,55566000,"리밸런싱 매수 (3위, 69.6점)",0,0.0000,69458,횡보
2024-11-11,025540,한국단자,BUY,731,76000,55556000,"리밸런싱 매수 (7위, 64.6점)",0,0.0000,69445,횡보
2024-11-11,084010,대한제강,BUY,5556,10002,55571112,"리밸런싱 매수 (8위, 63.4점)",0,0.0000,69464,횡보
2024-11-11,012030,DB,BUY,36417,1526,55572342,"리밸런싱 매수 (9위, 62.9점)",0,0.0000,69465,횡보
2024-11-12,025540,한국단자,SELL,731,72800,53216800,[리밸런싱] 긴급 매도 (점수 62.4 < 65.0),-2405721,-0.0421,66521,하락
2024-11-12,084010,대한제강,SELL,5556,9595,53309820,[리밸런싱] 긴급 매도 (점수 62.8 < 65.0),-2327929,-0.0407,66637,하락
2024-11-12,012030,DB,SELL,36417,1415,51530055,[리밸런싱] 긴급 매도 (점수 61.1 < 65.0),-4106700,-0.0727,64413,하락
2024-11-12,012330,현대모비스,BUY,206,254500,52427000,"리밸런싱 매수 (7위, 62.9점)",0,0.0000,65534,하락
2024-11-12,084010,대한제강,BUY,5418,9695,52527510,"리밸런싱 매수 (8위, 62.8점)",0,0.0000,65659,하락
2024-11-12,012630,HDC,BUY,4572,11490,52532280,"리밸런싱 매수 (9위, 62.7점)",0,0.0000,65665,하락
2024-11-12,000105,유한양행우,SELL,387,117116,45323892,손절 실행 (-8.0%),-3997863,-0.0800,56655,하락
2024-11-12,000670,영풍,SELL,1134,46690,52946483,목표 익절 도달 (17.0%),7626896,0.1700,66183,하락
2024-11-13,092790,넥스틸,SELL,5284,10360,54742240,[리밸런싱] 긴급 매도 (점수 64.0 < 65.0),1780972,0.0350,68428,하락
2024-11-13,012330,현대모비스,SELL,206,253000,52118000,[리밸런싱] 긴급 매도 (점수 61.0 < 65.0),-374148,-0.0059,65148,하락
2024-11-13,084010,대한제강,SELL,5418,9375,50793750,[리밸런싱] 팩터 데이터 없음,-1797252,-0.0330,63492,하락
2024-11-13,012630,HDC,SELL,4572,11200,51206400,[리밸런싱] 긴급 매도 (점수 61.6 < 65.0),-1389888,-0.0252,64008,하락
2024-11-13,000105,유한양행우,BUY,446,114500,51067000,"리밸런싱 매수 (1위, 77.6점)",0,0.0000,63834,하락
2024-11-13,000670,영풍,BUY,1141,44759,51070019,"리밸런싱 매수 (4위, 67.5점)",0,0.0000,63838,하락
2024-11-13,092790,넥스틸,BUY,4867,10500,51103500,"리밸런싱 매수 (6위, 64.0점)",0,0.0000,63879,하락
2024-11-13,025540,한국단자,BUY,704,72600,51110400,"리밸런싱 매수 (7위, 62.5점)",0,0.0000,63888,하락
2024-11-13,015760,한국전력,BUY,2388,21400,51103200,"리밸런싱 매수 (8위, 61.7점)",0,0.0000,63879,하락
2024-11-13,119850,지엔씨에너지,BUY,7001,7300,51107300,"리밸런싱 매수 (9위, 61.6점)",0,0.0000,63884,하락
2024-11-13,084110,휴온스글로벌,SELL,1323,38640,51120720,손절 실행 (-8.0%),-4509181,-0.0800,63901,하락
2024-11-14,025540,한국단자,SELL,704,71400,50265600,[리밸런싱] 긴급 매도 (점수 60.2 < 65.0),-907632,-0.0165,62832,하락
2024-11-14,015760,한국전력,SELL,2388,23100,55162800,[리밸런싱] 긴급 매도 (점수 64.0 < 65.0),3990646,0.0794,68954,하락
2024-11-14,119850,지엔씨에너지,SELL,7001,7630,53417630,[리밸런싱] 긴급 매도 (점수 62.0 < 65.0),2243558,0.0452,66772,하락
2024-11-14,015760,한국전력,BUY,2332,22450,52353400,"리밸런싱 매수 (6위, 64.0점)",0,0.0000,65442,하락
2024-11-14,026960,동서,BUY,1979,26450,52344550,"리밸런싱 매수 (7위, 62.2점)",0,0.0000,65431,하락
2024-11-14,119850,지엔씨에너지,BUY,6990,7490,52355100,"리밸런싱 매수 (8위, 62.0점)",0,0.0000,65444,하락
2024-11-14,012630,HDC,BUY,4674,11200,52348800,"리밸런싱 매수 (9위, 61.7점)",0,0.0000,65436,하락
2024-11-14,000670,영풍,SELL,1141,40731,46473717,손절 실행 (-9.0%),-4654394,-0.0900,58092,하락
2024-11-15,015760,한국전력,SELL,2332,22600,52703200,[리밸런싱] 긴급 매도 (점수 62.7 < 65.0),283921,0.0067,65879,하락
2024-11-15,026960,동서,SELL,1979,25800,51058200,[리밸런싱] 긴급 매도 (점수 57.7 < 65.0),-1350173,-0.0246,63823,하락
2024-11-15,119850,지엔씨에너지,SELL,6990,7930,55430700,[리밸런싱] 긴급 매도 (점수 63.8 < 65.0),3006312,0.0587,69288,하락
2024-11-15,012630,HDC,SELL,4674,11250,52582500,[리밸런싱] 긴급 매도 (점수 62.1 < 65.0),167972,0.0045,65728,하락
2024-11-15,000670,영풍,BUY,1285,40094,51520790,"리밸런싱 매수 (5위, 64.2점)",0,0.0000,64401,하락
2024-11-15,119850,지엔씨에너지,BUY,6862,7510,51533620,"리밸런싱 매수 (6위, 63.8점)",0,0.0000,64417,하락
2024-11-15,015760,한국전력,BUY,2226,23150,51531900,"리밸런싱 매수 (7위, 62.7점)",0,0.0000,64415,하락
2024-11-15,012630,HDC,BUY,4681,11010,51537810,"리밸런싱 매수 (8위, 62.1점)",0,0.0000,64422,하락
2024-11-15,012330,현대모비스,BUY,198,259500,51381000,"리밸런싱 매수 (9위, 60.8점)",0,0.0000,64226,하락
2024-11-18,900290,GRT,SELL,12668,3740,47378320,[리밸런싱] 긴급 매도 (점수 61.3 < 65.0),-5886503,-0.1095,59223,하락
2024-11-18,000670,영풍,SELL,1285,39764,51096740,[리밸런싱] 긴급 매도 (점수 64.5 < 65.0),-487921,-0.0082,63871,하락
2024-11-18,015760,한국전력,SELL,2226,23600,52533600,[리밸런싱] 긴급 매도 (점수 64.8 < 65.0),936033,0.0194,65667,하락
2024-11-18,012630,HDC,SELL,4681,11220,52520820,[리밸런싱] 긴급 매도 (점수 62.0 < 65.0),917359,0.0191,65651,하락
2024-11-18,012330,현대모비스,SELL,198,258500,51183000,[리밸런싱] 긴급 매도 (점수 61.7 < 65.0),-261979,-0.0039,63979,하락
2024-11-18,015760,한국전력,BUY,2230,22800,50844000,"리밸런싱 매수 (5위, 64.8점)",0,0.0000,63555,하락
2024-11-18,000670,영풍,BUY,1275,39859,50820225,"리밸런싱 매수 (6위, 64.5점)",0,0.0000,63525,하락
2024-11-18,012630,HDC,BUY,4581,11100,50849100,"리밸런싱 매수 (7위, 62.0점)",0,0.0000,63561,하락
2024-11-18,005870,휴니드,BUY,5527,9200,50848400,"리밸런싱 매수 (8위, 61.7점)",0,0.0000,63560,하락
2024-11-18,012330,현대모비스,BUY,203,250000,50750000,"리밸런싱 매수 (9위, 61.7점)",0,0.0000,63438,하락
2024-11-18,013890,지누스,SELL,2504,21514,53871557,손절 실행 (-8.0%),-4751823,-0.0800,67339,하락
2024-11-18,119850,지엔씨에너지,SELL,6862,8787,60294335,목표 익절 도달 (17.0%),8685347,0.1700,75368,하락
2024-11-19,000670,영풍,SELL,1275,38681,49318275,[리밸런싱] 긴급 매도 (점수 62.7 < 65.0),-1563598,-0.0296,61648,하락
2024-11-19,012630,HDC,SELL,4581,11260,51582060,[리밸런싱] 긴급 매도 (점수 61.6 < 65.0),668482,0.0144,64478,하락
2024-11-19,005870,휴니드,SELL,5527,8870,49024490,[리밸런싱] 긴급 매도 (점수 60.0 < 65.0),-1885191,-0.0359,61281,하락
2024-11-19,012330,현대모비스,SELL,203,250500,50851500,[리밸런싱] 긴급 매도 (점수 60.1 < 65.0),37936,0.0020,63564,하락
2024-11-19,013890,지누스,BUY,2420,21650,52393000,"리밸런싱 매수 (3위, 65.8점)",0,0.0000,65491,하락
2024-11-19,119850,지엔씨에너지,BUY,6142,8530,52391260,"리밸런싱 매수 (4위, 65.8점)",0,0.0000,65489,하락
2024-11-19,158430,아톤,BUY,11124,4710,52394040,"리밸런싱 매수 (6위, 64.8점)",0,0.0000,65493,하락
2024-11-19,000670,영풍,BUY,1331,39341,52362871,"리밸런싱 매수 (7위, 62.7점)",0,0.0000,65454,하락
2024-11-19,012630,HDC,BUY,4707,11130,52388910,"리밸런싱 매수 (8위, 61.6점)",0,0.0000,65486,하락
2024-11-19,012330,현대모비스,BUY,202,258500,52217000,"리밸런싱 매수 (9위, 60.1점)",0,0.0000,65271,하락
2024-11-19,158430,아톤,SELL,11124,5652,62872848,목표 익절 도달 (20.0%),10400217,0.2000,78591,하락
2024-11-20,003920,남양유업,SELL,836,67700,56597200,[리밸런싱] 긴급 매도 (점수 63.2 < 65.0),-1993546,-0.0329,70746,하락
2024-11-20,015760,한국전력,SELL,2230,23700,52851000,[리밸런싱] 긴급 매도 (점수 63.9 < 65.0),1940936,0.0395,66064,하락
2024-11-20,013890,지누스,SELL,2420,19930,48230600,[리밸런싱] 긴급 매도 (점수 62.9 < 65.0),-4222688,-0.0794,60288,하락
2024-11-20,119850,지엔씨에너지,SELL,6142,8930,54848060,[리밸런싱] 긴급 매도 (점수 64.9 < 65.0),2388240,0.0469,68560,하락
2024-11-20,000670,영풍,SELL,1331,37268,49603708,[리밸런싱] 긴급 매도 (점수 60.6 < 65.0),-2821168,-0.0527,62005,하락
2024-11-20,012630,HDC,SELL,4707,10970,51635790,[리밸런싱] 긴급 매도 (점수 60.3 < 65.0),-817665,-0.0144,64545,하락
2024-11-20,012330,현대모비스,SELL,202,255000,51510000,[리밸런싱] 긴급 매도 (점수 61.4 < 65.0),-771388,-0.0135,64388,하락
2024-11-20,119850,지엔씨에너지,BUY,6256,8540,53426240,"리밸런싱 매수 (3위, 64.9점)",0,0.0000,66783,하락
2024-11-20,158430,아톤,BUY,8935,5980,53431300,"리밸런싱 매수 (4위, 64.5점)",0,0.0000,66789,하락
2024-11-20,015760,한국전력,BUY,2245,23800,53431000,"리밸런싱 매수 (5위, 63.9점)",0,0.0000,66789,하락
2024-11-20,003920,남양유업,BUY,782,68300,53410600,"리밸런싱 매수 (6위, 63.2점)",0,0.0000,66763,하락
2024-11-20,013890,지누스,BUY,2606,20500,53423000,"리밸런싱 매수 (7위, 62.9점)",0,0.0000,66779,하락
2024-11-20,049430,코메론,BUY,4610,11590,53429900,"리밸런싱 매수 (8위, 62.6점)",0,0.0000,66787,하락
2024-11-20,005870,휴니드,BUY,5871,9100,53426100,"리밸런싱 매수 (9위, 62.2점)",0,0.0000,66783,하락
2024-11-20,024740,한일단조,BUY,19014,2810,53429340,"리밸런싱 매수 (10위, 61.9점)",0,0.0000,66787,하락
2024-11-20,024740,한일단조,SELL,19014,3288,62512328,목표 익절 도달 (17.0%),9004847,0.1700,78140,하락
2024-11-21,092790,넥스틸,SELL,4867,10700,52076900,[리밸런싱] 긴급 매도 (점수 64.1 < 65.0),908304,0.0190,65096,하락
2024-11-21,119850,지엔씨에너지,SELL,6256,8650,54114400,[리밸런싱] 긴급 매도 (점수 64.9 < 65.0),620517,0.0129,67643,하락
2024-11-21,158430,아톤,SELL,8935,5450,48695750,[리밸런싱] 긴급 매도 (점수 63.5 < 65.0),-4796420,-0.0886,60870,하락
2024-11-21,015760,한국전력,SELL,2245,23650,53094250,[리밸런싱] 긴급 매도 (점수 61.9 < 65.0),-403118,-0.0063,66368,하락
2024-11-21,003920,남양유업,SELL,782,61600,48171200,[리밸런싱] 긴급 매도 (점수 58.8 < 65.0),-5299614,-0.0981,60214,하락
2024-11-21,013890,지누스,SELL,2606,19450,50686700,[리밸런싱] 긴급 매도 (점수 60.3 < 65.0),-2799658,-0.0512,63358,하락
2024-11-21,049430,코메론,SELL,4610,11220,51724200,[리밸런싱] 긴급 매도 (점수 61.3 < 65.0),-1770355,-0.0319,64655,하락
2024-11-21,005870,휴니드,SELL,5871,8450,49609950,[리밸런싱] 긴급 매도 (점수 59.4 < 65.0),-3878162,-0.0714,62012,하락
2024-11-21,119850,지엔씨에너지,BUY,5778,9030,52175340,"리밸런싱 매수 (2위, 64.9점)",0,0.0000,65219,하락
2024-11-21,092790,넥스틸,BUY,4743,11000,52173000,"리밸런싱 매수 (3위, 64.1점)",0,0.0000,65216,하락
2024-11-21,158430,아톤,BUY,9334,5590,52177060,"리밸런싱 매수 (4위, 63.5점)",0,0.0000,65221,하락
2024-11-21,002900,TYM,BUY,11569,4510,52176190,"리밸런싱 매수 (5위, 62.6점)",0,0.0000,65220,하락
2024-11-21,009780,엠에스씨,BUY,9384,5560,52175040,"리밸런싱 매수 (6위, 62.4점)",0,0.0000,65219,하락
2024-11-21,015760,한국전력,BUY,2210,23600,52156000,"리밸런싱 매수 (7위, 61.9점)",0,0.0000,65195,하락
2024-11-21,453340,현대그린푸드,BUY,3958,13180,52166440,"리밸런싱 매수 (8위, 61.5점)",0,0.0000,65208,하락
2024-11-21,049430,코메론,BUY,4463,11690,52172470,"리밸런싱 매수 (9위, 61.3점)",0,0.0000,65216,하락
2024-11-21,012330,현대모비스,BUY,203,257000,52171000,"리밸런싱 매수 (10위, 61.1점)",0,0.0000,65214,하락
2024-11-21,000105,유한양행우,SELL,446,105340,46981640,손절 실행 (-8.0%),-4144087,-0.0800,58727,하락
2024-11-22,158430,아톤,SELL,9334,5240,48910160,[리밸런싱] 긴급 매도 (점수 62.5 < 65.0),-3328038,-0.0626,61138,하락
2024-11-22,002900,TYM,SELL,11569,4895,56630255,[리밸런싱] 긴급 매도 (점수 62.2 < 65.0),4383277,0.0854,70788,하락
2024-11-22,009780,엠에스씨,SELL,9384,5850,54896400,[리밸런싱] 긴급 매도 (점수 61.6 < 65.0),2652740,0.0522,68620,하락
2024-11-22,015760,한국전력,SELL,2210,23750,52487500,[리밸런싱] 긴급 매도 (점수 62.1 < 65.0),265891,0.0064,65609,하락
2024-11-22,453340,현대그린푸드,SELL,3958,13130,51968540,[리밸런싱] 긴급 매도 (점수 61.8 < 65.0),-262861,-0.0038,64961,하락
2024-11-22,049430,코메론,SELL,4463,11390,50833570,[리밸런싱] 긴급 매도 (점수 60.1 < 65.0),-1402442,-0.0257,63542,하락
2024-11-22,012330,현대모비스,SELL,203,254000,51562000,[리밸런싱] 긴급 매도 (점수 61.2 < 65.0),-673452,-0.0117,64452,하락
2024-11-22,097230,HJ중공업,BUY,15918,3245,51653910,"리밸런싱 매수 (1위, 68.3점)",0,0.0000,64567,하락
2024-11-22,000105,유한양행우,BUY,481,107200,51563200,"리밸런싱 매수 (4위, 63.4점)",0,0.0000,64454,하락
2024-11-22,158430,아톤,BUY,9637,5360,51654320,"리밸런싱 매수 (5위, 62.5점)",0,0.0000,64568,하락
2024-11-22,002900,TYM,BUY,10761,4800,51652800,"리밸런싱 매수 (6위, 62.2점)",0,0.0000,64566,하락
2024-11-22,015760,한국전력,BUY,2170,23800,51646000,"리밸런싱 매수 (7위, 62.1점)",0,0.0000,64558,하락
2024-11-22,453340,현대그린푸드,BUY,3958,13050,51651900,"리밸런싱 매수 (8위, 61.8점)",0,0.0000,64565,하락
2024-11-22,009780,엠에스씨,BUY,8725,5920,51652000,"리밸런싱 매수 (9위, 61.6점)",0,0.0000,64565,하락
2024-11-22,012330,현대모비스,BUY,201,256500,51556500,"리밸런싱 매수 (10위, 61.2점)",0,0.0000,64446,하락
2024-11-22,119850,지엔씨에너지,SELL,5778,8308,48001313,손절 실행 (-8.0%),-4234029,-0.0800,60002,하락
2024-11-22,097230,HJ중공업,SELL,15918,3894,61984692,목표 익절 도달 (20.0%),10253301,0.2000,77481,하락
2024-11-25,000105,유한양행우,SELL,481,108300,52092300,[리밸런싱] 긴급 매도 (점수 63.5 < 65.0),463985,0.0103,65115,하락
2024-11-25,158430,아톤,SELL,9637,5400,52039800,[리밸런싱] 긴급 매도 (점수 63.8 < 65.0),320430,0.0075,65050,하락
2024-11-25,002900,TYM,SELL,10761,4900,52728900,[리밸런싱] 긴급 매도 (점수 62.3 < 65.0),1010189,0.0208,65911,하락
2024-11-25,015760,한국전력,SELL,2170,23750,51537500,[리밸런싱] 긴급 매도 (점수 62.0 < 65.0),-172922,-0.0021,64422,하락
2024-11-25,453340,현대그린푸드,SELL,3958,13210,52285180,[리밸런싱] 긴급 매도 (점수 62.7 < 65.0),567924,0.0123,65356,하락
2024-11-25,009780,엠에스씨,SELL,8725,5770,50343250,[리밸런싱] 긴급 매도 (점수 61.0 < 65.0),-1371679,-0.0253,62929,하락
2024-11-25,012330,현대모비스,SELL,201,246500,49546500,[리밸런싱] 긴급 매도 (점수 59.9 < 65.0),-2071933,-0.0390,61933,하락
2024-11-25,097230,HJ중공업,BUY,12743,4095,52182585,"리밸런싱 매수 (1위, 73.5점)",0,0.0000,65228,하락
2024-11-25,119850,지엔씨에너지,BUY,5936,8790,52177440,"리밸런싱 매수 (2위, 67.6점)",0,0.0000,65222,하락
2024-11-25,084010,대한제강,BUY,5151,10129,52174479,"리밸런싱 매수 (4위, 66.8점)",0,0.0000,65218,하락
2024-11-25,158430,아톤,BUY,9772,5340,52182480,"리밸런싱 매수 (5위, 63.8점)",0,0.0000,65228,하락
2024-11-25,000670,영풍,BUY,1444,36137,52181828,"리밸런싱 매수 (6위, 63.8점)",0,0.0000,65227,하락
2024-11-25,000105,유한양행우,BUY,500,104200,52100000,"리밸런싱 매수 (7위, 63.5점)",0,0.0000,65125,하락
2024-11-25,453340,현대그린푸드,BUY,3968,13150,52179200,"리밸런싱 매수 (8위, 62.7점)",0,0.0000,65224,하락
2024-11-25,002900,TYM,BUY,10759,4850,52181150,"리밸런싱 매수 (9위, 62.3점)",0,0.0000,65226,하락
2024-11-25,015760,한국전력,BUY,2192,23800,52169600,"리밸런싱 매수 (10위, 62.0점)",0,0.0000,65212,하락
2024-11-26,000670,영풍,SELL,1444,41084,59325296,[리밸런싱] 긴급 매도 (점수 64.9 < 65.0),7069311,0.1369,74157,하락
2024-11-26,000105,유한양행우,SELL,500,103700,51850000,[리밸런싱] 긴급 매도 (점수 61.1 < 65.0),-314812,-0.0048,64812,하락
2024-11-26,453340,현대그린푸드,SELL,3968,13410,53210880,[리밸런싱] 긴급 매도 (점수 62.9 < 65.0),965166,0.0198,66514,하락
2024-11-26,002900,TYM,SELL,10759,5060,54440540,[리밸런싱] 긴급 매도 (점수 62.8 < 65.0),2191339,0.0433,68051,하락
2024-11-26,015760,한국전력,SELL,2192,24400,53484800,[리밸런싱] 긴급 매도 (점수 62.3 < 65.0),1248344,0.0252,66856,하락
2024-11-26,000670,영풍,BUY,1340,40518,54294120,"리밸런싱 매수 (6위, 64.9점)",0,0.0000,67868,하락
2024-11-26,453340,현대그린푸드,BUY,4089,13280,54301920,"리밸런싱 매수 (7위, 62.9점)",0,0.0000,67877,하락
2024-11-26,002900,TYM,BUY,10544,5150,54301600,"리밸런싱 매수 (8위, 62.8점)",0,0.0000,67877,하락
2024-11-26,015760,한국전력,BUY,2281,23800,54287800,"리밸런싱 매수 (9위, 62.3점)",0,0.0000,67860,하락
2024-11-26,003920,남양유업,BUY,820,66200,54284000,"리밸런싱 매수 (10위, 62.0점)",0,0.0000,67855,하락
2024-11-27,092790,넥스틸,SELL,4743,10110,47951730,[리밸런싱] 긴급 매도 (점수 61.5 < 65.0),-4281210,-0.0809,59940,하락
2024-11-27,158430,아톤,SELL,9772,5690,55602680,[리밸런싱] 긴급 매도 (점수 63.6 < 65.0),3350697,0.0655,69503,하락
2024-11-27,000670,영풍,SELL,1340,40754,54610360,[리밸런싱] 긴급 매도 (점수 64.8 < 65.0),247977,0.0058,68263,하락
2024-11-27,453340,현대그린푸드,SELL,4089,13940,57000660,[리밸런싱] 긴급 매도 (점수 64.5 < 65.0),2627489,0.0497,71251,하락
2024-11-27,002900,TYM,SELL,10544,4760,50189440,[리밸런싱] 긴급 매도 (점수 62.5 < 65.0),-4174897,-0.0757,62737,하락
2024-11-27,015760,한국전력,SELL,2281,24300,55428300,[리밸런싱] 긴급 매도 (점수 61.1 < 65.0),1071215,0.0210,69285,하락
2024-11-27,003920,남양유업,SELL,820,67700,55514000,[리밸런싱] 긴급 매도 (점수 62.3 < 65.0),1160608,0.0227,69392,하락
2024-11-27,000670,영풍,BUY,1322,40566,53628252,"리밸런싱 매수 (4위, 64.8점)",0,0.0000,67035,하락
2024-11-27,453340,현대그린푸드,BUY,3976,13490,53636240,"리밸런싱 매수 (5위, 64.5점)",0,0.0000,67045,하락
2024-11-27,158430,아톤,BUY,9579,5600,53642400,"리밸런싱 매수 (6위, 63.6점)",0,0.0000,67053,하락
2024-11-27,013890,지누스,BUY,2422,22150,53647300,"리밸런싱 매수 (7위, 62.8점)",0,0.0000,67059,하락
2024-11-27,002900,TYM,BUY,10665,5030,53644950,"리밸런싱 매수 (8위, 62.5점)",0,0.0000,67056,하락
2024-11-27,012630,HDC,BUY,4554,11780,53646120,"리밸런싱 매수 (9위, 62.5점)",0,0.0000,67058,하락
2024-11-27,003920,남양유업,BUY,803,66800,53640400,"리밸런싱 매수 (10위, 62.3점)",0,0.0000,67050,하락
2024-11-28,453340,현대그린푸드,SELL,3976,13650,54272400,[리밸런싱] 긴급 매도 (점수 64.2 < 65.0),568320,0.0119,67840,하락
2024-11-28,158430,아톤,SELL,9579,5320,50960280,[리밸런싱] 긴급 매도 (점수 60.8 < 65.0),-2745820,-0.0500,63700,하락
2024-11-28,013890,지누스,SELL,2422,22450,54373900,[리밸런싱] 긴급 매도 (점수 62.3 < 65.0),658633,0.0135,67967,하락
2024-11-28,002900,TYM,SELL,10665,4590,48952350,[리밸런싱] 긴급 매도 (점수 61.4 < 65.0),-4753790,-0.0875,61190,하락
2024-11-28,012630,HDC,SELL,4554,12220,55649880,[리밸런싱] 긴급 매도 (점수 63.6 < 65.0),1934198,0.0374,69562,하락
2024-11-28,003920,남양유업,SELL,803,67900,54523700,[리밸런싱] 긴급 매도 (점수 63.6 < 65.0),815145,0.0165,68155,하락
2024-11-28,453340,현대그린푸드,BUY,3800,13940,52972000,"리밸런싱 매수 (5위, 64.2점)",0,0.0000,66215,하락
2024-11-28,003920,남양유업,BUY,775,68300,52932500,"리밸런싱 매수 (6위, 63.6점)",0,0.0000,66166,하락
2024-11-28,012630,HDC,BUY,4397,12050,52983850,"리밸런싱 매수 (7위, 63.6점)",0,0.0000,66230,하락
2024-11-28,013890,지누스,BUY,2339,22650,52978350,"리밸런싱 매수 (8위, 62.3점)",0,0.0000,66223,하락
2024-11-28,002900,TYM,BUY,10924,4850,52981400,"리밸런싱 매수 (9위, 61.4점)",0,0.0000,66227,하락
2024-11-28,005180,빙그레,BUY,734,72100,52921400,"리밸런싱 매수 (10위, 61.2점)",0,0.0000,66152,하락
2024-11-29,000670,영풍,SELL,1322,39482,52195204,[리밸런싱] 긴급 매도 (점수 64.3 < 65.0),-1498292,-0.0267,65244,하락
2024-11-29,453340,현대그린푸드,SELL,3800,13750,52250000,[리밸런싱] 긴급 매도 (점수 64.7 < 65.0),-787312,-0.0136,65312,하락
2024-11-29,003920,남양유업,SELL,775,68100,52777500,[리밸런싱] 긴급 매도 (점수 63.9 < 65.0),-220972,-0.0029,65972,하락
2024-11-29,012630,HDC,SELL,4397,12030,52895910,[리밸런싱] 긴급 매도 (점수 63.2 < 65.0),-154060,-0.0017,66120,하락
2024-11-29,013890,지누스,SELL,2339,21500,50288500,[리밸런싱] 긴급 매도 (점수 59.9 < 65.0),-2752711,-0.0508,62861,하락
2024-11-29,002900,TYM,SELL,10924,4375,47792500,[리밸런싱] 긴급 매도 (점수 59.2 < 65.0),-5248641,-0.0979,59741,하락
2024-11-29,005180,빙그레,SELL,734,72500,53215000,[리밸런싱] 긴급 매도 (점수 61.8 < 65.0),227081,0.0055,66519,하락
2024-11-29,453340,현대그린푸드,BUY,3755,13720,51518600,"리밸런싱 매수 (4위, 64.7점)",0,0.0000,64398,하락
2024-11-29,000670,영풍,BUY,1271,40518,51498378,"리밸런싱 매수 (5위, 64.3점)",0,0.0000,64373,하락
2024-11-29,003920,남양유업,BUY,752,68500,51512000,"리밸런싱 매수 (6위, 63.9점)",0,0.0000,64390,하락
2024-11-29,012630,HDC,BUY,4206,12250,51523500,"리밸런싱 매수 (7위, 63.2점)",0,0.0000,64404,하락
2024-11-29,005180,빙그레,BUY,714,72100,51479400,"리밸런싱 매수 (8위, 61.8점)",0,0.0000,64349,하락
2024-11-29,000815,삼성화재우,BUY,176,292000,51392000,"리밸런싱 매수 (9위, 61.2점)",0,0.0000,64240,하락
2024-11-29,030200,KT,BUY,1060,48600,51516000,"리밸런싱 매수 (10위, 61.1점)",0,0.0000,64395,하락
2024-12-02,084010,대한제강,SELL,5151,10335,53235585,[리밸런싱] 팩터 데이터 없음,994562,0.0203,66544,하락
2024-12-02,453340,현대그린푸드,SELL,3755,13700,51443500,[리밸런싱] 긴급 매도 (점수 64.6 < 65.0),-139404,-0.0015,64304,하락
2024-12-02,003920,남양유업,SELL,752,68100,51211200,[리밸런싱] 긴급 매도 (점수 64.2 < 65.0),-364814,-0.0058,64014,하락
2024-12-02,012630,HDC,SELL,4206,11680,49126080,[리밸런싱] 긴급 매도 (점수 61.6 < 65.0),-2458828,-0.0465,61408,하락
2024-12-02,005180,빙그레,SELL,714,71300,50908200,[리밸런싱] 긴급 매도 (점수 60.1 < 65.0),-634835,-0.0111,63635,하락
2024-12-02,000815,삼성화재우,SELL,176,292000,51392000,[리밸런싱] 긴급 매도 (점수 60.4 < 65.0),-64240,0.0000,64240,하락
2024-12-02,030200,KT,SELL,1060,49000,51940000,[리밸런싱] 긴급 매도 (점수 60.9 < 65.0),359075,0.0082,64925,하락
2024-12-02,033320,제이씨현시스템,BUY,10006,5120,51230720,"리밸런싱 매수 (3위, 67.6점)",0,0.0000,64038,하락
2024-12-02,453340,현대그린푸드,BUY,3725,13750,51218750,"리밸런싱 매수 (5위, 64.6점)",0,0.0000,64023,하락
2024-12-02,008830,대동기어,BUY,4474,11450,51227300,"리밸런싱 매수 (6위, 64.4점)",0,0.0000,64034,하락
2024-12-02,003920,남양유업,BUY,752,68100,51211200,"리밸런싱 매수 (7위, 64.2점)",0,0.0000,64014,하락
2024-12-02,035890,서희건설,BUY,33772,1517,51232124,"리밸런싱 매수 (8위, 61.8점)",0,0.0000,64040,하락
2024-12-02,005870,휴니드,BUY,5999,8540,51231460,"리밸런싱 매수 (9위, 61.8점)",0,0.0000,64039,하락
2024-12-02,012630,HDC,BUY,4283,11960,51224680,"리밸런싱 매수 (10위, 61.6점)",0,0.0000,64031,하락
2024-12-02,000670,영풍,SELL,1271,47406,60253102,목표 익절 도달 (17.0%),8679408,0.1700,75316,하락
2024-12-02,033320,제이씨현시스템,SELL,10006,6144,61476864,목표 익절 도달 (20.0%),10169298,0.2000,76846,하락
2024-12-02,008830,대동기어,SELL,4474,13740,61472760,목표 익절 도달 (20.0%),10168619,0.2000,76841,하락
2024-12-03,453340,현대그린푸드,SELL,3725,14000,52150000,[리밸런싱] 긴급 매도 (점수 64.4 < 65.0),866062,0.0182,65188,하락
2024-12-03,035890,서희건설,SELL,33772,1546,52211512,[리밸런싱] 긴급 매도 (점수 61.6 < 65.0),914124,0.0191,65264,하락
2024-12-03,005870,휴니드,SELL,5999,8590,51531410,[리밸런싱] 긴급 매도 (점수 62.2 < 65.0),235536,0.0059,64414,하락
2024-12-03,012630,HDC,SELL,4283,11810,50582230,[리밸런싱] 긴급 매도 (점수 61.9 < 65.0),-705678,-0.0125,63228,하락
2024-12-03,000670,영풍,BUY,1282,43299,55509318,"리밸런싱 매수 (3위, 69.0점)",0,0.0000,69387,하락
2024-12-03,033320,제이씨현시스템,BUY,9865,5630,55539950,"리밸런싱 매수 (4위, 67.9점)",0,0.0000,69425,하락
2024-12-03,453340,현대그린푸드,BUY,4120,13480,55537600,"리밸런싱 매수 (6위, 64.4점)",0,0.0000,69422,하락
2024-12-03,005430,한국공항,BUY,927,59900,55527300,"리밸런싱 매수 (7위, 64.0점)",0,0.0000,69409,하락
2024-12-03,008830,대동기어,BUY,3933,14120,55533960,"리밸런싱 매수 (8위, 63.8점)",0,0.0000,69417,하락
2024-12-03,111770,영원무역,BUY,1418,39150,55514700,"리밸런싱 매수 (9위, 63.4점)",0,0.0000,69393,하락
2024-12-03,026960,동서,BUY,1952,28450,55534400,"리밸런싱 매수 (10위, 62.6점)",0,0.0000,69418,하락
2024-12-04,033320,제이씨현시스템,SELL,9865,5200,51298000,[리밸런싱] 팩터 데이터 없음,-4306072,-0.0764,64122,하락
2024-12-04,453340,현대그린푸드,SELL,4120,13830,56979600,[리밸런싱] 긴급 매도 (점수 63.9 < 65.0),1370776,0.0260,71224,하락
2024-12-04,005430,한국공항,SELL,927,58100,53858700,[리밸런싱] 긴급 매도 (점수 62.8 < 65.0),-1735923,-0.0301,67323,하락
2024-12-04,008830,대동기어,SELL,3933,13860,54511380,[리밸런싱] 긴급 매도 (점수 64.6 < 65.0),-1090719,-0.0184,68139,하락
2024-12-04,111770,영원무역,SELL,1418,41350,58634300,[리밸런싱] 긴급 매도 (점수 63.1 < 65.0),3046307,0.0562,73293,하락
2024-12-04,026960,동서,SELL,1952,28600,55827200,[리밸런싱] 긴급 매도 (점수 60.4 < 65.0),223016,0.0053,69784,하락
2024-12-04,008830,대동기어,BUY,5516,14970,82574520,"리밸런싱 매수 (6위, 64.6점)",0,0.0000,103218,하락
2024-12-04,453340,현대그린푸드,BUY,6027,13700,82569900,"리밸런싱 매수 (7위, 63.9점)",0,0.0000,103212,하락
2024-12-04,111770,영원무역,BUY,1994,41400,82551600,"리밸런싱 매수 (8위, 63.1점)",0,0.0000,103190,하락
2024-12-04,005430,한국공항,BUY,1399,59000,82541000,"리밸런싱 매수 (10위, 62.8점)",0,0.0000,103176,하락
2024-12-05,003920,남양유업,SELL,752,68200,51286400,[리밸런싱] 긴급 매도 (점수 64.5 < 65.0),11092,0.0015,64108,하락
2024-12-05,008830,대동기어,SELL,5516,14190,78272040,[리밸런싱] 긴급 매도 (점수 64.5 < 65.0),-4400320,-0.0521,97840,하락
2024-12-05,453340,현대그린푸드,SELL,6027,14000,84378000,[리밸런싱] 긴급 매도 (점수 64.5 < 65.0),1702628,0.0219,105472,하락
2024-12-05,111770,영원무역,SELL,1994,41850,83448900,[리밸런싱] 긴급 매도 (점수 63.4 < 65.0),792989,0.0109,104311,하락
2024-12-05,005430,한국공항,SELL,1399,57400,80302600,[리밸런싱] 긴급 매도 (점수 63.0 < 65.0),-2338778,-0.0271,100378,하락
2024-12-05,033320,제이씨현시스템,BUY,14467,5210,75373070,"리밸런싱 매수 (6위, 67.0점)",0,0.0000,94216,하락
2024-12-05,003920,남양유업,BUY,1084,69500,75338000,"리밸런싱 매수 (7위, 64.5점)",0,0.0000,94172,하락
2024-12-05,008830,대동기어,BUY,5241,14380,75365580,"리밸런싱 매수 (8위, 64.5점)",0,0.0000,94207,하락
2024-12-05,084110,휴온스글로벌,BUY,2203,34200,75342600,"리밸런싱 매수 (9위, 64.5점)",0,0.0000,94178,하락
2024-12-05,453340,현대그린푸드,BUY,5450,13830,75373500,"리밸런싱 매수 (10위, 64.5점)",0,0.0000,94217,하락
2024-12-05,097230,HJ중공업,SELL,12743,3767,48007978,손절 실행 (-8.0%),-4234617,-0.0800,60010,하락
2024-12-06,003920,남양유업,SELL,1084,64700,70134800,[리밸런싱] 긴급 매도 (점수 61.5 < 65.0),-5290868,-0.0691,87668,하락
2024-12-06,008830,대동기어,SELL,5241,13430,70386630,[리밸런싱] 긴급 매도 (점수 64.5 < 65.0),-5066933,-0.0661,87983,하락
2024-12-06,084110,휴온스글로벌,SELL,2203,34250,75452750,[리밸런싱] 긴급 매도 (점수 63.8 < 65.0),15834,0.0015,94316,하락
2024-12-06,453340,현대그린푸드,SELL,5450,13890,75700500,[리밸런싱] 긴급 매도 (점수 64.7 < 65.0),232374,0.0043,94626,하락
2024-12-06,045660,에이텍,BUY,2408,23450,56467600,"리밸런싱 매수 (2위, 71.2점)",0,0.0000,70584,하락
2024-12-06,013360,일성건설,BUY,24608,2295,56475360,"리밸런싱 매수 (5위, 66.9점)",0,0.0000,70594,하락
2024-12-06,097230,HJ중공업,BUY,15202,3715,56475430,"리밸런싱 매수 (7위, 64.8점)",0,0.0000,70594,하락
2024-12-06,453340,현대그린푸드,BUY,4083,13830,56467890,"리밸런싱 매수 (8위, 64.7점)",0,0.0000,70585,하락
2024-12-06,008830,대동기어,BUY,4171,13540,56475340,"리밸런싱 매수 (9위, 64.5점)",0,0.0000,70594,하락
2024-12-06,084690,대상홀딩스,BUY,5889,9590,56475510,"리밸런싱 매수 (10위, 63.9점)",0,0.0000,70594,하락
2024-12-06,033320,제이씨현시스템,SELL,14467,6252,90447684,목표 익절 도달 (20.0%),14961554,0.2000,113060,하락
2024-12-06,045660,에이텍,SELL,2408,28140,67761120,목표 익절 도달 (20.0%),11208819,0.2000,84701,하락
2024-12-06,013360,일성건설,SELL,24608,2754,67770432,목표 익절 도달 (20.0%),11210359,0.2000,84713,하락
2024-12-06,084690,대상홀딩스,SELL,5889,11220,66076347,목표 익절 도달 (17.0%),9518241,0.1700,82595,하락
2024-12-09,097230,HJ중공업,SELL,15202,3220,48950440,[리밸런싱] 긴급 매도 (점수 61.4 < 65.0),-7586178,-0.1332,61188,하락
2024-12-09,453340,현대그린푸드,SELL,4083,13570,55406310,[리밸런싱] 긴급 매도 (점수 63.5 < 65.0),-1130838,-0.0188,69258,하락
2024-12-09,008830,대동기어,SELL,4171,14470,60354370,[리밸런싱] 긴급 매도 (점수 64.5 < 65.0),3803587,0.0687,75443,하락
2024-12-09,039240,경남스틸,BUY,21399,3550,75966450,"리밸런싱 매수 (2위, 68.0점)",0,0.0000,94958,하락
2024-12-09,033320,제이씨현시스템,BUY,12640,6010,75966400,"리밸런싱 매수 (4위, 67.7점)",0,0.0000,94958,하락
2024-12-09,013360,일성건설,BUY,28939,2625,75964875,"리밸런싱 매수 (7위, 65.5점)",0,0.0000,94956,하락
2024-12-09,084110,휴온스글로벌,BUY,2260,33600,75936000,"리밸런싱 매수 (8위, 65.4점)",0,0.0000,94920,하락
2024-12-09,008830,대동기어,BUY,5681,13370,75954970,"리밸런싱 매수 (9위, 64.5점)",0,0.0000,94944,하락
2024-12-09,111770,영원무역,BUY,1800,42200,75960000,"리밸런싱 매수 (10위, 63.7점)",0,0.0000,94950,하락
2024-12-09,000670,영풍,SELL,1282,39835,51068573,손절 실행 (-8.0%),-4504581,-0.0800,63836,하락
2024-12-09,039240,경남스틸,SELL,21399,4260,91159740,목표 익절 도달 (20.0%),15079340,0.2000,113950,하락
2024-12-09,013360,일성건설,SELL,28939,3150,91157850,목표 익절 도달 (20.0%),15079028,0.2000,113947,하락
2024-12-10,008830,대동기어,SELL,5681,16050,91180050,[리밸런싱] 긴급 매도 (점수 63.7 < 65.0),15111105,0.2004,113975,하락
2024-12-10,111770,영원무역,SELL,1800,42950,77310000,[리밸런싱] 긴급 매도 (점수 64.9 < 65.0),1253362,0.0178,96638,하락
2024-12-10,039240,경남스틸,BUY,17658,4540,80167320,"리밸런싱 매수 (2위, 69.4점)",0,0.0000,100209,하락
2024-12-10,000670,영풍,BUY,2047,39152,80144144,"리밸런싱 매수 (5위, 68.0점)",0,0.0000,100180,하락
2024-12-10,084690,대상홀딩스,BUY,8106,9890,80168340,"리밸런싱 매수 (6위, 67.8점)",0,0.0000,100210,하락
2024-12-10,045660,에이텍,BUY,2074,38650,80160100,"리밸런싱 매수 (7위, 66.7점)",0,0.0000,100200,하락
2024-12-10,111770,영원무역,BUY,1899,42200,80137800,"리밸런싱 매수 (10위, 64.9점)",0,0.0000,100172,하락
2024-12-10,119850,지엔씨에너지,SELL,5936,10548,62612928,목표 익절 도달 (20.0%),10357222,0.2000,78266,하락
2024-12-10,033320,제이씨현시스템,SELL,12640,5529,69889088,손절 실행 (-8.0%),-6164673,-0.0800,87361,하락
2024-12-10,084110,휴온스글로벌,SELL,2260,39312,88845120,목표 익절 도달 (17.0%),12798064,0.1700,111056,하락
2024-12-10,084690,대상홀딩스,SELL,8106,11571,93796958,목표 익절 도달 (17.0%),13511372,0.1700,117246,하락
2024-12-11,111770,영원무역,SELL,1899,42950,81562050,[리밸런싱] 긴급 매도 (점수 64.8 < 65.0),1322297,0.0178,101953,하락
2024-12-11,119850,지엔씨에너지,BUY,6270,10520,65960400,"리밸런싱 매수 (1위, 77.3점)",0,0.0000,82450,하락
2024-12-11,097230,HJ중공업,BUY,18793,3510,65963430,"리밸런싱 매수 (2위, 71.1점)",0,0.0000,82454,하락
2024-12-11,033320,제이씨현시스템,BUY,11334,5820,65963880,"리밸런싱 매수 (4위, 69.0점)",0,0.0000,82455,하락
2024-12-11,084690,대상홀딩스,BUY,5429,12150,65962350,"리밸런싱 매수 (8위, 66.8점)",0,0.0000,82453,하락
2024-12-11,339950,아이비김영,BUY,34754,1898,65963092,"리밸런싱 매수 (9위, 66.7점)",0,0.0000,82454,하락
2024-12-11,453340,현대그린푸드,BUY,4735,13930,65958550,"리밸런싱 매수 (10위, 65.6점)",0,0.0000,82448,하락
2024-12-11,339950,아이비김영,SELL,34754,2221,77176818,목표 익절 도달 (17.0%),11117255,0.1700,96471,하락
2024-12-12,084690,대상홀딩스,SELL,5429,10930,59338970,[리밸런싱] 긴급 매도 (점수 63.8 < 65.0),-6697554,-0.1004,74174,하락
2024-12-12,148150,세경하이테크,BUY,6709,6750,45285750,"리밸런싱 매수 (2위, 70.9점)",0,0.0000,56607,하락
2024-12-12,003780,진양산업,BUY,4556,9940,45286640,"리밸런싱 매수 (6위, 67.5점)",0,0.0000,56608,하락
2024-12-12,224110,에이텍모빌리티,BUY,1837,24650,45282050,"리밸런싱 매수 (10위, 66.1점)",0,0.0000,56603,하락
2024-12-12,045660,에이텍,SELL,2074,35558,73747292,손절 실행 (-8.0%),-6504992,-0.0800,92184,하락
2024-12-12,148150,세경하이테크,SELL,6709,7897,52984327,목표 익절 도달 (17.0%),7632347,0.1700,66230,하락
2024-12-13,148150,세경하이테크,BUY,8294,7620,63200280,"리밸런싱 매수 (3위, 69.7점)",0,0.0000,79000,하락
2024-12-13,045660,에이텍,BUY,1770,35700,63189000,"리밸런싱 매수 (5위, 68.3점)",0,0.0000,78986,하락
2024-12-13,119850,지엔씨에너지,SELL,6270,9678,60683568,손절 실행 (-8.0%),-5352686,-0.0800,75854,하락
2024-12-13,003780,진양산업,SELL,4556,9145,41663709,손절 실행 (-8.0%),-3675011,-0.0800,52080,하락
2024-12-13,224110,에이텍모빌리티,SELL,1837,22678,41659486,손절 실행 (-8.0%),-3674638,-0.0800,52074,하락
2024-12-16,000670,영풍,SELL,2047,38351,78504497,[리밸런싱] 긴급 매도 (점수 56.0 < 65.0),-1737778,-0.0205,98131,하락
2024-12-16,119850,지엔씨에너지,BUY,5789,9590,55516510,"리밸런싱 매수 (2위, 72.2점)",0,0.0000,69396,하락
2024-12-16,013360,일성건설,BUY,12366,4490,55523340,"리밸런싱 매수 (8위, 66.6점)",0,0.0000,69404,하락
2024-12-16,084110,휴온스글로벌,BUY,1360,40800,55488000,"리밸런싱 매수 (9위, 65.8점)",0,0.0000,69360,하락
2024-12-16,003780,진양산업,BUY,5359,10360,55519240,"리밸런싱 매수 (10위, 65.3점)",0,0.0000,69399,하락
2024-12-16,039240,경남스틸,SELL,17658,5448,96200784,목표 익절 도달 (20.0%),15913213,0.2000,120251,하락
2024-12-16,045660,에이텍,SELL,1770,32844,58133880,손절 실행 (-8.0%),-5127787,-0.0800,72667,하락
2024-12-17,084110,휴온스글로벌,SELL,1360,41350,56236000,[리밸런싱] 긴급 매도 (점수 63.6 < 65.0),677705,0.0135,70295,하락
2024-12-17,003780,진양산업,SELL,5359,9040,48445360,[리밸런싱] 긴급 매도 (점수 63.1 < 65.0),-7134437,-0.1274,60557,하락
2024-12-17,045660,에이텍,BUY,2216,29150,64596400,"리밸런싱 매수 (3위, 72.2점)",0,0.0000,80746,하락
2024-12-17,039240,경남스틸,BUY,13378,4830,64615740,"리밸런싱 매수 (7위, 68.6점)",0,0.0000,80770,하락
2024-12-17,050960,수산아이앤티,BUY,4299,15030,64613970,"리밸런싱 매수 (9위, 65.1점)",0,0.0000,80767,하락
2024-12-17,008830,대동기어,BUY,4395,14700,64606500,"리밸런싱 매수 (10위, 64.8점)",0,0.0000,80758,하락
2024-12-17,097230,HJ중공업,SELL,18793,4212,79156116,목표 익절 도달 (20.0%),13093741,0.2000,98945,하락
2024-12-17,148150,세경하이테크,SELL,8294,8915,73944328,목표 익절 도달 (17.0%),10651617,0.1700,92430,하락
2024-12-17,013360,일성건설,SELL,12366,4131,51081473,손절 실행 (-8.0%),-4505719,-0.0800,63852,하락
2024-12-18,097230,HJ중공업,BUY,16161,4200,67876200,"리밸런싱 매수 (1위, 76.9점)",0,0.0000,84845,하락
2024-12-18,148150,세경하이테크,BUY,7920,8570,67874400,"리밸런싱 매수 (2위, 73.9점)",0,0.0000,84843,하락
2024-12-18,084110,휴온스글로벌,BUY,1651,41100,67856100,"리밸런싱 매수 (8위, 67.8점)",0,0.0000,84820,하락
2024-12-18,039240,경남스틸,SELL,13378,4444,59446481,손절 실행 (-8.0%),-5243567,-0.0800,74308,하락
2024-12-18,097230,HJ중공업,SELL,16161,5040,81451440,목표 익절 도달 (20.0%),13473426,0.2000,101814,하락
2024-12-19,050960,수산아이앤티,SELL,4299,14900,64055100,[리밸런싱] 긴급 매도 (점수 62.6 < 65.0),-638939,-0.0086,80069,하락
2024-12-19,008830,대동기어,SELL,4395,15740,69177300,[리밸런싱] 긴급 매도 (점수 64.3 < 65.0),4484328,0.0707,86472,하락
2024-12-19,097230,HJ중공업,BUY,13051,5240,68387240,"리밸런싱 매수 (1위, 76.7점)",0,0.0000,85484,하락
2024-12-19,039240,경남스틸,BUY,13957,4900,68389300,"리밸런싱 매수 (7위, 69.4점)",0,0.0000,85487,하락
2024-12-19,013360,일성건설,BUY,20354,3360,68389440,"리밸런싱 매수 (8위, 67.0점)",0,0.0000,85487,하락
2024-12-19,008830,대동기어,BUY,5066,13500,68391000,"리밸런싱 매수 (10위, 64.3점)",0,0.0000,85489,하락
2024-12-19,008830,대동기어,SELL,5066,16200,82069200,목표 익절 도달 (20.0%),13575614,0.2000,102586,하락
2024-12-20,084110,휴온스글로벌,SELL,1651,46350,76523850,[리밸런싱] 긴급 매도 (점수 62.8 < 65.0),8572095,0.1277,95655,하락
2024-12-20,104480,티케이케미칼,BUY,56571,1397,79029687,"리밸런싱 매수 (9위, 66.5점)",0,0.0000,98787,하락
2024-12-20,050960,수산아이앤티,BUY,5199,15200,79024800,"리밸런싱 매수 (10위, 64.6점)",0,0.0000,98781,하락
2024-12-20,045660,에이텍,SELL,2216,26818,59428688,손절 실행 (-8.0%),-5241998,-0.0800,74286,하락
2024-12-20,097230,HJ중공업,SELL,13051,6288,82064688,목표 익절 도달 (20.0%),13574867,0.2000,102581,하락
2024-12-20,013360,일성건설,SELL,20354,3091,62918285,손절 실행 (-8.0%),-5549803,-0.0800,78648,하락
2024-12-20,104480,티케이케미칼,SELL,56571,1634,92464734,목표 익절 도달 (17.0%),13319466,0.1700,115581,하락
2024-12-23,050960,수산아이앤티,SELL,5199,14600,75905400,[리밸런싱] 팩터 데이터 없음,-3214282,-0.0395,94882,하락
2024-12-23,097230,HJ중공업,BUY,20334,6100,124037400,"리밸런싱 매수 (1위, 75.7점)",0,0.0000,155047,하락
2024-12-23,045660,에이텍,BUY,4453,27850,124016050,"리밸런싱 매수 (4위, 72.4점)",0,0.0000,155020,하락
2024-12-23,104480,티케이케미칼,BUY,62615,1981,124040315,"리밸런싱 매수 (9위, 67.3점)",0,0.0000,155050,하락
2024-12-24,119850,지엔씨에너지,SELL,5789,8823,51075189,손절 실행 (-8.0%),-4505165,-0.0800,63844,하락
2024-12-26,033320,제이씨현시스템,SELL,11334,5260,59616840,[리밸런싱] 팩터 데이터 없음,-6421561,-0.0962,74521,하락
2024-12-26,104480,티케이케미칼,SELL,62615,1775,111141625,[리밸런싱] 긴급 매도 (점수 62.4 < 65.0),-13037617,-0.1040,138927,하락
2024-12-26,035510,신세계 I&C,BUY,2940,15040,44217600,"리밸런싱 매수 (2위, 73.1점)",0,0.0000,55272,하락
2024-12-26,119850,지엔씨에너지,BUY,5154,8580,44221320,"리밸런싱 매수 (6위, 68.9점)",0,0.0000,55277,하락
2024-12-26,013360,일성건설,BUY,12855,3440,44221200,"리밸런싱 매수 (8위, 66.4점)",0,0.0000,55276,하락
2024-12-26,034120,SBS,BUY,1761,25100,44201100,"리밸런싱 매수 (9위, 65.8점)",0,0.0000,55251,하락
2024-12-26,005180,빙그레,BUY,541,81700,44199700,"리밸런싱 매수 (10위, 64.8점)",0,0.0000,55250,하락
2024-12-27,034120,SBS,SELL,1761,21700,38213700,[리밸런싱] 긴급 매도 (점수 62.4 < 65.0),-6035167,-0.1355,47767,하락
2024-12-27,005180,빙그레,SELL,541,80100,43334100,[리밸런싱] 긴급 매도 (점수 64.1 < 65.0),-919768,-0.0196,54168,하락
2024-12-27,003780,진양산업,BUY,4458,9110,40612380,"리밸런싱 매수 (9위, 64.7점)",0,0.0000,50765,하락
2024-12-27,050960,수산아이앤티,BUY,2596,15640,40601440,"리밸런싱 매수 (10위, 64.6점)",0,0.0000,50752,하락
2024-12-27,039240,경남스틸,SELL,13957,4508,62918156,손절 실행 (-8.0%),-5549792,-0.0800,78648,하락
2024-12-30,003780,진양산업,SELL,4458,8650,38561700,[리밸런싱] 긴급 매도 (점수 61.8 < 65.0),-2098882,-0.0505,48202,하락
2024-12-30,039240,경남스틸,BUY,11327,4470,50631690,"리밸런싱 매수 (6위, 68.9점)",0,0.0000,63290,하락
2024-12-30,005180,빙그레,BUY,635,79700,50609500,"리밸런싱 매수 (9위, 65.6점)",0,0.0000,63262,하락
2025-01-02,453340,현대그린푸드,SELL,4735,14030,66432050,[리밸런싱] 긴급 매도 (점수 63.7 < 65.0),390460,0.0072,83040,하락
2025-01-02,013360,일성건설,SELL,12855,4540,58361700,[리밸런싱] 긴급 매도 (점수 61.8 < 65.0),14067548,0.3198,72952,하락
2025-01-02,050890,쏠리드,BUY,9252,6730,62265960,"리밸런싱 매수 (5위, 72.9점)",0,0.0000,77832,하락
2025-01-02,100840,SNT에너지,BUY,2605,23900,62259500,"리밸런싱 매수 (7위, 71.7점)",0,0.0000,77824,하락
2025-01-02,045660,에이텍,SELL,4453,33420,148819260,목표 익절 도달 (20.0%),24617186,0.2000,186024,하락
2025-01-02,035510,신세계 I&C,SELL,2940,13837,40680192,손절 실행 (-8.0%),-3588258,-0.0800,50850,하락
2025-01-03,035510,신세계 I&C,BUY,6907,13690,94556830,"리밸런싱 매수 (1위, 76.9점)",0,0.0000,118196,하락
2025-01-03,003780,진양산업,BUY,9738,9710,94555980,"리밸런싱 매수 (5위, 72.2점)",0,0.0000,118195,하락
2025-01-03,039240,경남스틸,SELL,11327,5364,60758028,목표 익절 도달 (20.0%),10050390,0.2000,75948,하락
2025-01-03,100840,SNT에너지,SELL,2605,21988,57278740,손절 실행 (-8.0%),-5052358,-0.0800,71598,하락
2025-01-06,039240,경남스틸,BUY,10486,5610,58826460,"리밸런싱 매수 (2위, 75.4점)",0,0.0000,73533,하락
2025-01-06,100840,SNT에너지,BUY,2649,22200,58807800,"리밸런싱 매수 (6위, 72.8점)",0,0.0000,73510,하락
2025-01-06,097230,HJ중공업,SELL,20334,5612,114114408,손절 실행 (-8.0%),-10065635,-0.0800,142643,하락
2025-01-07,005180,빙그레,SELL,635,78400,49784000,[리밸런싱] 긴급 매도 (점수 64.5 < 65.0),-887730,-0.0163,62230,하락
2025-01-07,097230,HJ중공업,BUY,13085,6250,81781250,"리밸런싱 매수 (6위, 72.8점)",0,0.0000,102227,하락
2025-01-07,034120,SBS,BUY,3480,23500,81780000,"리밸런싱 매수 (8위, 71.4점)",0,0.0000,102225,하락
2025-01-08,035510,신세계 I&C,SELL,6907,16428,113468196,목표 익절 도달 (20.0%),18769531,0.2000,141835,하락
2025-01-08,097230,HJ중공업,SELL,13085,7500,98137500,목표 익절 도달 (20.0%),16233578,0.2000,122672,하락
2025-01-09,035510,신세계 I&C,BUY,6299,16760,105571240,"리밸런싱 매수 (1위, 81.7점)",0,0.0000,131964,하락
2025-01-09,097230,HJ중공업,BUY,14324,7370,105567880,"리밸런싱 매수 (4위, 72.9점)",0,0.0000,131960,하락
2025-01-09,050890,쏠리드,SELL,9252,6192,57284683,손절 실행 (-8.0%),-5052883,-0.0800,71606,하락
2025-01-10,050960,수산아이앤티,SELL,2596,17050,44261800,"[리밸런싱] 포트폴리오 조정 (29위, 65.2점)",3605033,0.0902,55327,하락
2025-01-10,158430,아톤,BUY,7583,6670,50578610,"리밸런싱 매수 (6위, 71.5점)",0,0.0000,63223,하락
2025-01-10,023160,태광,BUY,2773,18240,50579520,"리밸런싱 매수 (8위, 70.7점)",0,0.0000,63224,하락
2025-01-10,148150,세경하이테크,SELL,7920,7884,62444448,손절 실행 (-8.0%),-5508008,-0.0800,78056,하락
2025-01-10,039240,경남스틸,SELL,10486,6732,70591752,목표 익절 도달 (20.0%),11677052,0.2000,88240,하락
2025-01-13,039240,경남스틸,BUY,11249,5900,66369100,"리밸런싱 매수 (2위, 73.2점)",0,0.0000,82961,하락
2025-01-13,082920,비츠로셀,BUY,5239,12667,66362413,"리밸런싱 매수 (8위, 70.5점)",0,0.0000,82953,하락
2025-01-14,003780,진양산업,SELL,9738,8933,86991502,손절 실행 (-8.0%),-7673218,-0.0800,108739,하락
2025-01-14,035510,신세계 I&C,SELL,6299,15419,97125541,손절 실행 (-8.0%),-8567106,-0.0800,121407,하락
2025-01-15,035510,신세계 I&C,BUY,6149,14940,91866060,"리밸런싱 매수 (2위, 79.4점)",0,0.0000,114833,하락
2025-01-15,050890,쏠리드,BUY,14769,6220,91863180,"리밸런싱 매수 (9위, 70.3점)",0,0.0000,114829,하락
2025-01-15,119850,지엔씨에너지,SELL,5154,10039,51738944,목표 익절 도달 (17.0%),7452951,0.1700,64674,하락
2025-01-16,119850,지엔씨에너지,BUY,5282,9740,51446680,"리밸런싱 매수 (2위, 79.8점)",0,0.0000,64308,하락
2025-01-16,097230,HJ중공업,SELL,14324,6780,97122450,손절 실행 (-8.0%),-8566833,-0.0800,121403,하락
2025-01-17,097230,HJ중공업,BUY,14755,6570,96940350,"리밸런싱 매수 (5위, 74.0점)",0,0.0000,121175,하락
2025-01-17,100840,SNT에너지,SELL,2649,26640,70569360,목표 익절 도달 (20.0%),11673348,0.2000,88212,하락
2025-01-17,023160,태광,SELL,2773,21888,60695424,목표 익절 도달 (20.0%),10040035,0.2000,75869,하락
2025-01-17,039240,경남스틸,SELL,11249,7080,79642920,목표 익절 도달 (20.0%),13174266,0.2000,99554,하락
2025-01-17,050890,쏠리드,SELL,14769,7277,107479921,목표 익절 도달 (17.0%),15482391,0.1700,134350,하락
2025-01-20,023160,태광,BUY,3670,21650,79455500,"리밸런싱 매수 (3위, 74.0점)",0,0.0000,99319,횡보
2025-01-20,050890,쏠리드,BUY,11145,7130,79463850,"리밸런싱 매수 (4위, 73.6점)",0,0.0000,99330,횡보
2025-01-20,039240,경남스틸,BUY,11517,6900,79467300,"리밸런싱 매수 (5위, 72.9점)",0,0.0000,99334,횡보
2025-01-20,065680,우주일렉트로,BUY,4054,19600,79458400,"리밸런싱 매수 (8위, 72.3점)",0,0.0000,99323,횡보
2025-01-21,039240,경남스틸,SELL,11517,6348,73109916,손절 실행 (-8.0%),-6448771,-0.0800,91387,하락
2025-01-22,039240,경남스틸,BUY,12418,5850,72645300,"리밸런싱 매수 (7위, 73.4점)",0,0.0000,90807,횡보
2025-01-22,082920,비츠로셀,SELL,5239,14820,77644023,목표 익절 도달 (17.0%),11184555,0.1700,97055,횡보
2025-01-22,035510,신세계 I&C,SELL,6149,13745,84516775,손절 실행 (-8.0%),-7454931,-0.0800,105646,횡보
2025-01-22,119850,지엔씨에너지,SELL,5282,11688,61736016,목표 익절 도달 (20.0%),10212166,0.2000,77170,횡보
2025-01-23,024830,세원물산,BUY,6484,11490,74501160,"리밸런싱 매수 (1위, 82.5점)",0,0.0000,93126,횡보
2025-01-23,119850,지엔씨에너지,BUY,5276,14120,74497120,"리밸런싱 매수 (2위, 79.5점)",0,0.0000,93121,횡보
2025-01-23,082920,비츠로셀,BUY,5091,14635,74506785,"리밸런싱 매수 (3위, 76.1점)",0,0.0000,93133,횡보
2025-01-23,034120,SBS,SELL,3480,21385,74419800,손절 실행 (-9.0%),-7453225,-0.0900,93025,횡보
2025-01-23,097230,HJ중공업,SELL,14755,6044,89185122,손절 실행 (-8.0%),-7866709,-0.0800,111481,횡보
2025-01-23,039240,경남스틸,SELL,12418,5382,66833676,손절 실행 (-8.0%),-5895166,-0.0800,83542,횡보
2025-01-24,024830,세원물산,SELL,6484,10380,67303920,[리밸런싱] 팩터 데이터 없음,-7281370,-0.0966,84130,하락
2025-01-24,035510,신세계 I&C,BUY,5506,13490,74275940,"리밸런싱 매수 (5위, 73.3점)",0,0.0000,92845,하락
2025-01-24,039240,경남스틸,BUY,13755,5400,74277000,"리밸런싱 매수 (7위, 72.9점)",0,0.0000,92846,하락
2025-01-24,097230,HJ중공업,BUY,12610,5890,74272900,"리밸런싱 매수 (9위, 71.6점)",0,0.0000,92841,하락
2025-01-24,033500,동성화인텍,BUY,3438,21600,74260800,"리밸런싱 매수 (10위, 70.6점)",0,0.0000,92826,하락
2025-01-24,158430,아톤,SELL,7583,6136,46532321,손절 실행 (-8.0%),-4104454,-0.0800,58165,하락
2025-01-24,050890,쏠리드,SELL,11145,8556,95356620,목표 익절 도달 (20.0%),15773574,0.2000,119196,하락
2025-01-24,119850,지엔씨에너지,SELL,5276,12990,68537350,손절 실행 (-8.0%),-6045441,-0.0800,85672,하락
2025-01-24,082920,비츠로셀,SELL,5091,13464,68546242,손절 실행 (-8.0%),-6046226,-0.0800,85683,하락
2025-01-31,050890,쏠리드,BUY,8696,8000,69568000,"리밸런싱 매수 (3위, 74.0점)",0,0.0000,86960,하락
2025-01-31,003780,진양산업,BUY,7041,9880,69565080,"리밸런싱 매수 (6위, 71.9점)",0,0.0000,86956,하락
2025-01-31,010100,한국무브넥스,BUY,13176,5280,69569280,"리밸런싱 매수 (8위, 71.8점)",0,0.0000,86962,하락
2025-01-31,100840,SNT에너지,BUY,2394,29050,69545700,"리밸런싱 매수 (9위, 71.5점)",0,0.0000,86932,하락
2025-01-31,003780,진양산업,SELL,7041,11856,83478096,목표 익절 도달 (20.0%),13808668,0.2000,104348,하락
2025-01-31,010100,한국무브넥스,SELL,13176,6178,81396058,목표 익절 도달 (17.0%),11725033,0.1700,101745,하락
2025-02-03,119850,지엔씨에너지,BUY,6813,12060,82164780,"리밸런싱 매수 (1위, 80.1점)",0,0.0000,102706,횡보
2025-02-03,010100,한국무브넥스,BUY,13718,5990,82170820,"리밸런싱 매수 (7위, 72.4점)",0,0.0000,102714,횡보
2025-02-03,039240,경남스틸,SELL,13755,4968,68334840,손절 실행 (-8.0%),-6027579,-0.0800,85419,횡보
2025-02-04,039240,경남스틸,BUY,13397,5080,68056760,"리밸런싱 매수 (4위, 73.6점)",0,0.0000,85071,하락
2025-02-05,010100,한국무브넥스,SELL,13718,7188,98604984,목표 익절 도달 (20.0%),16310908,0.2000,123256,횡보
2025-02-06,082920,비츠로셀,BUY,7631,12894,98394114,"리밸런싱 매수 (3위, 73.6점)",0,0.0000,122993,하락
2025-02-06,100840,SNT에너지,SELL,2394,26726,63982044,손절 실행 (-8.0%),-5643634,-0.0800,79978,하락
2025-02-07,010100,한국무브넥스,BUY,8538,7470,63778860,"리밸런싱 매수 (5위, 73.7점)",0,0.0000,79724,횡보
2025-02-07,039240,경남스틸,SELL,13397,4674,62612219,손절 실행 (-8.0%),-5522806,-0.0800,78265,횡보
2025-02-10,148150,세경하이테크,BUY,7322,8530,62456660,"리밸런싱 매수 (6위, 73.6점)",0,0.0000,78071,횡보
2025-02-10,065680,우주일렉트로,SELL,4054,22932,92966328,목표 익절 도달 (17.0%),13391720,0.1700,116208,횡보
2025-02-10,033500,동성화인텍,SELL,3438,19872,68319936,손절 실행 (-8.0%),-6026264,-0.0800,85400,횡보
2025-02-11,065680,우주일렉트로,BUY,3492,23050,80490600,"리밸런싱 매수 (2위, 78.5점)",0,0.0000,100613,상승
2025-02-11,039240,경남스틸,BUY,17693,4550,80503150,"리밸런싱 매수 (6위, 72.7점)",0,0.0000,100629,상승
2025-02-11,010100,한국무브넥스,SELL,8538,6872,58676551,손절 실행 (-8.0%),-5175654,-0.0800,73346,상승
2025-02-12,108380,대양전기공업,BUY,3737,15630,58409310,"리밸런싱 매수 (6위, 72.5점)",0,0.0000,73012,횡보
2025-02-12,097230,HJ중공업,SELL,12610,7068,89127480,목표 익절 도달 (20.0%),14743171,0.2000,111409,횡보
2025-02-12,119850,지엔씨에너지,SELL,6813,14472,98597736,목표 익절 도달 (20.0%),16309709,0.2000,123247,횡보
2025-02-13,119850,지엔씨에너지,BUY,6830,13720,93707600,"리밸런싱 매수 (2위, 78.8점)",0,0.0000,117134,상승
2025-02-13,000880,한화,BUY,2495,37550,93687250,"리밸런싱 매수 (3위, 75.0점)",0,0.0000,117109,상승
2025-02-14,082920,비츠로셀,SELL,7631,12818,97814158,"[리밸런싱] 포트폴리오 조정 (30위, 68.5점)",-702224,-0.0059,122268,상승
2025-02-14,095610,테스,BUY,4257,22900,97485300,"리밸런싱 매수 (4위, 75.1점)",0,0.0000,121857,상승
2025-02-14,000880,한화,SELL,2495,45060,112424700,목표 익절 도달 (20.0%),18596919,0.2000,140531,상승
2025-02-17,000880,한화,BUY,2642,42450,112152900,"리밸런싱 매수 (2위, 78.9점)",0,0.0000,140191,상승
2025-02-17,119850,지엔씨에너지,SELL,6830,16464,112449120,목표 익절 도달 (20.0%),18600959,0.2000,140561,상승
2025-02-18,119850,지엔씨에너지,BUY,6848,16380,112170240,"리밸런싱 매수 (3위, 75.5점)",0,0.0000,140213,상승
2025-02-19,000880,한화,SELL,2642,50940,134583480,목표 익절 도달 (20.0%),22262351,0.2000,168229,상승
2025-02-20,000880,한화,BUY,2906,46200,134257200,"리밸런싱 매수 (2위, 78.6점)",0,0.0000,167822,상승
2025-02-20,050890,쏠리드,SELL,8696,7360,64002560,손절 실행 (-8.0%),-5645443,-0.0800,80003,상승
2025-02-21,023160,태광,SELL,3670,21950,80556500,"[리밸런싱] 포트폴리오 조정 (26위, 68.9점)",1000304,0.0139,100696,상승
2025-02-21,036530,SNT홀딩스,BUY,2388,30200,72117600,"리밸런싱 매수 (3위, 77.1점)",0,0.0000,90147,상승
2025-02-21,260970,에스앤디,BUY,1256,57400,72094400,"리밸런싱 매수 (6위, 73.8점)",0,0.0000,90118,상승
2025-02-21,000880,한화,SELL,2906,42504,123516624,손절 실행 (-8.0%),-10894972,-0.0800,154396,상승
2025-02-24,000880,한화,BUY,2905,42400,123172000,"리밸런싱 매수 (4위, 75.9점)",0,0.0000,153965,상승
2025-02-25,119850,지엔씨에너지,SELL,6848,15070,103196621,손절 실행 (-8.0%),-9102615,-0.0800,128996,상승
2025-02-26,006660,삼성공조,BUY,5295,19440,102934800,"리밸런싱 매수 (5위, 77.7점)",0,0.0000,128668,상승
2025-02-26,065680,우주일렉트로,SELL,3492,27660,96588720,목표 익절 도달 (20.0%),15977384,0.2000,120736,상승
2025-02-26,108380,대양전기공업,SELL,3737,18756,70091172,목표 익절 도달 (20.0%),11594248,0.2000,87614,상승
2025-02-27,065680,우주일렉트로,BUY,2949,28200,83161800,"리밸런싱 매수 (4위, 78.0점)",0,0.0000,103952,상승
2025-02-27,003570,SNT다이내믹스,BUY,2810,29600,83176000,"리밸런싱 매수 (8위, 73.6점)",0,0.0000,103970,상승
2025-02-28,095610,테스,SELL,4257,21068,89686476,손절 실행 (-8.0%),-7910932,-0.0800,112108,상승
2025-02-28,006660,삼성공조,SELL,5295,17885,94700016,손절 실행 (-8.0%),-8353159,-0.0800,118375,상승
2025-03-04,006660,삼성공조,BUY,4851,18960,91974960,"리밸런싱 매수 (7위, 76.2점)",0,0.0000,114969,상승
2025-03-04,306200,세아제강,BUY,572,160700,91920400,"리밸런싱 매수 (8위, 76.0점)",0,0.0000,114900,상승
2025-03-05,260970,에스앤디,SELL,1256,68880,86513280,목표 익절 도달 (20.0%),14310738,0.2000,108142,상승
2025-03-05,006660,삼성공조,SELL,4851,17443,84616963,손절 실행 (-8.0%),-7463768,-0.0800,105771,상승
2025-03-06,108380,대양전기공업,BUY,4743,18000,85374000,"리밸런싱 매수 (5위, 77.7점)",0,0.0000,106718,상승
2025-03-06,260970,에스앤디,BUY,1251,68200,85318200,"리밸런싱 매수 (9위, 74.5점)",0,0.0000,106648,상승
2025-03-06,003570,SNT다이내믹스,SELL,2810,35520,99811200,목표 익절 도달 (20.0%),16510436,0.2000,124764,상승
2025-03-06,306200,세아제강,SELL,572,192840,110304480,목표 익절 도달 (20.0%),18246199,0.2000,137881,상승
2025-03-07,148150,세경하이테크,SELL,7322,8410,61578020,"[리밸런싱] 포트폴리오 조정 (27위, 69.1점)",-955613,-0.0141,76973,상승
2025-03-07,036530,SNT홀딩스,SELL,2388,31150,74386200,[리밸런싱] 팩터 데이터 없음,2175617,0.0315,92983,상승
2025-03-07,306200,세아제강,BUY,436,198000,86328000,"리밸런싱 매수 (2위, 78.6점)",0,0.0000,107910,상승
2025-03-07,003570,SNT다이내믹스,BUY,2399,36000,86364000,"리밸런싱 매수 (5위, 78.1점)",0,0.0000,107955,상승
2025-03-07,048430,유라테크,BUY,8868,9740,86374320,"리밸런싱 매수 (6위, 75.7점)",0,0.0000,107968,상승
2025-03-07,010770,평화홀딩스,BUY,10933,7900,86370700,"리밸런싱 매수 (9위, 73.8점)",0,0.0000,107963,상승
2025-03-10,039240,경남스틸,SELL,17693,4625,81830125,"[리밸런싱] 포트폴리오 조정 (35위, 67.6점)",1224687,0.0165,102288,상승
2025-03-10,260970,에스앤디,SELL,1251,70200,87820200,"[리밸런싱] 포트폴리오 조정 (31위, 68.8점)",2392225,0.0293,109775,상승
2025-03-10,006660,삼성공조,BUY,5419,15600,84536400,"리밸런싱 매수 (6위, 76.2점)",0,0.0000,105670,상승
2025-03-10,005710,대원산업,BUY,11271,7500,84532500,"리밸런싱 매수 (9위, 74.0점)",0,0.0000,105666,상승
2025-03-10,000880,한화,SELL,2905,50880,147806400,목표 익절 도달 (20.0%),24449642,0.2000,184758,상승
2025-03-10,048430,유라테크,SELL,8868,8961,79464374,손절 실행 (-8.0%),-7009276,-0.0800,99330,상승
2025-03-10,010770,평화홀딩스,SELL,10933,7268,79461044,손절 실행 (-8.0%),-7008982,-0.0800,99326,상승
2025-03-10,006660,삼성공조,SELL,5419,18720,101443680,목표 익절 도달 (20.0%),16780475,0.2000,126805,상승
2025-03-11,000880,한화,BUY,1989,51200,101836800,"리밸런싱 매수 (1위, 81.4점)",0,0.0000,127296,상승
2025-03-11,006660,삼성공조,BUY,5656,18010,101864560,"리밸런싱 매수 (6위, 76.9점)",0,0.0000,127331,상승
2025-03-11,095610,테스,BUY,4827,21100,101849700,"리밸런싱 매수 (8위, 74.9점)",0,0.0000,127312,상승
2025-03-11,010770,평화홀딩스,BUY,13954,7300,101864200,"리밸런싱 매수 (10위, 73.5점)",0,0.0000,127330,상승
2025-03-12,000880,한화,SELL,1989,47104,93689856,손절 실행 (-8.0%),-8264056,-0.0800,117112,상승
2025-03-13,010770,평화홀딩스,SELL,13954,6780,94608120,[리밸런싱] 팩터 데이터 없음,-7374340,-0.0712,118260,상승
2025-03-13,000880,한화,BUY,2036,46050,93757800,"리밸런싱 매수 (1위, 80.3점)",0,0.0000,117197,상승
2025-03-13,083450,GST,BUY,4393,21350,93790550,"리밸런싱 매수 (8위, 75.8점)",0,0.0000,117238,상승
2025-03-14,035510,신세계 I&C,SELL,5506,12276,67591105,손절 실행 (-9.0%),-6769323,-0.0900,84489,상승
2025-03-17,035510,신세계 I&C,BUY,5398,12470,67313060,"리밸런싱 매수 (8위, 74.6점)",0,0.0000,84141,상승
2025-03-20,083450,GST,SELL,4393,20650,90715450,"[리밸런싱] 포트폴리오 조정 (27위, 67.4점)",-3188494,-0.0328,113394,상승
2025-03-20,092790,넥스틸,BUY,5238,17280,90512640,"리밸런싱 매수 (10위, 73.1점)",0,0.0000,113141,상승
2025-03-20,003570,SNT다이내믹스,SELL,2399,33120,79454880,손절 실행 (-8.0%),-7008439,-0.0800,99319,상승
2025-03-21,003570,SNT다이내믹스,BUY,2427,32650,79241550,"리밸런싱 매수 (2위, 78.1점)",0,0.0000,99052,상승
2025-03-21,000880,한화,SELL,2036,42366,86257176,손절 실행 (-8.0%),-7608445,-0.0800,107821,상승
2025-03-21,092790,넥스틸,SELL,5238,15898,83271629,손절 실행 (-8.0%),-7345101,-0.0800,104090,상승
2025-03-24,035510,신세계 I&C,SELL,5398,12280,66287440,"[리밸런싱] 조건부 매도 (점수 66.0, 35위)",-1108479,-0.0152,82859,상승
2025-03-24,000880,한화,BUY,1888,41550,78446400,"리밸런싱 매수 (2위, 77.6점)",0,0.0000,98058,상승
2025-03-24,092790,넥스틸,BUY,4898,16020,78465960,"리밸런싱 매수 (8위, 73.6점)",0,0.0000,98082,상승
2025-03-24,058430,포스코스틸리온,BUY,1685,46550,78436750,"리밸런싱 매수 (10위, 71.2점)",0,0.0000,98046,상승
2025-03-24,006660,삼성공조,SELL,5656,16569,93715395,손절 실행 (-8.0%),-8266309,-0.0800,117144,상승
2025-03-25,036530,SNT홀딩스,BUY,2783,33550,93369650,"리밸런싱 매수 (1위, 79.9점)",0,0.0000,116712,상승
2025-03-25,108380,대양전기공업,SELL,4743,16560,78544080,손절 실행 (-8.0%),-6928100,-0.0800,98180,상승
2025-03-25,092790,넥스틸,SELL,4898,14738,72188683,손절 실행 (-8.0%),-6367513,-0.0800,90236,상승
2025-03-26,006660,삼성공조,BUY,4517,16650,75208050,"리밸런싱 매수 (6위, 74.8점)",0,0.0000,94010,상승
2025-03-26,092790,넥스틸,BUY,5202,14460,75220920,"리밸런싱 매수 (8위, 73.5점)",0,0.0000,94026,상승
2025-03-26,306200,세아제강,SELL,436,182160,79421760,손절 실행 (-8.0%),-7005517,-0.0800,99277,상승
2025-03-27,306200,세아제강,BUY,423,186900,79058700,"리밸런싱 매수 (3위, 76.1점)",0,0.0000,98823,상승
2025-03-27,065680,우주일렉트로,SELL,2949,25944,76508856,손절 실행 (-8.0%),-6748580,-0.0800,95636,상승
2025-03-27,058430,포스코스틸리온,SELL,1685,42360,71377442,손절 실행 (-9.0%),-7148529,-0.0900,89222,상승
2025-03-27,092790,넥스틸,SELL,5202,13303,69203246,손절 실행 (-8.0%),-6104178,-0.0800,86504,상승
2025-03-28,065680,우주일렉트로,BUY,2758,26200,72259600,"리밸런싱 매수 (2위, 76.2점)",0,0.0000,90324,상승
2025-03-28,092790,넥스틸,BUY,5462,13230,72262260,"리밸런싱 매수 (8위, 70.1점)",0,0.0000,90328,상승
2025-03-28,119850,지엔씨에너지,BUY,5078,14230,72259940,"리밸런싱 매수 (9위, 69.4점)",0,0.0000,90325,상승
2025-03-28,003570,SNT다이내믹스,SELL,2427,30038,72902226,손절 실행 (-8.0%),-6430452,-0.0800,91128,상승
2025-03-28,006660,삼성공조,SELL,4517,15318,69191406,손절 실행 (-8.0%),-6103133,-0.0800,86489,상승
2025-03-31,003570,SNT다이내믹스,BUY,2425,29200,70810000,"리밸런싱 매수 (4위, 75.6점)",0,0.0000,88512,상승
2025-03-31,006660,삼성공조,BUY,4792,14780,70825760,"리밸런싱 매수 (7위, 74.9점)",0,0.0000,88532,상승
2025-03-31,092790,넥스틸,SELL,5462,12172,66481279,손절 실행 (-8.0%),-5864082,-0.0800,83102,상승
2025-04-01,092790,넥스틸,BUY,5343,12400,66253200,"리밸런싱 매수 (3위, 78.7점)",0,0.0000,82816,횡보
2025-04-03,036530,SNT홀딩스,SELL,2783,33250,92534750,[리밸런싱] 팩터 데이터 없음,-950568,-0.0089,115668,횡보
2025-04-03,010770,평화홀딩스,BUY,15678,5890,92343420,"리밸런싱 매수 (7위, 74.3점)",0,0.0000,115429,횡보
2025-04-03,010770,평화홀딩스,SELL,15678,7068,110812104,목표 익절 도달 (20.0%),18330169,0.2000,138515,횡보
2025-04-04,005710,대원산업,SELL,11271,7150,80587650,[리밸런싱] 팩터 데이터 없음,-4045585,-0.0467,100735,횡보
2025-04-04,048430,유라테크,BUY,8902,10730,95518460,"리밸런싱 매수 (1위, 80.2점)",0,0.0000,119398,횡보
2025-04-04,010770,평화홀딩스,BUY,12486,7650,95517900,"리밸런싱 매수 (7위, 75.1점)",0,0.0000,119397,횡보
2025-04-04,095610,테스,SELL,4827,19412,93701724,손절 실행 (-8.0%),-8265103,-0.0800,117127,횡보
2025-04-04,048430,유라테크,SELL,8902,12876,114622152,목표 익절 도달 (20.0%),18960414,0.2000,143278,횡보
2025-04-04,010770,평화홀딩스,SELL,12486,9180,114621480,목표 익절 도달 (20.0%),18960303,0.2000,143277,횡보
2025-04-07,014470,부방,BUY,45142,2380,107437960,"리밸런싱 매수 (3위, 74.6점)",0,0.0000,134297,하락
2025-04-07,041510,에스엠,BUY,948,113300,107408400,"리밸런싱 매수 (5위, 74.0점)",0,0.0000,134260,하락
2025-04-07,010770,평화홀딩스,BUY,10711,10030,107431330,"리밸런싱 매수 (8위, 73.0점)",0,0.0000,134289,하락
2025-04-07,306200,세아제강,SELL,423,171948,72734004,손절 실행 (-8.0%),-6415614,-0.0800,90918,하락
2025-04-07,065680,우주일렉트로,SELL,2758,24104,66478832,손절 실행 (-8.0%),-5863867,-0.0800,83099,하락
2025-04-07,092790,넥스틸,SELL,5343,11408,60952944,손절 실행 (-8.0%),-5376447,-0.0800,76191,하락
2025-04-07,010770,평화홀딩스,SELL,10711,12036,128917596,목표 익절 도달 (20.0%),21325119,0.2000,161147,하락
2025-04-08,020710,시공테크,BUY,17134,4790,82071860,"리밸런싱 매수 (1위, 82.2점)",0,0.0000,102590,하락
2025-04-08,013580,계룡건설,BUY,4885,16800,82068000,"리밸런싱 매수 (2위, 79.3점)",0,0.0000,102585,하락
2025-04-08,014440,영보화학,BUY,16581,4950,82075950,"리밸런싱 매수 (3위, 78.9점)",0,0.0000,102595,하락
2025-04-08,092790,넥스틸,BUY,7212,11380,82072560,"리밸런싱 매수 (6위, 74.6점)",0,0.0000,102591,하락
2025-04-08,006660,삼성공조,SELL,4792,13450,64451442,손절 실행 (-9.0%),-6454883,-0.0900,80564,하락
2025-04-08,020710,시공테크,SELL,17134,5748,98486232,목표 익절 도달 (20.0%),16291264,0.2000,123108,하락
2025-04-08,013580,계룡건설,SELL,4885,20160,98481600,목표 익절 도달 (20.0%),16290498,0.2000,123102,하락
2025-04-09,014440,영보화학,SELL,16581,5070,84065670,[리밸런싱] 팩터 데이터 없음,1884638,0.0242,105082,하락
2025-04-09,013580,계룡건설,BUY,3916,22000,86152000,"리밸런싱 매수 (1위, 79.7점)",0,0.0000,107690,하락
2025-04-09,048430,유라테크,BUY,5116,16840,86153440,"리밸런싱 매수 (2위, 79.4점)",0,0.0000,107692,하락
2025-04-09,306200,세아제강,BUY,458,187800,86012400,"리밸런싱 매수 (4위, 76.4점)",0,0.0000,107516,하락
2025-04-09,000545,흥국화재우,BUY,12274,7020,86163480,"리밸런싱 매수 (5위, 75.6점)",0,0.0000,107704,하락
2025-04-09,041510,에스엠,SELL,948,104236,98815728,손절 실행 (-8.0%),-8716192,-0.0800,123520,하락
2025-04-09,092790,넥스틸,SELL,7212,13656,98487072,목표 익절 도달 (20.0%),16291403,0.2000,123109,하락
2025-04-09,000545,흥국화재우,SELL,12274,8424,103396176,목표 익절 도달 (20.0%),17103451,0.2000,129245,하락
2025-04-10,014470,부방,SELL,45142,2280,102923760,"[리밸런싱] 포트폴리오 조정 (27위, 68.1점)",-4642855,-0.0420,128655,하락
2025-04-10,014440,영보화학,BUY,26177,5130,134288010,"리밸런싱 매수 (3위, 79.5점)",0,0.0000,167860,하락
2025-04-10,000545,흥국화재우,BUY,14822,9060,134287320,"리밸런싱 매수 (8위, 77.3점)",0,0.0000,167859,하락
2025-04-10,041510,에스엠,BUY,1218,110200,134223600,"리밸런싱 매수 (10위, 73.9점)",0,0.0000,167780,하락
2025-04-10,013580,계룡건설,SELL,3916,26400,103382400,목표 익절 도달 (20.0%),17101172,0.2000,129228,하락
2025-04-10,048430,유라테크,SELL,5116,15493,79261165,손절 실행 (-8.0%),-6991352,-0.0800,99076,하락
2025-04-10,000545,흥국화재우,SELL,14822,10872,161144784,목표 익절 도달 (20.0%),26656033,0.2000,201431,하락
2025-04-11,013580,계룡건설,BUY,3632,23600,85715200,"리밸런싱 매수 (2위, 80.1점)",0,0.0000,107144,하락
2025-04-11,092790,넥스틸,BUY,5835,14690,85716150,"리밸런싱 매수 (5위, 79.2점)",0,0.0000,107145,하락
2025-04-11,048430,유라테크,BUY,5405,15860,85723300,"리밸런싱 매수 (6위, 78.9점)",0,0.0000,107154,하락
2025-04-11,000545,흥국화재우,BUY,6630,12930,85725900,"리밸런싱 매수 (8위, 76.8점)",0,0.0000,107157,하락
2025-04-11,119850,지엔씨에너지,SELL,5078,16649,84544130,목표 익절 도달 (17.0%),12178510,0.1700,105680,하락
2025-04-14,014440,영보화학,SELL,26177,5090,133240930,[리밸런싱] 팩터 데이터 없음,-1213631,-0.0078,166551,하락
2025-04-14,020710,시공테크,BUY,14670,7400,108558000,"리밸런싱 매수 (1위, 83.8점)",0,0.0000,135698,하락
2025-04-14,119850,지엔씨에너지,BUY,6341,17120,108557920,"리밸런싱 매수 (3위, 80.0점)",0,0.0000,135697,하락
2025-04-14,013580,계룡건설,SELL,3632,21712,78857984,손절 실행 (-8.0%),-6955788,-0.0800,98572,하락
2025-04-14,020710,시공테크,SELL,14670,8880,130269600,목표 익절 도달 (20.0%),21548763,0.2000,162837,하락
2025-04-15,041510,에스엠,SELL,1218,105700,128742600,"[리밸런싱] 포트폴리오 조정 (27위, 69.0점)",-5641928,-0.0408,160928,횡보
2025-04-15,020710,시공테크,BUY,13285,8460,112391100,"리밸런싱 매수 (1위, 84.5점)",0,0.0000,140489,횡보
2025-04-15,013580,계룡건설,BUY,5301,21200,112381200,"리밸런싱 매수 (2위, 80.1점)",0,0.0000,140476,횡보
2025-04-15,065680,우주일렉트로,BUY,4079,27550,112376450,"리밸런싱 매수 (7위, 78.7점)",0,0.0000,140471,횡보
2025-04-15,092790,넥스틸,SELL,5835,17628,102859380,목표 익절 도달 (20.0%),17014656,0.2000,128574,횡보
2025-04-15,000545,흥국화재우,SELL,6630,15516,102871080,목표 익절 도달 (20.0%),17016591,0.2000,128589,횡보
2025-04-16,092790,넥스틸,BUY,6473,15840,102532320,"리밸런싱 매수 (3위, 79.4점)",0,0.0000,128165,횡보
2025-04-16,000545,흥국화재우,BUY,4693,21850,102542050,"리밸런싱 매수 (8위, 77.7점)",0,0.0000,128178,횡보
2025-04-16,020710,시공테크,SELL,13285,7783,103399812,손절 실행 (-8.0%),-9120538,-0.0800,129250,횡보
2025-04-17,020710,시공테크,BUY,12106,8510,103022060,"리밸런싱 매수 (1위, 82.9점)",0,0.0000,128778,횡보
2025-04-17,003570,SNT다이내믹스,SELL,2425,35040,84972000,목표 익절 도달 (20.0%),14055785,0.2000,106215,횡보
2025-04-17,048430,유라테크,SELL,5405,14591,78865436,손절 실행 (-8.0%),-6956446,-0.0800,98582,횡보
2025-04-17,013580,계룡건설,SELL,5301,19504,103390704,손절 실행 (-8.0%),-9119734,-0.0800,129238,횡보
2025-04-17,000545,흥국화재우,SELL,4693,20102,94338686,손절 실행 (-8.0%),-8321287,-0.0800,117923,횡보
2025-04-18,048430,유라테크,BUY,7134,12650,90245100,"리밸런싱 매수 (1위, 80.9점)",0,0.0000,112806,횡보
2025-04-18,013580,계룡건설,BUY,4659,19370,90244830,"리밸런싱 매수 (2위, 80.1점)",0,0.0000,112806,횡보
2025-04-18,000545,흥국화재우,BUY,4541,19870,90229670,"리밸런싱 매수 (6위, 76.6점)",0,0.0000,112787,횡보
2025-04-18,003570,SNT다이내믹스,BUY,2585,34900,90216500,"리밸런싱 매수 (8위, 75.9점)",0,0.0000,112771,횡보
2025-04-18,092790,넥스틸,SELL,6473,14573,94329734,손절 실행 (-8.0%),-8320498,-0.0800,117912,횡보
2025-04-18,013580,계룡건설,SELL,4659,23244,108293796,목표 익절 도달 (20.0%),17913599,0.2000,135367,횡보
2025-04-21,014440,영보화학,BUY,20197,5000,100985000,"리밸런싱 매수 (2위, 81.9점)",0,0.0000,126231,횡보
2025-04-21,003310,대주산업,BUY,36067,2800,100987600,"리밸런싱 매수 (4위, 80.1점)",0,0.0000,126234,횡보
2025-04-21,020710,시공테크,SELL,12106,10212,123626472,목표 익절 도달 (20.0%),20449879,0.2000,154533,횡보
2025-04-21,000545,흥국화재우,SELL,4541,18280,83011296,손절 실행 (-8.0%),-7322138,-0.0800,103764,횡보
2025-04-21,014440,영보화학,SELL,20197,6000,121182000,목표 익절 도달 (20.0%),20045522,0.2000,151478,횡보
2025-04-22,003310,대주산업,SELL,36067,2695,97200565,[리밸런싱] 팩터 데이터 없음,-3908536,-0.0375,121501,횡보
2025-04-22,020710,시공테크,BUY,10595,10010,106055950,"리밸런싱 매수 (1위, 83.2점)",0,0.0000,132570,횡보
2025-04-22,014440,영보화학,BUY,18607,5700,106059900,"리밸런싱 매수 (4위, 79.1점)",0,0.0000,132575,횡보
2025-04-22,000545,흥국화재우,BUY,6026,17600,106057600,"리밸런싱 매수 (5위, 77.4점)",0,0.0000,132572,횡보
2025-04-22,309960,LB인베스트먼트,BUY,17415,6090,106057350,"리밸런싱 매수 (8위, 76.0점)",0,0.0000,132572,횡보
2025-04-22,119850,지엔씨에너지,SELL,6341,20544,130269504,목표 익절 도달 (20.0%),21548747,0.2000,162837,횡보
2025-04-23,013580,계룡건설,BUY,4140,31300,129582000,"리밸런싱 매수 (2위, 80.6점)",0,0.0000,161978,횡보
2025-04-23,048430,유라테크,SELL,7134,11638,83025492,손절 실행 (-8.0%),-7323390,-0.0800,103782,횡보
2025-04-23,020710,시공테크,SELL,10595,9209,97571474,손절 실행 (-8.0%),-8606440,-0.0800,121964,횡보
2025-04-23,014440,영보화학,SELL,18607,5244,97575108,손절 실행 (-8.0%),-8606761,-0.0800,121969,횡보
2025-04-23,000545,흥국화재우,SELL,6026,16192,97572992,손절 실행 (-8.0%),-8606574,-0.0800,121966,횡보
2025-04-23,309960,LB인베스트먼트,SELL,17415,5603,97572762,손절 실행 (-8.0%),-8606554,-0.0800,121966,횡보
2025-04-24,020710,시공테크,BUY,10752,8790,94510080,"리밸런싱 매수 (1위, 83.2점)",0,0.0000,118138,횡보
2025-04-24,098120,마이크로컨텍솔,BUY,7747,12200,94513400,"리밸런싱 매수 (2위, 80.7점)",0,0.0000,118142,횡보
2025-04-24,092790,넥스틸,BUY,6259,15100,94510900,"리밸런싱 매수 (4위, 78.8점)",0,0.0000,118139,횡보
2025-04-24,119850,지엔씨에너지,BUY,4266,22150,94491900,"리밸런싱 매수 (6위, 77.0점)",0,0.0000,118115,횡보
2025-04-24,263860,지니언스,BUY,5576,16950,94513200,"리밸런싱 매수 (8위, 75.5점)",0,0.0000,118142,횡보
2025-04-24,013580,계룡건설,SELL,4140,28796,119215440,손절 실행 (-8.0%),-10515579,-0.0800,149019,횡보
2025-04-25,098120,마이크로컨텍솔,SELL,7747,12020,93118940,[리밸런싱] 팩터 데이터 없음,-1510859,-0.0148,116399,횡보
2025-04-25,013580,계룡건설,BUY,4379,24150,105752850,"리밸런싱 매수 (2위, 80.6점)",0,0.0000,132191,횡보
2025-04-25,000545,흥국화재우,BUY,9442,11200,105750400,"리밸런싱 매수 (3위, 78.1점)",0,0.0000,132188,횡보
2025-04-25,020710,시공테크,SELL,10752,8087,86949274,손절 실행 (-8.0%),-7669493,-0.0800,108687,횡보
2025-04-25,092790,넥스틸,SELL,6259,13892,86950028,손절 실행 (-8.0%),-7669560,-0.0800,108688,횡보
2025-04-28,020710,시공테크,BUY,9853,8800,86706400,"리밸런싱 매수 (1위, 83.8점)",0,0.0000,108383,횡보
2025-04-28,092790,넥스틸,BUY,6594,13150,86711100,"리밸런싱 매수 (6위, 76.7점)",0,0.0000,108389,횡보
2025-04-28,000880,한화,SELL,1888,49860,94135680,목표 익절 도달 (20.0%),15571610,0.2000,117670,횡보
2025-04-28,263860,지니언스,SELL,5576,20340,113415840,목표 익절 도달 (20.0%),18760870,0.2000,141770,횡보
2025-04-28,013580,계룡건설,SELL,4379,22218,97292622,손절 실행 (-8.0%),-8581844,-0.0800,121616,횡보
2025-04-28,000545,흥국화재우,SELL,9442,10304,97290368,손절 실행 (-8.0%),-8581645,-0.0800,121613,횡보
2025-04-29,306200,세아제강,SELL,458,179700,82302600,"[리밸런싱] 포트폴리오 조정 (34위, 69.7점)",-3812678,-0.0431,102878,횡보
2025-04-29,013580,계룡건설,BUY,4205,23000,96715000,"리밸런싱 매수 (2위, 80.4점)",0,0.0000,120894,횡보
2025-04-29,098120,마이크로컨텍솔,BUY,8067,11990,96723330,"리밸런싱 매수 (3위, 80.3점)",0,0.0000,120904,횡보
2025-04-29,000880,한화,BUY,2025,47750,96693750,"리밸런싱 매수 (4위, 78.1점)",0,0.0000,120867,횡보
2025-04-29,071200,인피니트헬스케어,BUY,16256,5950,96723200,"리밸런싱 매수 (5위, 77.2점)",0,0.0000,120904,횡보
2025-04-29,000545,흥국화재우,BUY,9390,10300,96717000,"리밸런싱 매수 (6위, 76.6점)",0,0.0000,120896,횡보
2025-04-29,003570,SNT다이내믹스,SELL,2585,32108,82999180,손절 실행 (-8.0%),-7321069,-0.0800,103749,횡보
2025-04-30,098120,마이크로컨텍솔,SELL,8067,11310,91237770,[리밸런싱] 팩터 데이터 없음,-5599607,-0.0567,114047,상승
2025-04-30,309960,LB인베스트먼트,BUY,17539,4945,86730355,"리밸런싱 매수 (7위, 74.5점)",0,0.0000,108413,상승
2025-04-30,012630,HDC,BUY,4638,18700,86730600,"리밸런싱 매수 (9위, 74.1점)",0,0.0000,108413,상승
2025-04-30,020710,시공테크,SELL,9853,8096,79769888,손절 실행 (-8.0%),-7036224,-0.0800,99712,상승
2025-05-02,016880,웅진,BUY,52723,1507,79453561,"리밸런싱 매수 (3위, 80.1점)",0,0.0000,99317,횡보
2025-05-02,000545,흥국화재우,SELL,9390,9476,88979640,손절 실행 (-8.0%),-7848585,-0.0800,111225,횡보
2025-05-02,016880,웅진,SELL,52723,1808,95344273,목표 익절 도달 (20.0%),15771532,0.2000,119180,횡보
2025-05-07,065680,우주일렉트로,SELL,4079,28250,115231750,"[리밸런싱] 포트폴리오 조정 (26위, 69.8점)",2711260,0.0254,144040,횡보
2025-05-07,016880,웅진,BUY,59060,1688,99693280,"리밸런싱 매수 (3위, 80.1점)",0,0.0000,124617,횡보
2025-05-07,000545,흥국화재우,BUY,10662,9350,99689700,"리밸런싱 매수 (4위, 78.1점)",0,0.0000,124612,횡보
2025-05-07,00088K,한화3우B,BUY,4531,22000,99682000,"리밸런싱 매수 (8위, 75.2점)",0,0.0000,124602,횡보
2025-05-07,013580,계룡건설,SELL,4205,27600,116058000,목표 익절 도달 (20.0%),19197928,0.2000,145072,횡보
2025-05-08,013580,계룡건설,BUY,4248,27200,115545600,"리밸런싱 매수 (2위, 80.2점)",0,0.0000,144432,하락
2025-05-09,119850,지엔씨에너지,SELL,4266,26580,113390280,목표 익절 도달 (20.0%),18756642,0.2000,141738,횡보
2025-05-09,000545,흥국화재우,SELL,10662,8602,91714524,손절 실행 (-8.0%),-8089819,-0.0800,114643,횡보
2025-05-09,013580,계룡건설,SELL,4248,25024,106301952,손절 실행 (-8.0%),-9376525,-0.0800,132877,횡보
2025-05-12,092790,넥스틸,SELL,6594,12470,82227180,"[리밸런싱] 포트폴리오 조정 (42위, 68.5점)",-4586704,-0.0517,102784,하락
2025-05-12,098120,마이크로컨텍솔,BUY,8718,11270,98251860,"리밸런싱 매수 (1위, 81.5점)",0,0.0000,122815,하락
2025-05-12,013580,계룡건설,BUY,3786,25950,98246700,"리밸런싱 매수 (3위, 79.3점)",0,0.0000,122808,하락
2025-05-12,194700,노바렉스,BUY,8221,11950,98240950,"리밸런싱 매수 (6위, 76.7점)",0,0.0000,122801,하락
2025-05-12,000050,경방,BUY,10150,9680,98252000,"리밸런싱 매수 (7위, 76.4점)",0,0.0000,122815,하락
2025-05-12,016880,웅진,SELL,59060,1553,91717818,손절 실행 (-8.0%),-8090110,-0.0800,114647,하락
2025-05-13,098120,마이크로컨텍솔,SELL,8718,11980,104441640,[리밸런싱] 팩터 데이터 없음,6059228,0.0630,130552,하락
2025-05-13,016880,웅진,BUY,63413,1541,97719433,"리밸런싱 매수 (1위, 80.3점)",0,0.0000,122149,하락
2025-05-13,263860,지니언스,BUY,5334,18320,97718880,"리밸런싱 매수 (5위, 76.0점)",0,0.0000,122149,하락
2025-05-13,000050,경방,SELL,10150,8906,90391840,손절 실행 (-8.0%),-7973150,-0.0800,112990,하락
2025-05-14,000880,한화,SELL,2025,50600,102465000,"[리밸런싱] 포트폴리오 조정 (45위, 68.6점)",5643169,0.0597,128081,횡보
2025-05-14,119850,지엔씨에너지,BUY,3398,28300,96163400,"리밸런싱 매수 (4위, 76.6점)",0,0.0000,120204,횡보
2025-05-14,236200,슈프리마,BUY,2732,35200,96166400,"리밸런싱 매수 (6위, 75.7점)",0,0.0000,120208,횡보
2025-05-14,013580,계룡건설,SELL,3786,23874,90386964,손절 실행 (-8.0%),-7972720,-0.0800,112984,횡보
2025-05-14,194700,노바렉스,SELL,8221,14340,117889140,목표 익절 도달 (20.0%),19500829,0.2000,147361,횡보
2025-05-15,194700,노바렉스,BUY,7107,14620,103904340,"리밸런싱 매수 (2위, 80.3점)",0,0.0000,129880,횡보
2025-05-15,013580,계룡건설,BUY,4659,22300,103895700,"리밸런싱 매수 (3위, 77.6점)",0,0.0000,129870,횡보
2025-05-16,309960,LB인베스트먼트,SELL,17539,4600,80679400,"[리밸런싱] 포트폴리오 조정 (44위, 68.5점)",-6151804,-0.0698,100849,하락
2025-05-16,00088K,한화3우B,SELL,4531,23600,106931600,"[리밸런싱] 포트폴리오 조정 (28위, 71.3점)",7115936,0.0727,133664,하락
2025-05-16,119850,지엔씨에너지,SELL,3398,28700,97522600,"[리밸런싱] 포트폴리오 조정 (54위, 67.6점)",1237297,0.0141,121903,하락
2025-05-16,071320,지역난방공사,BUY,1481,64000,94784000,"리밸런싱 매수 (4위, 78.3점)",0,0.0000,118480,하락
2025-05-16,065710,서호전기,BUY,3430,27650,94839500,"리밸런싱 매수 (6위, 76.2점)",0,0.0000,118549,하락
2025-05-16,015760,한국전력,BUY,3512,27000,94824000,"리밸런싱 매수 (7위, 74.6점)",0,0.0000,118530,하락
2025-05-19,013580,계룡건설,SELL,4659,20516,95584044,손절 실행 (-8.0%),-8431136,-0.0800,119480,하락
2025-05-19,065710,서호전기,SELL,3430,33180,113807400,목표 익절 도달 (20.0%),18825641,0.2000,142259,하락
2025-05-20,098120,마이크로컨텍솔,BUY,6478,16120,104425360,"리밸런싱 매수 (1위, 80.7점)",0,0.0000,130532,하락
2025-05-20,065710,서호전기,BUY,2971,35150,104430650,"리밸런싱 매수 (5위, 77.8점)",0,0.0000,130538,하락
2025-05-21,016880,웅진,SELL,63413,1849,117263320,목표 익절 도달 (20.0%),19397307,0.2000,146579,하락
2025-05-22,016880,웅진,BUY,64564,1810,116860840,"리밸런싱 매수 (4위, 80.2점)",0,0.0000,146076,하락
2025-05-23,071320,지역난방공사,SELL,1481,76800,113740800,목표 익절 도달 (20.0%),18814624,0.2000,142176,하락
2025-05-26,012630,HDC,SELL,4638,18850,87426300,"[리밸런싱] 포트폴리오 조정 (43위, 69.4점)",586417,0.0080,109283,하락
2025-05-26,136490,선진,BUY,10759,9330,100381470,"리밸런싱 매수 (4위, 78.9점)",0,0.0000,125477,하락
2025-05-26,071320,지역난방공사,BUY,1298,77300,100335400,"리밸런싱 매수 (5위, 78.4점)",0,0.0000,125419,하락
2025-05-26,015760,한국전력,SELL,3512,31590,110944080,목표 익절 도달 (17.0%),15981400,0.1700,138680,하락
2025-05-26,098120,마이크로컨텍솔,SELL,6478,14830,96071331,손절 실행 (-8.0%),-8474118,-0.0800,120089,하락
2025-05-26,016880,웅진,SELL,64564,2172,140233008,목표 익절 도달 (20.0%),23196877,0.2000,175291,하락
2025-05-27,071200,인피니트헬스케어,SELL,16256,6457,104964992,"[리밸런싱] 포트폴리오 조정 (55위, 68.0점)",8110586,0.0852,131206,하락
2025-05-27,016880,웅진,BUY,53744,2100,112862400,"리밸런싱 매수 (1위, 80.6점)",0,0.0000,141078,하락
2025-05-27,098120,마이크로컨텍솔,BUY,7352,15350,112853200,"리밸런싱 매수 (3위, 80.2점)",0,0.0000,141066,하락
2025-05-27,009780,엠에스씨,BUY,12652,8920,112855840,"리밸런싱 매수 (7위, 77.0점)",0,0.0000,141070,하락
2025-05-27,00088K,한화3우B,BUY,4802,23500,112847000,"리밸런싱 매수 (8위, 77.0점)",0,0.0000,141059,하락
2025-05-28,016880,웅진,SELL,53744,1932,103833408,손절 실행 (-8.0%),-9158784,-0.0800,129792,하락
2025-05-28,00088K,한화3우B,SELL,4802,28200,135416400,목표 익절 도달 (20.0%),22400130,0.2000,169270,하락
2025-05-29,263860,지니언스,SELL,5334,17980,95905320,"[리밸런싱] 포트폴리오 조정 (26위, 73.8점)",-1933442,-0.0186,119882,하락
2025-05-29,236200,슈프리마,SELL,2732,36600,99991200,"[리밸런싱] 포트폴리오 조정 (30위, 73.1점)",3699811,0.0398,124989,하락
2025-05-29,00088K,한화3우B,BUY,3787,28650,108497550,"리밸런싱 매수 (1위, 82.5점)",0,0.0000,135622,하락
2025-05-29,016880,웅진,BUY,57783,1878,108516474,"리밸런싱 매수 (4위, 80.6점)",0,0.0000,135646,하락
2025-05-29,036530,SNT홀딩스,BUY,2308,47000,108476000,"리밸런싱 매수 (6위, 78.9점)",0,0.0000,135595,하락
2025-05-29,000880,한화,BUY,1548,70100,108514800,"리밸런싱 매수 (8위, 78.5점)",0,0.0000,135644,하락
2025-05-30,065710,서호전기,SELL,2971,42180,125316780,목표 익절 도달 (20.0%),20729484,0.2000,156646,횡보
2025-06-02,032190,다우데이타,BUY,7466,16700,124682200,"리밸런싱 매수 (7위, 78.1점)",0,0.0000,155853,횡보
2025-06-02,194700,노바렉스,SELL,7107,17544,124685208,목표 익절 도달 (20.0%),20625011,0.2000,155857,횡보
2025-06-04,194700,노바렉스,BUY,7111,17490,124371390,"리밸런싱 매수 (5위, 79.9점)",0,0.0000,155464,횡보
2025-06-04,00088K,한화3우B,SELL,3787,34380,130197060,목표 익절 도달 (20.0%),21536764,0.2000,162746,횡보
2025-06-04,016880,웅진,SELL,57783,2254,130219769,목표 익절 도달 (20.0%),21540520,0.2000,162775,횡보
2025-06-04,036530,SNT홀딩스,SELL,2308,56400,130171200,목표 익절 도달 (20.0%),21532486,0.2000,162714,횡보
2025-06-04,000880,한화,SELL,1548,84120,130217760,목표 익절 도달 (20.0%),21540188,0.2000,162772,횡보
2025-06-05,036530,SNT홀딩스,BUY,2245,57900,129985500,"리밸런싱 매수 (1위, 82.3점)",0,0.0000,162482,상승
2025-06-05,121440,골프존홀딩스,BUY,22452,5790,129997080,"리밸런싱 매수 (2위, 82.2점)",0,0.0000,162496,상승
2025-06-05,00088K,한화3우B,BUY,3812,34100,129989200,"리밸런싱 매수 (3위, 81.6점)",0,0.0000,162486,상승
2025-06-05,402340,SK스퀘어,BUY,1027,126500,129915500,"리밸런싱 매수 (7위, 79.8점)",0,0.0000,162394,상승
2025-06-12,121440,골프존홀딩스,SELL,22452,5880,132017760,[리밸런싱] 팩터 데이터 없음,1855658,0.0155,165022,상승
2025-06-12,016880,웅진,BUY,55176,2380,131318880,"리밸런싱 매수 (8위, 79.5점)",0,0.0000,164149,상승
2025-06-12,00088K,한화3우B,SELL,3812,40920,155987040,목표 익절 도달 (20.0%),25802856,0.2000,194984,상승
2025-06-13,00088K,한화3우B,BUY,3871,40200,155614200,"리밸런싱 매수 (1위, 82.5점)",0,0.0000,194518,상승
2025-06-16,016880,웅진,SELL,55176,2856,157582656,목표 익절 도달 (20.0%),26066798,0.2000,196978,상승
2025-06-17,021820,세원정공,BUY,13670,11500,157205000,"리밸런싱 매수 (3위, 80.6점)",0,0.0000,196506,상승
2025-06-17,136490,선진,SELL,10759,11196,120457764,목표 익절 도달 (20.0%),19925722,0.2000,150572,상승
2025-06-17,402340,SK스퀘어,SELL,1027,151800,155898600,목표 익절 도달 (20.0%),25788227,0.2000,194873,상승
2025-06-18,136490,선진,BUY,12469,11060,137907140,"리밸런싱 매수 (3위, 80.6점)",0,0.0000,172384,상승
2025-06-18,069510,에스텍,BUY,8512,16200,137894400,"리밸런싱 매수 (4위, 80.4점)",0,0.0000,172368,상승
2025-06-18,069510,에스텍,SELL,8512,19440,165473280,목표 익절 도달 (20.0%),27372038,0.2000,206842,상승
2025-06-19,035510,신세계 I&C,BUY,9012,18300,164919600,"리밸런싱 매수 (2위, 82.5점)",0,0.0000,206150,상승
2025-06-19,036530,SNT홀딩스,SELL,2245,53268,119586660,손절 실행 (-8.0%),-10548323,-0.0800,149483,상승
2025-06-19,035510,신세계 I&C,SELL,9012,21960,197903520,목표 익절 도달 (20.0%),32736541,0.2000,247379,상승
2025-06-20,035510,신세계 I&C,BUY,7545,21000,158445000,"리밸런싱 매수 (2위, 82.5점)",0,0.0000,198056,상승
2025-06-20,069510,에스텍,BUY,8317,19050,158438850,"리밸런싱 매수 (3위, 82.0점)",0,0.0000,198049,상승
2025-06-20,098120,마이크로컨텍솔,SELL,7352,18420,135423840,목표 익절 도달 (20.0%),22401360,0.2000,169280,상승
2025-06-23,071320,지역난방공사,SELL,1298,74400,96571200,"[리밸런싱] 포트폴리오 조정 (42위, 74.5점)",-3884914,-0.0375,120714,상승
2025-06-23,402340,SK스퀘어,BUY,731,158200,115644200,"리밸런싱 매수 (5위, 81.4점)",0,0.0000,144555,상승
2025-06-23,000880,한화,BUY,1255,92100,115585500,"리밸런싱 매수 (6위, 81.0점)",0,0.0000,144482,상승
2025-06-23,035510,신세계 I&C,SELL,7545,25200,190134000,목표 익절 도달 (20.0%),31451332,0.2000,237668,상승
2025-06-24,035510,신세계 I&C,BUY,8021,23650,189696650,"리밸런싱 매수 (3위, 82.0점)",0,0.0000,237121,상승
2025-06-25,00088K,한화3우B,SELL,3871,36984,143165064,손절 실행 (-8.0%),-12628092,-0.0800,178956,상승
2025-06-25,402340,SK스퀘어,SELL,731,189840,138773040,목표 익절 도달 (20.0%),22955374,0.2000,173466,상승
2025-06-25,035510,신세계 I&C,SELL,8021,21758,174520918,손절 실행 (-8.0%),-15393883,-0.0800,218151,상승
2025-06-26,00088K,한화3우B,BUY,4050,37500,151875000,"리밸런싱 매수 (2위, 82.7점)",0,0.0000,189844,상승
2025-06-26,402340,SK스퀘어,BUY,799,190000,151810000,"리밸런싱 매수 (3위, 81.9점)",0,0.0000,189762,상승
2025-06-26,035510,신세계 I&C,BUY,7445,20400,151878000,"리밸런싱 매수 (4위, 81.5점)",0,0.0000,189848,상승
2025-06-26,069510,에스텍,SELL,8317,17526,145763742,손절 실행 (-8.0%),-12857313,-0.0800,182205,상승
2025-06-27,007700,F&F홀딩스,BUY,6877,21100,145104700,"리밸런싱 매수 (1위, 83.0점)",0,0.0000,181381,상승
2025-06-27,402340,SK스퀘어,SELL,799,174800,139665200,손절 실행 (-8.0%),-12319382,-0.0800,174582,상승
2025-06-30,123420,위메이드플레이,BUY,13525,10300,139307500,"리밸런싱 매수 (2위, 85.1점)",0,0.0000,174134,상승
2025-07-01,032190,다우데이타,SELL,7466,20040,149618640,목표 익절 도달 (20.0%),24749417,0.2000,187023,상승
2025-07-01,000880,한화,SELL,1255,110520,138702600,목표 익절 도달 (20.0%),22943722,0.2000,173378,상승
2025-07-01,00088K,한화3우B,SELL,4050,45000,182250000,목표 익절 도달 (20.0%),30147188,0.2000,227812,상승
2025-07-01,035510,신세계 I&C,SELL,7445,18768,139727760,손절 실행 (-8.0%),-12324900,-0.0800,174660,상승
2025-07-02,402340,SK스퀘어,BUY,862,176700,152315400,"리밸런싱 매수 (4위, 84.4점)",0,0.0000,190394,상승
2025-07-02,005810,풍산홀딩스,BUY,2963,51400,152298200,"리밸런싱 매수 (5위, 83.7점)",0,0.0000,190373,상승
2025-07-02,000320,노루홀딩스,BUY,5916,25750,152337000,"리밸런싱 매수 (6위, 82.3점)",0,0.0000,190421,상승
2025-07-02,00088K,한화3우B,BUY,3498,43550,152337900,"리밸런싱 매수 (7위, 82.2점)",0,0.0000,190422,상승
2025-07-03,000320,노루홀딩스,SELL,5916,23690,140150040,손절 실행 (-8.0%),-12362148,-0.0800,175188,상승
2025-07-03,00088K,한화3우B,SELL,3498,40066,140150868,손절 실행 (-8.0%),-12362221,-0.0800,175189,상승
2025-07-04,021820,세원정공,SELL,13670,11750,160622500,[리밸런싱] 팩터 데이터 없음,3216722,0.0217,200778,상승
2025-07-04,023590,다우기술,BUY,3882,37750,146545500,"리밸런싱 매수 (6위, 80.7점)",0,0.0000,183182,상승
2025-07-04,032940,원익,BUY,18297,8010,146558970,"리밸런싱 매수 (7위, 80.4점)",0,0.0000,183199,상승
2025-07-04,069510,에스텍,BUY,8486,17270,146553220,"리밸런싱 매수 (8위, 80.4점)",0,0.0000,183192,상승
2025-07-04,402340,SK스퀘어,SELL,862,162564,140130168,손절 실행 (-8.0%),-12360395,-0.0800,175163,상승
2025-07-04,005810,풍산홀딩스,SELL,2963,47288,140114344,손절 실행 (-8.0%),-12358999,-0.0800,175143,상승
2025-07-07,402340,SK스퀘어,BUY,875,159600,139650000,"리밸런싱 매수 (2위, 83.4점)",0,0.0000,174562,상승
2025-07-07,005810,풍산홀딩스,BUY,3017,46300,139687100,"리밸런싱 매수 (3위, 83.1점)",0,0.0000,174609,상승
2025-07-07,023590,다우기술,SELL,3882,34730,134821860,손절 실행 (-8.0%),-11892167,-0.0800,168527,상승
2025-07-07,032940,원익,SELL,18297,7369,134834252,손절 실행 (-8.0%),-11893260,-0.0800,168543,상승
2025-07-08,023590,다우기술,BUY,3810,35300,134493000,"리밸런싱 매수 (5위, 81.3점)",0,0.0000,168116,상승
2025-07-08,036530,SNT홀딩스,BUY,2561,52500,134452500,"리밸런싱 매수 (7위, 81.0점)",0,0.0000,168066,상승
2025-07-09,194700,노바렉스,SELL,7111,20988,149245668,목표 익절 도달 (20.0%),24687721,0.2000,186557,상승
2025-07-09,136490,선진,SELL,12469,13272,165488568,목표 익절 도달 (20.0%),27374567,0.2000,206861,상승
2025-07-10,000240,한국앤컴퍼니,BUY,7026,22350,157031100,"리밸런싱 매수 (5위, 82.4점)",0,0.0000,196289,상승
2025-07-10,004800,효성,BUY,2085,75300,157000500,"리밸런싱 매수 (9위, 81.5점)",0,0.0000,196251,상승
2025-07-10,123420,위메이드플레이,SELL,13525,12360,167169000,목표 익절 도달 (20.0%),27652539,0.2000,208961,상승
2025-07-11,123420,위메이드플레이,BUY,14982,11120,166599840,"리밸런싱 매수 (2위, 83.7점)",0,0.0000,208250,상승
2025-07-11,009780,엠에스씨,SELL,12652,10704,135427008,목표 익절 도달 (20.0%),22401884,0.2000,169284,상승
2025-07-14,000320,노루홀딩스,BUY,5423,24900,135032700,"리밸런싱 매수 (7위, 81.1점)",0,0.0000,168791,상승
2025-07-14,123420,위메이드플레이,SELL,14982,10230,153271853,손절 실행 (-8.0%),-13519577,-0.0800,191590,상승
2025-07-15,123420,위메이드플레이,BUY,14978,10210,152925380,"리밸런싱 매수 (3위, 83.2점)",0,0.0000,191157,상승
2025-07-16,069510,에스텍,SELL,8486,17220,146128920,[리밸런싱] 팩터 데이터 없음,-606961,-0.0029,182661,상승
2025-07-16,005440,현대지에프홀딩스,BUY,14015,10400,145756000,"리밸런싱 매수 (9위, 81.1점)",0,0.0000,182195,상승
2025-07-18,005440,현대지에프홀딩스,SELL,14015,9568,134095520,손절 실행 (-8.0%),-11828099,-0.0800,167619,상승
2025-07-21,136490,선진,BUY,9025,14820,133750500,"리밸런싱 매수 (6위, 80.7점)",0,0.0000,167188,상승
2025-07-23,000320,노루홀딩스,SELL,5423,22908,124230084,손절 실행 (-8.0%),-10957904,-0.0800,155288,상승
2025-07-23,123420,위메이드플레이,SELL,14978,12252,183510456,목표 익절 도달 (20.0%),30355688,0.2000,229388,상승
2025-07-23,136490,선진,SELL,9025,13634,123050460,손절 실행 (-8.0%),-10853853,-0.0800,153813,상승
2025-07-24,123420,위메이드플레이,BUY,13461,10650,143359650,"리밸런싱 매수 (3위, 81.3점)",0,0.0000,179200,상승
2025-07-24,136490,선진,BUY,10181,14080,143348480,"리밸런싱 매수 (5위, 80.9점)",0,0.0000,179186,상승
2025-07-24,00088K,한화3우B,BUY,3634,39450,143361300,"리밸런싱 매수 (6위, 80.8점)",0,0.0000,179202,상승
2025-07-24,007700,F&F홀딩스,SELL,6877,19412,133496324,손절 실행 (-8.0%),-11775246,-0.0800,166870,상승
2025-07-25,007700,F&F홀딩스,BUY,7026,18900,132791400,"리밸런싱 매수 (7위, 80.6점)",0,0.0000,165989,상승
2025-07-29,402340,SK스퀘어,SELL,875,146832,128478000,손절 실행 (-8.0%),-11332598,-0.0800,160598,상승
2025-07-29,136490,선진,SELL,10181,12954,131880602,손절 실행 (-8.0%),-11632729,-0.0800,164851,상승
2025-07-30,402340,SK스퀘어,BUY,879,147800,129916200,"리밸런싱 매수 (2위, 81.7점)",0,0.0000,162395,상승
2025-07-30,136490,선진,BUY,9740,13340,129931600,"리밸런싱 매수 (5위, 79.7점)",0,0.0000,162414,상승
2025-07-31,136490,선진,SELL,9740,12273,119537072,손절 실행 (-8.0%),-10543949,-0.0800,149421,상승
2025-08-01,136490,선진,BUY,9218,12920,119096560,"리밸런싱 매수 (3위, 79.7점)",0,0.0000,148871,상승
2025-08-01,005810,풍산홀딩스,SELL,3017,42596,128512132,손절 실행 (-8.0%),-11335608,-0.0800,160640,상승
2025-08-04,023590,다우기술,SELL,3810,33400,127254000,"[리밸런싱] 포트폴리오 조정 (35위, 74.1점)",-7398068,-0.0538,159068,상승
2025-08-04,032940,원익,BUY,20926,6100,127648600,"리밸런싱 매수 (3위, 79.7점)",0,0.0000,159561,상승
2025-08-04,093520,매커스,BUY,5623,22700,127642100,"리밸런싱 매수 (4위, 79.7점)",0,0.0000,159553,상승
2025-08-04,123420,위메이드플레이,SELL,13461,9798,131890878,손절 실행 (-8.0%),-11633636,-0.0800,164864,상승
2025-08-05,123420,위메이드플레이,BUY,12527,10490,131408230,"리밸런싱 매수 (2위, 81.4점)",0,0.0000,164260,상승
2025-08-06,007700,F&F홀딩스,SELL,7026,18310,128646060,[리밸런싱] 팩터 데이터 없음,-4306148,-0.0312,160808,상승
2025-08-06,015760,한국전력,BUY,3355,38250,128328750,"리밸런싱 매수 (3위, 79.6점)",0,0.0000,160411,상승
2025-08-07,036530,SNT홀딩스,SELL,2561,53800,137781800,"[리밸런싱] 포트폴리오 조정 (47위, 72.6점)",3157073,0.0248,172227,상승
2025-08-07,016880,웅진,BUY,41276,3330,137449080,"리밸런싱 매수 (4위, 79.1점)",0,0.0000,171811,상승
2025-08-08,402340,SK스퀘어,SELL,879,139300,122444700,"[리밸런싱] 포트폴리오 조정 (27위, 73.7점)",-7624556,-0.0575,153056,상승
2025-08-08,000320,노루홀딩스,BUY,4924,24800,122115200,"리밸런싱 매수 (5위, 78.7점)",0,0.0000,152644,상승
2025-08-11,00088K,한화3우B,SELL,3634,36294,131892396,손절 실행 (-8.0%),-11633769,-0.0800,164865,상승
2025-08-12,230360,에코마케팅,BUY,9826,13390,131570140,"리밸런싱 매수 (5위, 78.2점)",0,0.0000,164463,상승
2025-08-13,136490,선진,SELL,9218,11886,109568835,손절 실행 (-8.0%),-9664686,-0.0800,136961,상승
2025-08-13,093520,매커스,SELL,5623,20884,117430732,손절 실행 (-8.0%),-10358156,-0.0800,146788,상승
2025-08-13,016880,웅진,SELL,41276,3064,126453154,손절 실행 (-8.0%),-11153993,-0.0800,158066,상승
2025-08-14,000240,한국앤컴퍼니,SELL,7026,21850,153518100,"[리밸런싱] 포트폴리오 조정 (33위, 72.5점)",-3704898,-0.0224,191898,상승
2025-08-14,086280,현대글로비스,BUY,726,174100,126396600,"리밸런싱 매수 (7위, 77.1점)",0,0.0000,157996,상승
2025-08-14,00680K,미래에셋증권2우B,BUY,15064,8400,126537600,"리밸런싱 매수 (8위, 76.9점)",0,0.0000,158172,상승
2025-08-14,093520,매커스,BUY,6113,20700,126539100,"리밸런싱 매수 (9위, 76.6점)",0,0.0000,158174,상승
2025-08-14,00088K,한화3우B,BUY,3505,36100,126530500,"리밸런싱 매수 (10위, 75.9점)",0,0.0000,158163,상승
2025-08-20,015760,한국전력,SELL,3355,35190,118062450,손절 실행 (-8.0%),-10413878,-0.0800,147578,상승
2025-08-20,00680K,미래에셋증권2우B,SELL,15064,7728,116414592,손절 실행 (-8.0%),-10268526,-0.0800,145518,상승
2025-08-20,00088K,한화3우B,SELL,3505,33212,116408060,손절 실행 (-8.0%),-10267950,-0.0800,145510,상승
2025-08-21,095610,테스,BUY,3941,29600,116653600,"리밸런싱 매수 (4위, 78.2점)",0,0.0000,145817,상승
2025-08-21,008490,서흥,BUY,3901,29900,116639900,"리밸런싱 매수 (6위, 76.6점)",0,0.0000,145800,상승
2025-08-21,015760,한국전력,BUY,3123,37350,116644050,"리밸런싱 매수 (7위, 76.6점)",0,0.0000,145805,상승
2025-08-25,004800,효성,SELL,2085,83700,174514500,"[리밸런싱] 포트폴리오 조정 (26위, 72.9점)",17295857,0.1116,218143,상승
2025-08-25,016880,웅진,BUY,40072,4340,173912480,"리밸런싱 매수 (3위, 78.3점)",0,0.0000,217391,상승
2025-08-25,000320,노루홀딩스,SELL,4924,29760,146538240,목표 익절 도달 (20.0%),24239867,0.2000,183173,상승
2025-08-26,000320,노루홀딩스,BUY,4871,30000,146130000,"리밸런싱 매수 (6위, 76.9점)",0,0.0000,182662,상승
2025-08-28,032940,원익,SELL,20926,7320,153178320,목표 익절 도달 (20.0%),25338247,0.2000,191473,상승
2025-08-29,054540,삼영엠텍,BUY,23118,6610,152809980,"리밸런싱 매수 (1위, 80.7점)",0,0.0000,191012,상승
2025-08-29,054540,삼영엠텍,SELL,23118,7932,183371976,목표 익절 도달 (20.0%),30332781,0.2000,229215,상승
2025-09-01,093520,매커스,SELL,6113,23700,144878100,"[리밸런싱] 포트폴리오 조정 (54위, 68.9점)",18157902,0.1449,181098,상승
2025-09-01,054540,삼영엠텍,BUY,18162,9020,163821240,"리밸런싱 매수 (1위, 80.3점)",0,0.0000,204777,상승
2025-09-01,092460,한라IMS,BUY,11298,14500,163821000,"리밸런싱 매수 (7위, 76.5점)",0,0.0000,204776,상승
2025-09-02,000320,노루홀딩스,SELL,4871,36000,175356000,목표 익절 도달 (20.0%),29006805,0.2000,219195,상승
2025-09-03,123420,위메이드플레이,SELL,12527,9800,122764600,[리밸런싱] 팩터 데이터 없음,-8797086,-0.0658,153456,상승
2025-09-03,009155,삼성전기우,BUY,1940,76600,148604000,"리밸런싱 매수 (5위, 76.6점)",0,0.0000,185755,상승
2025-09-03,039830,오로라,BUY,7113,20900,148661700,"리밸런싱 매수 (7위, 76.1점)",0,0.0000,185827,상승
2025-09-04,016880,웅진,SELL,40072,4820,193147040,"[리밸런싱] 포트폴리오 조정 (29위, 70.3점)",18993126,0.1106,241434,상승
2025-09-04,259630,엠플러스,BUY,16749,11500,192613500,"리밸런싱 매수 (9위, 75.3점)",0,0.0000,240767,상승
2025-09-04,054540,삼영엠텍,SELL,18162,10824,196585488,목표 익절 도달 (20.0%),32518516,0.2000,245732,상승
2025-09-05,054540,삼영엠텍,BUY,16661,11770,196099970,"리밸런싱 매수 (1위, 78.4점)",0,0.0000,245125,상승
2025-09-08,092460,한라IMS,SELL,11298,17400,196585200,목표 익절 도달 (20.0%),32518468,0.2000,245732,상승
2025-09-09,263700,케어랩스,BUY,31885,6150,196092750,"리밸런싱 매수 (4위, 77.1점)",0,0.0000,245116,상승
2025-09-10,054540,삼영엠텍,SELL,16661,14124,235319964,목표 익절 도달 (20.0%),38925844,0.2000,294150,상승
2025-09-11,092460,한라IMS,BUY,12582,18660,234780120,"리밸런싱 매수 (2위, 77.7점)",0,0.0000,293475,상승
2025-09-11,008490,서흥,SELL,3901,27508,107308708,손절 실행 (-8.0%),-9465328,-0.0800,134136,상승
2025-09-12,086280,현대글로비스,SELL,726,188100,136560600,"[리밸런싱] 포트폴리오 조정 (26위, 71.9점)",9993299,0.0804,170701,상승
2025-09-12,000320,노루홀딩스,BUY,3541,34350,121633350,"리밸런싱 매수 (5위, 77.0점)",0,0.0000,152042,상승
2025-09-12,054540,삼영엠텍,BUY,7981,15240,121630440,"리밸런싱 매수 (9위, 76.0점)",0,0.0000,152038,상승
2025-09-12,095610,테스,SELL,3941,35520,139984320,목표 익절 도달 (20.0%),23155740,0.2000,174980,상승
2025-09-12,092460,한라IMS,SELL,12582,17167,215997710,손절 실행 (-8.0%),-19052407,-0.0800,269997,상승
2025-09-15,170920,엘티씨,BUY,12174,14590,177618660,"리밸런싱 매수 (2위, 77.6점)",0,0.0000,222023,상승
2025-09-15,319660,피에스케이,BUY,6343,28000,177604000,"리밸런싱 매수 (8위, 76.4점)",0,0.0000,222005,상승
2025-09-15,039830,오로라,SELL,7113,19228,136768764,손절 실행 (-8.0%),-12063897,-0.0800,170961,상승
2025-09-15,054540,삼영엠텍,SELL,7981,14021,111900005,손절 실행 (-8.0%),-9870310,-0.0800,139875,상승
2025-09-16,000320,노루홀딩스,SELL,3541,33050,117030050,"[리밸런싱] 포트폴리오 조정 (31위, 71.7점)",-4749588,-0.0378,146288,상승
2025-09-16,019180,티에이치엔,BUY,24321,5000,121605000,"리밸런싱 매수 (1위, 81.4점)",0,0.0000,152006,상승
2025-09-16,095610,테스,BUY,2969,40950,121580550,"리밸런싱 매수 (3위, 79.6점)",0,0.0000,151976,상승
2025-09-16,092460,한라IMS,BUY,7437,16350,121594950,"리밸런싱 매수 (4위, 77.9점)",0,0.0000,151994,상승
2025-09-16,019180,티에이치엔,SELL,24321,6000,145926000,목표 익절 도달 (20.0%),24138592,0.2000,182408,상승
2025-09-17,019180,티에이치엔,BUY,25676,5660,145326160,"리밸런싱 매수 (1위, 81.7점)",0,0.0000,181658,상승
2025-09-17,259630,엠플러스,SELL,16749,13800,231136200,목표 익절 도달 (20.0%),38233780,0.2000,288920,상승
2025-09-18,054540,삼영엠텍,BUY,17149,13450,230654050,"리밸런싱 매수 (4위, 77.5점)",0,0.0000,288318,상승
2025-09-18,170920,엘티씨,SELL,12174,17508,213142392,목표 익절 도달 (20.0%),35257304,0.2000,266428,상승
2025-09-18,019180,티에이치엔,SELL,25676,6792,174391392,목표 익절 도달 (20.0%),28847243,0.2000,217989,상승
2025-09-19,019180,티에이치엔,BUY,27123,7130,193386990,"리밸런싱 매수 (1위, 80.8점)",0,0.0000,241734,상승
2025-09-19,072710,농심홀딩스,BUY,1539,125600,193298400,"리밸런싱 매수 (6위, 77.7점)",0,0.0000,241623,상승
2025-09-22,009155,삼성전기우,SELL,1940,91920,178324800,목표 익절 도달 (20.0%),29497894,0.2000,222906,상승
2025-09-22,263700,케어랩스,SELL,31885,5658,180405330,손절 실행 (-8.0%),-15912927,-0.0800,225507,상승
2025-09-22,019180,티에이치엔,SELL,27123,6560,177916031,손절 실행 (-8.0%),-15693354,-0.0800,222395,상승
2025-09-23,009155,삼성전기우,BUY,1907,93600,178495200,"리밸런싱 매수 (1위, 82.6점)",0,0.0000,223119,상승
2025-09-23,019180,티에이치엔,BUY,30004,5950,178523800,"리밸런싱 매수 (2위, 80.1점)",0,0.0000,223155,상승
2025-09-23,241770,메카로,BUY,9809,18200,178523800,"리밸런싱 매수 (7위, 77.3점)",0,0.0000,223155,상승
2025-09-23,054540,삼영엠텍,SELL,17149,12374,212201726,손절 실행 (-8.0%),-18717576,-0.0800,265252,상승
2025-09-23,072710,농심홀딩스,SELL,1539,115552,177834528,손절 실행 (-8.0%),-15686165,-0.0800,222293,상승
2025-09-24,104830,원익머트리얼즈,BUY,6124,31750,194437000,"리밸런싱 매수 (5위, 78.5점)",0,0.0000,243046,상승
2025-09-24,054540,삼영엠텍,BUY,15263,12740,194450620,"리밸런싱 매수 (6위, 77.9점)",0,0.0000,243063,상승
2025-09-24,092460,한라IMS,SELL,7437,15042,111867354,손절 실행 (-8.0%),-9867430,-0.0800,139834,상승
2025-09-25,092460,한라IMS,BUY,7325,15190,111266750,"리밸런싱 매수 (8위, 77.8점)",0,0.0000,139083,상승
2025-09-25,054540,삼영엠텍,SELL,15263,11721,178894570,손절 실행 (-8.0%),-15779668,-0.0800,223618,상승
2025-09-26,054540,삼영엠텍,BUY,14890,11990,178531100,"리밸런싱 매수 (5위, 77.9점)",0,0.0000,223164,상승
2025-09-26,009155,삼성전기우,SELL,1907,86112,164215584,손절 실행 (-8.0%),-14484885,-0.0800,205269,상승
2025-09-29,009155,삼성전기우,BUY,1917,85400,163711800,"리밸런싱 매수 (4위, 79.2점)",0,0.0000,204640,상승
2025-09-30,230360,에코마케팅,SELL,9826,12810,125871060,"[리밸런싱] 포트폴리오 조정 (83위, 74.8점)",-5856419,-0.0433,157339,상승
2025-09-30,015760,한국전력,SELL,3123,36050,112584150,"[리밸런싱] 포트폴리오 조정 (84위, 74.8점)",-4200630,-0.0348,140730,상승
2025-09-30,402340,SK스퀘어,BUY,606,196200,118897200,"리밸런싱 매수 (2위, 82.5점)",0,0.0000,148622,상승
2025-09-30,114810,한솔아이원스,BUY,9023,13190,119013370,"리밸런싱 매수 (6위, 80.3점)",0,0.0000,148767,상승
2025-09-30,319660,피에스케이,SELL,6343,33600,213124800,목표 익절 도달 (20.0%),35254394,0.2000,266406,상승
2025-10-01,108380,대양전기공업,BUY,7221,29450,212658450,"리밸런싱 매수 (7위, 80.2점)",0,0.0000,265823,상승
2025-10-02,054540,삼영엠텍,SELL,14890,11410,169894900,"[리밸런싱] 포트폴리오 조정 (82위, 74.8점)",-8848569,-0.0484,212369,상승
2025-10-02,445180,퓨릿,BUY,21048,8050,169436400,"리밸런싱 매수 (6위, 80.6점)",0,0.0000,211796,상승
2025-10-02,402340,SK스퀘어,SELL,606,235440,142676640,목표 익절 도달 (20.0%),23601094,0.2000,178346,상승
2025-10-02,445180,퓨릿,SELL,21048,9660,203323680,목표 익절 도달 (20.0%),33633125,0.2000,254155,상승
2025-10-10,019180,티에이치엔,SELL,30004,5440,163221760,[리밸런싱] 팩터 데이터 없음,-15506067,-0.0857,204027,상승
2025-10-10,005935,삼성전자우,BUY,2283,74200,169398600,"리밸런싱 매수 (2위, 82.5점)",0,0.0000,211748,상승
2025-10-10,402340,SK스퀘어,BUY,691,245000,169295000,"리밸런싱 매수 (3위, 81.7점)",0,0.0000,211619,상승
2025-10-10,445180,퓨릿,BUY,17781,9530,169452930,"리밸런싱 매수 (5위, 81.2점)",0,0.0000,211816,상승
2025-10-10,241770,메카로,SELL,9809,21840,214228560,목표 익절 도달 (20.0%),35436974,0.2000,267786,상승
2025-10-10,108380,대양전기공업,SELL,7221,27094,195645774,손절 실행 (-8.0%),-17257233,-0.0800,244557,상승
2025-10-13,241770,메카로,BUY,10594,19300,204464200,"리밸런싱 매수 (3위, 81.6점)",0,0.0000,255580,상승
2025-10-13,019180,티에이치엔,BUY,38581,5300,204479300,"리밸런싱 매수 (6위, 80.7점)",0,0.0000,255599,상승
2025-10-13,445180,퓨릿,SELL,17781,8768,155896696,손절 실행 (-8.0%),-13751105,-0.0800,194871,상승
2025-10-14,160980,싸이맥스,BUY,8617,18010,155192170,"리밸런싱 매수 (5위, 80.7점)",0,0.0000,193990,상승
2025-10-16,241770,메카로,SELL,10594,23160,245357040,목표 익절 도달 (20.0%),40586144,0.2000,306696,상승
2025-10-16,019180,티에이치엔,SELL,38581,6360,245375160,목표 익절 도달 (20.0%),40589141,0.2000,306719,상승
2025-10-17,241770,메카로,BUY,9857,24850,244946450,"리밸런싱 매수 (3위, 81.9점)",0,0.0000,306183,상승
2025-10-17,019180,티에이치엔,BUY,40027,6120,244965240,"리밸런싱 매수 (4위, 80.6점)",0,0.0000,306207,상승
2025-10-20,095610,테스,SELL,2969,49140,145896660,목표 익절 도달 (20.0%),24133739,0.2000,182371,상승
2025-10-20,241770,메카로,SELL,9857,22862,225350734,손절 실행 (-8.0%),-19877404,-0.0800,281688,상승
2025-10-21,241770,메카로,BUY,16095,23000,370185000,"리밸런싱 매수 (3위, 81.9점)",0,0.0000,462731,상승
2025-10-23,092460,한라IMS,SELL,7325,18228,133520100,목표 익절 도달 (20.0%),22086450,0.2000,166900,상승
2025-10-24,033530,SJG세종,BUY,7603,8740,66450220,"리밸런싱 매수 (6위, 80.3점)",0,0.0000,83063,상승
2025-10-24,02826K,삼성물산우B,BUY,497,133500,66349500,"리밸런싱 매수 (9위, 79.5점)",0,0.0000,82937,상승
2025-10-27,402340,SK스퀘어,SELL,691,294000,203154000,목표 익절 도달 (20.0%),33605058,0.2000,253942,상승
2025-10-28,402340,SK스퀘어,BUY,729,278000,202662000,"리밸런싱 매수 (2위, 80.9점)",0,0.0000,253328,상승
2025-10-28,033530,SJG세종,SELL,7603,8041,61134202,손절 실행 (-8.0%),-5392435,-0.0800,76418,상승
2025-10-29,033530,SJG세종,BUY,7556,8070,60976920,"리밸런싱 매수 (5위, 80.4점)",0,0.0000,76221,상승
2025-10-29,009155,삼성전기우,SELL,1917,102480,196454160,목표 익절 도달 (20.0%),32496792,0.2000,245568,상승
2025-10-29,241770,메카로,SELL,16095,27600,444222000,목표 익절 도달 (20.0%),73481722,0.2000,555278,상승
2025-10-30,009155,삼성전기우,BUY,3127,102300,319892100,"리밸런싱 매수 (1위, 84.5점)",0,0.0000,399865,상승
2025-10-30,092460,한라IMS,BUY,17423,18360,319886280,"리밸런싱 매수 (8위, 79.6점)",0,0.0000,399858,상승
2025-10-31,402340,SK스퀘어,SELL,729,255760,186449040,손절 실행 (-8.0%),-16446021,-0.0800,233061,상승
2025-10-31,092460,한라IMS,SELL,17423,16891,294295378,손절 실행 (-8.0%),-25958772,-0.0800,367869,상승
2025-11-03,402340,SK스퀘어,BUY,923,259500,239518500,"리밸런싱 매수 (4위, 81.9점)",0,0.0000,299398,상승
2025-11-03,083450,GST,BUY,9183,26100,239676300,"리밸런싱 매수 (7위, 80.5점)",0,0.0000,299595,상승
2025-11-03,019180,티에이치엔,SELL,40027,5630,225368021,손절 실행 (-8.0%),-19878929,-0.0800,281710,상승
2025-11-04,241770,메카로,BUY,8351,26900,224641900,"리밸런싱 매수 (9위, 79.7점)",0,0.0000,280802,상승
2025-11-05,114810,한솔아이원스,SELL,9023,15828,142816044,목표 익절 도달 (20.0%),23624154,0.2000,178520,상승
2025-11-05,241770,메카로,SELL,8351,24748,206670548,손절 실행 (-8.0%),-18229690,-0.0800,258338,상승
2025-11-06,009970,영원무역홀딩스,BUY,1239,140700,174327300,"리밸런싱 매수 (7위, 80.0점)",0,0.0000,217909,상승
2025-11-06,019180,티에이치엔,BUY,30541,5710,174389110,"리밸런싱 매수 (8위, 79.9점)",0,0.0000,217986,상승
2025-11-06,033530,SJG세종,SELL,7556,9684,73172304,목표 익절 도달 (20.0%),12103919,0.2000,91465,상승
2025-11-07,033530,SJG세종,BUY,8034,9050,72707700,"리밸런싱 매수 (2위, 81.4점)",0,0.0000,90885,상승
2025-11-07,009970,영원무역홀딩스,SELL,1239,168840,209192760,목표 익절 도달 (20.0%),34603969,0.2000,261491,상승
2025-11-10,000240,한국앤컴퍼니,BUY,8421,24800,208840800,"리밸런싱 매수 (5위, 80.2점)",0,0.0000,261051,상승
2025-11-11,402340,SK스퀘어,SELL,923,311400,287422200,목표 익절 도달 (20.0%),47544422,0.2000,359278,상승
2025-11-11,033530,SJG세종,SELL,8034,8326,66891084,손절 실행 (-8.0%),-5900230,-0.0800,83614,상승
2025-11-12,033530,SJG세종,BUY,21048,8400,176803200,"리밸런싱 매수 (3위, 81.0점)",0,0.0000,221004,상승
2025-11-12,402340,SK스퀘어,BUY,561,315000,176715000,"리밸런싱 매수 (5위, 80.2점)",0,0.0000,220894,상승
2025-11-14,402340,SK스퀘어,SELL,561,289800,162577800,손절 실행 (-8.0%),-14340422,-0.0800,203222,상승
2025-11-17,009970,영원무역홀딩스,BUY,1013,159900,161978700,"리밸런싱 매수 (2위, 81.9점)",0,0.0000,202473,상승
2025-11-17,019180,티에이치엔,SELL,30541,6852,209266932,목표 익절 도달 (20.0%),34616238,0.2000,261584,상승
2025-11-18,111770,영원무역,BUY,2748,76000,208848000,"리밸런싱 매수 (3위, 81.5점)",0,0.0000,261060,상승
2025-11-18,160980,싸이맥스,SELL,8617,16569,142776796,손절 실행 (-8.0%),-12593845,-0.0800,178471,상승
2025-11-19,005935,삼성전자우,SELL,2283,73000,166659000,"[리밸런싱] 포트폴리오 조정 (65위, 74.9점)",-2947924,-0.0162,208324,상승
2025-11-19,005710,대원산업,BUY,12855,12010,154388550,"리밸런싱 매수 (2위, 83.0점)",0,0.0000,192986,상승
2025-11-19,000990,DB하이텍,BUY,2297,67200,154358400,"리밸런싱 매수 (6위, 80.2점)",0,0.0000,192948,상승
2025-11-19,009155,삼성전기우,SELL,3127,94116,294300732,손절 실행 (-8.0%),-25959244,-0.0800,367876,상승
2025-11-19,005710,대원산업,SELL,12855,14412,185266260,목표 익절 도달 (20.0%),30646127,0.2000,231583,상승
2025-11-20,005710,대원산업,BUY,18034,13270,239311180,"리밸런싱 매수 (1위, 83.5점)",0,0.0000,299139,상승
2025-11-20,009155,삼성전기우,BUY,2327,102800,239215600,"리밸런싱 매수 (2위, 83.0점)",0,0.0000,299020,상승
2025-11-21,000990,DB하이텍,SELL,2297,61824,142009728,손절 실행 (-8.0%),-12526184,-0.0800,177512,상승
2025-11-24,161390,한국타이어앤테크놀로지,BUY,2407,58700,141290900,"리밸런싱 매수 (6위, 79.7점)",0,0.0000,176614,상승
2025-11-24,104830,원익머트리얼즈,SELL,6124,29210,178882040,손절 실행 (-8.0%),-15778563,-0.0800,223603,상승
2025-11-24,111770,영원무역,SELL,2748,91200,250617600,목표 익절 도달 (20.0%),41456328,0.2000,313272,상승
2025-11-25,111770,영원무역,BUY,2382,90000,214380000,"리밸런싱 매수 (3위, 82.4점)",0,0.0000,267975,상승
2025-11-25,402340,SK스퀘어,BUY,730,293500,214255000,"리밸런싱 매수 (5위, 79.8점)",0,0.0000,267819,상승
2025-11-26,009155,삼성전기우,SELL,2327,123360,287058720,목표 익절 도달 (20.0%),47484297,0.2000,358823,상승
2025-11-27,009155,삼성전기우,BUY,2356,121500,286254000,"리밸런싱 매수 (1위, 85.3점)",0,0.0000,357818,상승
2025-11-27,000240,한국앤컴퍼니,SELL,8421,29760,250608960,목표 익절 도달 (20.0%),41454899,0.2000,313261,상승
2025-11-28,000240,한국앤컴퍼니,BUY,8404,29750,250019000,"리밸런싱 매수 (4위, 81.0점)",0,0.0000,312524,상승
2025-11-28,009155,삼성전기우,SELL,2356,111780,263353680,손절 실행 (-8.0%),-23229512,-0.0800,329192,상승
2025-12-01,009155,삼성전기우,BUY,2272,115600,262643200,"리밸런싱 매수 (1위, 84.7점)",0,0.0000,328304,상승
2025-12-04,033530,SJG세종,SELL,21048,10080,212163840,목표 익절 도달 (20.0%),35095435,0.2000,265205,상승
2025-12-05,019180,티에이치엔,BUY,28109,7530,211660770,"리밸런싱 매수 (5위, 81.0점)",0,0.0000,264576,상승
2025-12-08,02826K,삼성물산우B,SELL,497,160200,79619400,목표 익절 도달 (20.0%),13170376,0.2000,99524,상승
2025-12-08,009970,영원무역홀딩스,SELL,1013,191880,194374440,목표 익절 도달 (20.0%),32152772,0.2000,242968,상승
2025-12-08,000240,한국앤컴퍼니,SELL,8404,27370,230017480,손절 실행 (-8.0%),-20289042,-0.0800,287522,상승
2025-12-09,009970,영원무역홀딩스,BUY,868,193000,167524000,"리밸런싱 매수 (4위, 81.9점)",0,0.0000,209405,상승
2025-12-09,445180,퓨릿,BUY,18675,8980,167701500,"리밸런싱 매수 (5위, 80.4점)",0,0.0000,209627,상승
2025-12-09,083500,에프엔에스테크,BUY,10213,16420,167697460,"리밸런싱 매수 (6위, 80.2점)",0,0.0000,209622,상승
2025-12-09,019180,티에이치엔,SELL,28109,6928,194727908,손절 실행 (-8.0%),-17176271,-0.0800,243410,상승
2025-12-10,033530,SJG세종,BUY,20277,9570,194050890,"리밸런싱 매수 (6위, 79.6점)",0,0.0000,242564,상승
2025-12-11,083500,에프엔에스테크,SELL,10213,15106,154281663,손절 실행 (-8.0%),-13608649,-0.0800,192852,상승
2025-12-12,019180,티에이치엔,BUY,21547,7140,153845580,"리밸런싱 매수 (6위, 80.2점)",0,0.0000,192307,상승
2025-12-15,083450,GST,SELL,9183,24450,224524350,"[리밸런싱] 포트폴리오 조정 (71위, 74.0점)",-15432605,-0.0632,280655,상승
2025-12-15,445180,퓨릿,SELL,18675,8740,163219500,[리밸런싱] 팩터 데이터 없음,-4686024,-0.0267,204024,상승
2025-12-15,082920,비츠로셀,BUY,11097,17440,193531680,"리밸런싱 매수 (7위, 80.0점)",0,0.0000,241915,상승
2025-12-15,223250,드림씨아이에스,BUY,32581,5940,193531140,"리밸런싱 매수 (10위, 79.0점)",0,0.0000,241914,상승
2025-12-15,005710,대원산업,SELL,18034,15924,287173416,목표 익절 도달 (20.0%),47503269,0.2000,358967,상승
2025-12-16,005710,대원산업,BUY,18690,15320,286330800,"리밸런싱 매수 (2위, 83.7점)",0,0.0000,357914,상승
2025-12-17,223250,드림씨아이에스,SELL,32581,5465,178048649,손절 실행 (-8.0%),-15705052,-0.0800,222561,상승
2025-12-18,005710,대원산업,SELL,18690,14420,269509800,[리밸런싱] 팩터 데이터 없음,-17157887,-0.0587,336887,상승
2025-12-18,067830,세이브존I&C,BUY,73462,3040,223324480,"리밸런싱 매수 (2위, 81.3점)",0,0.0000,279156,상승
2025-12-18,000050,경방,BUY,22332,10000,223320000,"리밸런싱 매수 (6위, 79.6점)",0,0.0000,279150,상승
2025-12-18,033530,SJG세종,SELL,20277,8804,178526819,손절 실행 (-8.0%),-15747230,-0.0800,223159,상승
2025-12-18,082920,비츠로셀,SELL,11097,20928,232238016,목표 익절 도달 (20.0%),38416038,0.2000,290298,상승
2025-12-18,067830,세이브존I&C,SELL,73462,3648,267989376,목표 익절 도달 (20.0%),44329909,0.2000,334987,상승
2025-12-19,082920,비츠로셀,BUY,10933,20650,225766450,"리밸런싱 매수 (2위, 81.8점)",0,0.0000,282208,상승
2025-12-19,123410,코리아에프티,BUY,26594,8490,225783060,"리밸런싱 매수 (4위, 79.9점)",0,0.0000,282229,상승
2025-12-19,067830,세이브존I&C,BUY,55611,4060,225780660,"리밸런싱 매수 (5위, 79.8점)",0,0.0000,282226,상승
2025-12-22,000050,경방,SELL,22332,9200,205454400,손절 실행 (-8.0%),-18122418,-0.0800,256818,상승
2025-12-22,082920,비츠로셀,SELL,10933,18998,207705134,손절 실행 (-8.0%),-18320947,-0.0800,259631,상승
2025-12-22,067830,세이브존I&C,SELL,55611,3735,207718207,손절 실행 (-8.0%),-18322101,-0.0800,259648,상승
2025-12-23,212560,네오오토,BUY,22860,9030,206425800,"리밸런싱 매수 (2위, 82.0점)",0,0.0000,258032,상승
2025-12-23,082920,비츠로셀,BUY,10858,19010,206410580,"리밸런싱 매수 (4위, 80.6점)",0,0.0000,258013,상승
2025-12-23,033530,SJG세종,BUY,20178,10230,206420940,"리밸런싱 매수 (6위, 80.2점)",0,0.0000,258026,상승
2025-12-24,212560,네오오토,SELL,22860,8290,189509400,[리밸런싱] 팩터 데이터 없음,-17153287,-0.0819,236887,상승
2025-12-24,006805,미래에셋증권우,BUY,11826,15940,188506440,"리밸런싱 매수 (4위, 79.2점)",0,0.0000,235633,상승
2025-12-26,033530,SJG세종,SELL,20178,12276,247705128,목표 익절 도달 (20.0%),40974557,0.2000,309631,상승
2025-12-26,006805,미래에셋증권우,SELL,11826,14665,173425925,손절 실행 (-8.0%),-15297298,-0.0800,216782,상승
2025-12-29,003310,대주산업,BUY,73365,2865,210190725,"리밸런싱 매수 (2위, 81.2점)",0,0.0000,262738,상승
2025-12-29,212560,네오오토,BUY,24497,8580,210184260,"리밸런싱 매수 (3위, 81.0점)",0,0.0000,262730,상승
2025-12-29,111770,영원무역,SELL,2382,82800,197229600,손절 실행 (-8.0%),-17396937,-0.0800,246537,상승
2025-12-30,032940,원익,BUY,23670,8300,196461000,"리밸런싱 매수 (5위, 80.2점)",0,0.0000,245576,상승
2025-12-30,402340,SK스퀘어,SELL,730,352200,257106000,목표 익절 도달 (20.0%),42529618,0.2000,321382,상승
2025-12-30,082920,비츠로셀,SELL,10858,17489,189897734,손절 실행 (-8.0%),-16750219,-0.0800,237372,상승
2025-12-30,003310,대주산업,SELL,73365,3438,252228870,목표 익절 도달 (20.0%),41722859,0.2000,315286,상승
2025-12-30,032940,원익,SELL,23670,9960,235753200,목표 익절 도달 (20.0%),38997508,0.2000,294692,상승
2026-01-02,005935,삼성전자우,BUY,2616,89200,233347200,"리밸런싱 매수 (1위, 85.2점)",0,0.0000,291684,상승
2026-01-02,003310,대주산업,BUY,66305,3520,233393600,"리밸런싱 매수 (4위, 81.0점)",0,0.0000,291742,상승
2026-01-02,006805,미래에셋증권우,BUY,16611,14050,233384550,"리밸런싱 매수 (5위, 80.1점)",0,0.0000,291731,상승
2026-01-02,033530,SJG세종,BUY,23062,10120,233387440,"리밸런싱 매수 (7위, 79.3점)",0,0.0000,291734,상승
2026-01-02,212560,네오오토,SELL,24497,10296,252221112,목표 익절 도달 (20.0%),41721576,0.2000,315276,상승
2026-01-05,212560,네오오토,BUY,21808,11500,250792000,"리밸런싱 매수 (4위, 80.6점)",0,0.0000,313490,상승
2026-01-05,003310,대주산업,SELL,66305,3238,214722112,손절 실행 (-8.0%),-18939891,-0.0800,268403,상승
2026-01-06,003310,대주산업,BUY,67448,3175,214147400,"리밸런싱 매수 (3위, 81.5점)",0,0.0000,267684,상승
2026-01-06,019180,티에이치엔,SELL,21547,8568,184614696,목표 익절 도달 (20.0%),30538348,0.2000,230768,상승
2026-01-07,032940,원익,BUY,13380,13760,184108800,"리밸런싱 매수 (4위, 80.7점)",0,0.0000,230136,상승
2026-01-08,033530,SJG세종,SELL,23062,9310,214716445,손절 실행 (-8.0%),-18939391,-0.0800,268396,상승
2026-01-08,212560,네오오토,SELL,21808,10580,230728640,손절 실행 (-8.0%),-20351771,-0.0800,288411,상승
2026-01-08,032940,원익,SELL,13380,12659,169380096,손절 실행 (-8.0%),-14940429,-0.0800,211725,상승
2026-01-09,212560,네오오토,BUY,19505,10490,204607450,"리밸런싱 매수 (4위, 82.2점)",0,0.0000,255759,상승
2026-01-09,032940,원익,BUY,16395,12480,204609600,"리밸런싱 매수 (5위, 80.3점)",0,0.0000,255762,상승
2026-01-09,082920,비츠로셀,BUY,10386,19700,204604200,"리밸런싱 매수 (6위, 80.1점)",0,0.0000,255755,상승
2026-01-09,003310,대주산업,SELL,67448,2921,197015608,손절 실행 (-8.0%),-17378062,-0.0800,246270,상승
2026-01-12,003310,대주산업,BUY,65338,3000,196014000,"리밸런싱 매수 (4위, 82.0점)",0,0.0000,245018,상승
2026-01-16,005935,삼성전자우,SELL,2616,107040,280016640,목표 익절 도달 (20.0%),46319419,0.2000,350021,상승
2026-01-16,006805,미래에셋증권우,SELL,16611,16860,280061460,목표 익절 도달 (20.0%),46326833,0.2000,350077,상승
2026-01-16,003310,대주산업,SELL,65338,3600,235216800,목표 익절 도달 (20.0%),38908779,0.2000,294021,상승
2026-01-19,005935,삼성전자우,BUY,2430,108900,264627000,"리밸런싱 매수 (1위, 85.3점)",0,0.0000,330784,상승
2026-01-19,005389,현대차3우B,BUY,969,273000,264537000,"리밸런싱 매수 (3위, 82.3점)",0,0.0000,330671,상승
2026-01-19,005385,현대차우,BUY,966,274000,264684000,"리밸런싱 매수 (4위, 82.3점)",0,0.0000,330855,상승
2026-01-19,212560,네오오토,SELL,19505,12588,245528940,목표 익절 도달 (20.0%),40614579,0.2000,306911,상승
2026-01-20,005387,현대차2우B,BUY,808,302500,244420000,"리밸런싱 매수 (5위, 82.2점)",0,0.0000,305525,상승
2026-01-22,161390,한국타이어앤테크놀로지,SELL,2407,70440,169549080,목표 익절 도달 (20.0%),28046244,0.2000,211936,상승
2026-01-23,02826K,삼성물산우B,BUY,887,190400,168884800,"리밸런싱 매수 (2위, 83.2점)",0,0.0000,211106,상승
2026-01-23,032940,원익,SELL,16395,14976,245531520,목표 익절 도달 (20.0%),40615006,0.2000,306914,상승
2026-01-26,005850,에스엘,BUY,4441,55200,245143200,"리밸런싱 매수 (6위, 81.7점)",0,0.0000,306429,상승
2026-01-26,005387,현대차2우B,SELL,808,278300,224866400,손절 실행 (-8.0%),-19834683,-0.0800,281083,상승
2026-01-27,012330,현대모비스,BUY,508,441500,224282000,"리밸런싱 매수 (5위, 81.3점)",0,0.0000,280352,상승
2026-01-27,123410,코리아에프티,SELL,26594,7811,207720415,손절 실행 (-8.0%),-18322295,-0.0800,259651,상승
2026-01-27,005389,현대차3우B,SELL,969,251160,243374040,손절 실행 (-8.0%),-21467178,-0.0800,304218,상승
2026-01-28,045100,한양이엔지,BUY,8307,27100,225119700,"리밸런싱 매수 (4위, 81.4점)",0,0.0000,281400,상승
2026-01-28,079960,동양이엔피,BUY,7619,29550,225141450,"리밸런싱 매수 (5위, 81.3점)",0,0.0000,281427,상승
2026-01-29,045100,한양이엔지,SELL,8307,32520,270143640,목표 익절 도달 (20.0%),44686260,0.2000,337680,상승
2026-01-30,111770,영원무역,BUY,3201,84100,269204100,"리밸런싱 매수 (4위, 81.9점)",0,0.0000,336505,상승
2026-02-02,005385,현대차우,SELL,966,252080,243509280,손절 실행 (-8.0%),-21479107,-0.0800,304387,상승
2026-02-03,021080,에이티넘인베스트,BUY,75679,3210,242929590,"리밸런싱 매수 (6위, 81.5점)",0,0.0000,303662,상승
2026-02-06,02826K,삼성물산우B,SELL,887,175168,155374016,손절 실행 (-8.0%),-13705002,-0.0800,194218,상승
2026-02-06,005850,에스엘,SELL,4441,50784,225531744,손절 실행 (-8.0%),-19893371,-0.0800,281915,상승
2026-02-06,012330,현대모비스,SELL,508,406180,206339440,손절 실행 (-8.0%),-18200484,-0.0800,257924,상승
2026-02-09,02826K,삼성물산우B,BUY,1073,182000,195286000,"리밸런싱 매수 (3위, 82.1점)",0,0.0000,244108,상승
2026-02-09,264450,유비쿼스,BUY,15434,12660,195394440,"리밸런싱 매수 (4위, 81.9점)",0,0.0000,244243,상승
2026-02-09,090435,아모레퍼시픽우,BUY,3786,51600,195357600,"리밸런싱 매수 (5위, 81.8점)",0,0.0000,244197,상승
2026-02-11,009970,영원무역홀딩스,SELL,868,231600,201028800,목표 익절 도달 (20.0%),33253514,0.2000,251286,상승
2026-02-12,138490,코오롱ENP,BUY,16910,11840,200214400,"리밸런싱 매수 (5위, 82.2점)",0,0.0000,250268,상승
2026-02-19,009155,삼성전기우,SELL,2272,138720,315171840,목표 익절 도달 (20.0%),52134675,0.2000,393965,상승
2026-02-19,005935,삼성전자우,SELL,2430,130680,317552400,목표 익절 도달 (20.0%),52528460,0.2000,396940,상승
2026-02-20,005935,삼성전자우,BUY,2362,133700,315799400,"리밸런싱 매수 (1위, 86.3점)",0,0.0000,394749,상승
2026-02-20,009155,삼성전기우,BUY,2122,148800,315753600,"리밸런싱 매수 (2위, 84.7점)",0,0.0000,394692,상승
2026-02-23,021080,에이티넘인베스트,SELL,75679,3852,291515508,목표 익절 도달 (20.0%),48221524,0.2000,364394,상승
2026-02-23,009155,삼성전기우,SELL,2122,178560,378904320,목표 익절 도달 (20.0%),62677090,0.2000,473630,상승
2026-02-24,009155,삼성전기우,BUY,1905,175500,334327500,"리밸런싱 매수 (2위, 85.5점)",0,0.0000,417909,상승
2026-02-24,021080,에이티넘인베스트,BUY,90395,3700,334461500,"리밸런싱 매수 (6위, 82.1점)",0,0.0000,418077,상승
2026-02-25,02826K,삼성물산우B,SELL,1073,218400,234343200,목표 익절 도달 (20.0%),38764271,0.2000,292929,상승
2026-02-25,021080,에이티넘인베스트,SELL,90395,3404,307704580,손절 실행 (-8.0%),-27141551,-0.0800,384631,상승
2026-02-26,02826K,삼성물산우B,BUY,1223,221000,270283000,"리밸런싱 매수 (4위, 83.3점)",0,0.0000,337854,
2026-02-26,005389,현대차3우B,BUY,933,289500,270103500,"리밸런싱 매수 (7위, 81.4점)",0,0.0000,337629,
2026-02-26,082920,비츠로셀,SELL,10386,22650,235242900,백테스트 종료,30344646,0.1497,294054,
2026-02-26,079960,동양이엔피,SELL,7619,33750,257141250,백테스트 종료,31678373,0.1421,321427,
2026-02-26,111770,영원무역,SELL,3201,93000,297693000,백테스트 종료,28116784,0.1058,372116,
2026-02-26,264450,유비쿼스,SELL,15434,12430,191844620,백테스트 종료,-3789626,-0.0182,239806,
2026-02-26,090435,아모레퍼시픽우,SELL,3786,52600,199143600,백테스트 종료,3537070,0.0194,248930,
2026-02-26,138490,코오롱ENP,SELL,16910,12580,212727800,백테스트 종료,12247490,0.0625,265910,
2026-02-26,005935,삼성전자우,SELL,2362,148700,351229400,백테스트 종료,34990963,0.1122,439037,
2026-02-26,009155,삼성전기우,SELL,1905,191200,364236000,백테스트 종료,29453205,0.0895,455295,
2026-02-26,02826K,삼성물산우B,SELL,1223,216000,264168000,백테스트 종료,-6445210,-0.0226,330210,
2026-02-26,005389,현대차3우B,SELL,933,298000,278034000,백테스트 종료,7582958,0.0294,347542,
